position_1based,reference,from,to,status,impact_delta_per_copy,chosen_runs,from_annotation,to_annotation
179393111,A,A,C,REF_outside_scope,,0,,"missense|TTN|ENST00000342992|protein_coding|-|33188V>33188G|179393111A>C,missense|TTN|ENST00000460472|protein_coding|-|26691V>26691G|179393111A>C,missense|TTN|ENST00000589042|protein_coding|-|35756V>35756G|179393111A>C,missense|TTN|ENST00000591111|protein_coding|-|34115V>34115G|179393111A>C,missense|TTN|ENST00000342175|protein_coding|-|26883V>26883G|179393111A>C,missense|TTN|ENST00000359218|protein_coding|-|26816V>26816G|179393111A>C"
179393111,A,A,G,REF_outside_scope,,0,,"missense|TTN|ENST00000342992|protein_coding|-|33188V>33188A|179393111A>G,missense|TTN|ENST00000460472|protein_coding|-|26691V>26691A|179393111A>G,missense|TTN|ENST00000589042|protein_coding|-|35756V>35756A|179393111A>G,missense|TTN|ENST00000591111|protein_coding|-|34115V>34115A|179393111A>G,missense|TTN|ENST00000342175|protein_coding|-|26883V>26883A|179393111A>G,missense|TTN|ENST00000359218|protein_coding|-|26816V>26816A|179393111A>G"
179393111,A,A,T,REF_outside_scope,,0,,"missense|TTN|ENST00000342992|protein_coding|-|33188V>33188E|179393111A>T,missense|TTN|ENST00000460472|protein_coding|-|26691V>26691E|179393111A>T,missense|TTN|ENST00000589042|protein_coding|-|35756V>35756E|179393111A>T,missense|TTN|ENST00000591111|protein_coding|-|34115V>34115E|179393111A>T,missense|TTN|ENST00000342175|protein_coding|-|26883V>26883E|179393111A>T,missense|TTN|ENST00000359218|protein_coding|-|26816V>26816E|179393111A>T"
179393111,A,C,A,REF_outside_scope,,0,"missense|TTN|ENST00000342992|protein_coding|-|33188V>33188G|179393111A>C,missense|TTN|ENST00000460472|protein_coding|-|26691V>26691G|179393111A>C,missense|TTN|ENST00000589042|protein_coding|-|35756V>35756G|179393111A>C,missense|TTN|ENST00000591111|protein_coding|-|34115V>34115G|179393111A>C,missense|TTN|ENST00000342175|protein_coding|-|26883V>26883G|179393111A>C,missense|TTN|ENST00000359218|protein_coding|-|26816V>26816G|179393111A>C",
179393111,A,C,G,scored,0.0,0,"missense|TTN|ENST00000342992|protein_coding|-|33188V>33188G|179393111A>C,missense|TTN|ENST00000460472|protein_coding|-|26691V>26691G|179393111A>C,missense|TTN|ENST00000589042|protein_coding|-|35756V>35756G|179393111A>C,missense|TTN|ENST00000591111|protein_coding|-|34115V>34115G|179393111A>C,missense|TTN|ENST00000342175|protein_coding|-|26883V>26883G|179393111A>C,missense|TTN|ENST00000359218|protein_coding|-|26816V>26816G|179393111A>C","missense|TTN|ENST00000342992|protein_coding|-|33188V>33188A|179393111A>G,missense|TTN|ENST00000460472|protein_coding|-|26691V>26691A|179393111A>G,missense|TTN|ENST00000589042|protein_coding|-|35756V>35756A|179393111A>G,missense|TTN|ENST00000591111|protein_coding|-|34115V>34115A|179393111A>G,missense|TTN|ENST00000342175|protein_coding|-|26883V>26883A|179393111A>G,missense|TTN|ENST00000359218|protein_coding|-|26816V>26816A|179393111A>G"
179393111,A,C,T,scored,0.0,0,"missense|TTN|ENST00000342992|protein_coding|-|33188V>33188G|179393111A>C,missense|TTN|ENST00000460472|protein_coding|-|26691V>26691G|179393111A>C,missense|TTN|ENST00000589042|protein_coding|-|35756V>35756G|179393111A>C,missense|TTN|ENST00000591111|protein_coding|-|34115V>34115G|179393111A>C,missense|TTN|ENST00000342175|protein_coding|-|26883V>26883G|179393111A>C,missense|TTN|ENST00000359218|protein_coding|-|26816V>26816G|179393111A>C","missense|TTN|ENST00000342992|protein_coding|-|33188V>33188E|179393111A>T,missense|TTN|ENST00000460472|protein_coding|-|26691V>26691E|179393111A>T,missense|TTN|ENST00000589042|protein_coding|-|35756V>35756E|179393111A>T,missense|TTN|ENST00000591111|protein_coding|-|34115V>34115E|179393111A>T,missense|TTN|ENST00000342175|protein_coding|-|26883V>26883E|179393111A>T,missense|TTN|ENST00000359218|protein_coding|-|26816V>26816E|179393111A>T"
179393111,A,G,A,REF_outside_scope,,0,"missense|TTN|ENST00000342992|protein_coding|-|33188V>33188A|179393111A>G,missense|TTN|ENST00000460472|protein_coding|-|26691V>26691A|179393111A>G,missense|TTN|ENST00000589042|protein_coding|-|35756V>35756A|179393111A>G,missense|TTN|ENST00000591111|protein_coding|-|34115V>34115A|179393111A>G,missense|TTN|ENST00000342175|protein_coding|-|26883V>26883A|179393111A>G,missense|TTN|ENST00000359218|protein_coding|-|26816V>26816A|179393111A>G",
179393111,A,G,C,scored,0.0,0,"missense|TTN|ENST00000342992|protein_coding|-|33188V>33188A|179393111A>G,missense|TTN|ENST00000460472|protein_coding|-|26691V>26691A|179393111A>G,missense|TTN|ENST00000589042|protein_coding|-|35756V>35756A|179393111A>G,missense|TTN|ENST00000591111|protein_coding|-|34115V>34115A|179393111A>G,missense|TTN|ENST00000342175|protein_coding|-|26883V>26883A|179393111A>G,missense|TTN|ENST00000359218|protein_coding|-|26816V>26816A|179393111A>G","missense|TTN|ENST00000342992|protein_coding|-|33188V>33188G|179393111A>C,missense|TTN|ENST00000460472|protein_coding|-|26691V>26691G|179393111A>C,missense|TTN|ENST00000589042|protein_coding|-|35756V>35756G|179393111A>C,missense|TTN|ENST00000591111|protein_coding|-|34115V>34115G|179393111A>C,missense|TTN|ENST00000342175|protein_coding|-|26883V>26883G|179393111A>C,missense|TTN|ENST00000359218|protein_coding|-|26816V>26816G|179393111A>C"
179393111,A,G,T,scored,0.0,0,"missense|TTN|ENST00000342992|protein_coding|-|33188V>33188A|179393111A>G,missense|TTN|ENST00000460472|protein_coding|-|26691V>26691A|179393111A>G,missense|TTN|ENST00000589042|protein_coding|-|35756V>35756A|179393111A>G,missense|TTN|ENST00000591111|protein_coding|-|34115V>34115A|179393111A>G,missense|TTN|ENST00000342175|protein_coding|-|26883V>26883A|179393111A>G,missense|TTN|ENST00000359218|protein_coding|-|26816V>26816A|179393111A>G","missense|TTN|ENST00000342992|protein_coding|-|33188V>33188E|179393111A>T,missense|TTN|ENST00000460472|protein_coding|-|26691V>26691E|179393111A>T,missense|TTN|ENST00000589042|protein_coding|-|35756V>35756E|179393111A>T,missense|TTN|ENST00000591111|protein_coding|-|34115V>34115E|179393111A>T,missense|TTN|ENST00000342175|protein_coding|-|26883V>26883E|179393111A>T,missense|TTN|ENST00000359218|protein_coding|-|26816V>26816E|179393111A>T"
179393111,A,T,A,REF_outside_scope,,0,"missense|TTN|ENST00000342992|protein_coding|-|33188V>33188E|179393111A>T,missense|TTN|ENST00000460472|protein_coding|-|26691V>26691E|179393111A>T,missense|TTN|ENST00000589042|protein_coding|-|35756V>35756E|179393111A>T,missense|TTN|ENST00000591111|protein_coding|-|34115V>34115E|179393111A>T,missense|TTN|ENST00000342175|protein_coding|-|26883V>26883E|179393111A>T,missense|TTN|ENST00000359218|protein_coding|-|26816V>26816E|179393111A>T",
179393111,A,T,C,scored,0.0,0,"missense|TTN|ENST00000342992|protein_coding|-|33188V>33188E|179393111A>T,missense|TTN|ENST00000460472|protein_coding|-|26691V>26691E|179393111A>T,missense|TTN|ENST00000589042|protein_coding|-|35756V>35756E|179393111A>T,missense|TTN|ENST00000591111|protein_coding|-|34115V>34115E|179393111A>T,missense|TTN|ENST00000342175|protein_coding|-|26883V>26883E|179393111A>T,missense|TTN|ENST00000359218|protein_coding|-|26816V>26816E|179393111A>T","missense|TTN|ENST00000342992|protein_coding|-|33188V>33188G|179393111A>C,missense|TTN|ENST00000460472|protein_coding|-|26691V>26691G|179393111A>C,missense|TTN|ENST00000589042|protein_coding|-|35756V>35756G|179393111A>C,missense|TTN|ENST00000591111|protein_coding|-|34115V>34115G|179393111A>C,missense|TTN|ENST00000342175|protein_coding|-|26883V>26883G|179393111A>C,missense|TTN|ENST00000359218|protein_coding|-|26816V>26816G|179393111A>C"
179393111,A,T,G,scored,0.0,0,"missense|TTN|ENST00000342992|protein_coding|-|33188V>33188E|179393111A>T,missense|TTN|ENST00000460472|protein_coding|-|26691V>26691E|179393111A>T,missense|TTN|ENST00000589042|protein_coding|-|35756V>35756E|179393111A>T,missense|TTN|ENST00000591111|protein_coding|-|34115V>34115E|179393111A>T,missense|TTN|ENST00000342175|protein_coding|-|26883V>26883E|179393111A>T,missense|TTN|ENST00000359218|protein_coding|-|26816V>26816E|179393111A>T","missense|TTN|ENST00000342992|protein_coding|-|33188V>33188A|179393111A>G,missense|TTN|ENST00000460472|protein_coding|-|26691V>26691A|179393111A>G,missense|TTN|ENST00000589042|protein_coding|-|35756V>35756A|179393111A>G,missense|TTN|ENST00000591111|protein_coding|-|34115V>34115A|179393111A>G,missense|TTN|ENST00000342175|protein_coding|-|26883V>26883A|179393111A>G,missense|TTN|ENST00000359218|protein_coding|-|26816V>26816A|179393111A>G"
179395560,G,A,C,scored,0.0,0,"missense|TTN|ENST00000342992|protein_coding|-|32693P>32693L|179395560G>A,missense|TTN|ENST00000460472|protein_coding|-|26196P>26196L|179395560G>A,missense|TTN|ENST00000589042|protein_coding|-|35261P>35261L|179395560G>A,missense|TTN|ENST00000591111|protein_coding|-|33620P>33620L|179395560G>A,missense|TTN|ENST00000342175|protein_coding|-|26388P>26388L|179395560G>A,missense|TTN|ENST00000359218|protein_coding|-|26321P>26321L|179395560G>A","missense|TTN|ENST00000342992|protein_coding|-|32693P>32693R|179395560G>C,missense|TTN|ENST00000460472|protein_coding|-|26196P>26196R|179395560G>C,missense|TTN|ENST00000589042|protein_coding|-|35261P>35261R|179395560G>C,missense|TTN|ENST00000591111|protein_coding|-|33620P>33620R|179395560G>C,missense|TTN|ENST00000342175|protein_coding|-|26388P>26388R|179395560G>C,missense|TTN|ENST00000359218|protein_coding|-|26321P>26321R|179395560G>C"
179395560,G,A,G,REF_outside_scope,,0,"missense|TTN|ENST00000342992|protein_coding|-|32693P>32693L|179395560G>A,missense|TTN|ENST00000460472|protein_coding|-|26196P>26196L|179395560G>A,missense|TTN|ENST00000589042|protein_coding|-|35261P>35261L|179395560G>A,missense|TTN|ENST00000591111|protein_coding|-|33620P>33620L|179395560G>A,missense|TTN|ENST00000342175|protein_coding|-|26388P>26388L|179395560G>A,missense|TTN|ENST00000359218|protein_coding|-|26321P>26321L|179395560G>A",
179395560,G,A,T,scored,0.0,0,"missense|TTN|ENST00000342992|protein_coding|-|32693P>32693L|179395560G>A,missense|TTN|ENST00000460472|protein_coding|-|26196P>26196L|179395560G>A,missense|TTN|ENST00000589042|protein_coding|-|35261P>35261L|179395560G>A,missense|TTN|ENST00000591111|protein_coding|-|33620P>33620L|179395560G>A,missense|TTN|ENST00000342175|protein_coding|-|26388P>26388L|179395560G>A,missense|TTN|ENST00000359218|protein_coding|-|26321P>26321L|179395560G>A","missense|TTN|ENST00000342992|protein_coding|-|32693P>32693Q|179395560G>T,missense|TTN|ENST00000460472|protein_coding|-|26196P>26196Q|179395560G>T,missense|TTN|ENST00000589042|protein_coding|-|35261P>35261Q|179395560G>T,missense|TTN|ENST00000591111|protein_coding|-|33620P>33620Q|179395560G>T,missense|TTN|ENST00000342175|protein_coding|-|26388P>26388Q|179395560G>T,missense|TTN|ENST00000359218|protein_coding|-|26321P>26321Q|179395560G>T"
179395560,G,C,A,scored,0.0,0,"missense|TTN|ENST00000342992|protein_coding|-|32693P>32693R|179395560G>C,missense|TTN|ENST00000460472|protein_coding|-|26196P>26196R|179395560G>C,missense|TTN|ENST00000589042|protein_coding|-|35261P>35261R|179395560G>C,missense|TTN|ENST00000591111|protein_coding|-|33620P>33620R|179395560G>C,missense|TTN|ENST00000342175|protein_coding|-|26388P>26388R|179395560G>C,missense|TTN|ENST00000359218|protein_coding|-|26321P>26321R|179395560G>C","missense|TTN|ENST00000342992|protein_coding|-|32693P>32693L|179395560G>A,missense|TTN|ENST00000460472|protein_coding|-|26196P>26196L|179395560G>A,missense|TTN|ENST00000589042|protein_coding|-|35261P>35261L|179395560G>A,missense|TTN|ENST00000591111|protein_coding|-|33620P>33620L|179395560G>A,missense|TTN|ENST00000342175|protein_coding|-|26388P>26388L|179395560G>A,missense|TTN|ENST00000359218|protein_coding|-|26321P>26321L|179395560G>A"
179395560,G,C,G,REF_outside_scope,,0,"missense|TTN|ENST00000342992|protein_coding|-|32693P>32693R|179395560G>C,missense|TTN|ENST00000460472|protein_coding|-|26196P>26196R|179395560G>C,missense|TTN|ENST00000589042|protein_coding|-|35261P>35261R|179395560G>C,missense|TTN|ENST00000591111|protein_coding|-|33620P>33620R|179395560G>C,missense|TTN|ENST00000342175|protein_coding|-|26388P>26388R|179395560G>C,missense|TTN|ENST00000359218|protein_coding|-|26321P>26321R|179395560G>C",
179395560,G,C,T,scored,0.0,0,"missense|TTN|ENST00000342992|protein_coding|-|32693P>32693R|179395560G>C,missense|TTN|ENST00000460472|protein_coding|-|26196P>26196R|179395560G>C,missense|TTN|ENST00000589042|protein_coding|-|35261P>35261R|179395560G>C,missense|TTN|ENST00000591111|protein_coding|-|33620P>33620R|179395560G>C,missense|TTN|ENST00000342175|protein_coding|-|26388P>26388R|179395560G>C,missense|TTN|ENST00000359218|protein_coding|-|26321P>26321R|179395560G>C","missense|TTN|ENST00000342992|protein_coding|-|32693P>32693Q|179395560G>T,missense|TTN|ENST00000460472|protein_coding|-|26196P>26196Q|179395560G>T,missense|TTN|ENST00000589042|protein_coding|-|35261P>35261Q|179395560G>T,missense|TTN|ENST00000591111|protein_coding|-|33620P>33620Q|179395560G>T,missense|TTN|ENST00000342175|protein_coding|-|26388P>26388Q|179395560G>T,missense|TTN|ENST00000359218|protein_coding|-|26321P>26321Q|179395560G>T"
179395560,G,G,A,REF_outside_scope,,0,,"missense|TTN|ENST00000342992|protein_coding|-|32693P>32693L|179395560G>A,missense|TTN|ENST00000460472|protein_coding|-|26196P>26196L|179395560G>A,missense|TTN|ENST00000589042|protein_coding|-|35261P>35261L|179395560G>A,missense|TTN|ENST00000591111|protein_coding|-|33620P>33620L|179395560G>A,missense|TTN|ENST00000342175|protein_coding|-|26388P>26388L|179395560G>A,missense|TTN|ENST00000359218|protein_coding|-|26321P>26321L|179395560G>A"
179395560,G,G,C,REF_outside_scope,,0,,"missense|TTN|ENST00000342992|protein_coding|-|32693P>32693R|179395560G>C,missense|TTN|ENST00000460472|protein_coding|-|26196P>26196R|179395560G>C,missense|TTN|ENST00000589042|protein_coding|-|35261P>35261R|179395560G>C,missense|TTN|ENST00000591111|protein_coding|-|33620P>33620R|179395560G>C,missense|TTN|ENST00000342175|protein_coding|-|26388P>26388R|179395560G>C,missense|TTN|ENST00000359218|protein_coding|-|26321P>26321R|179395560G>C"
179395560,G,G,T,REF_outside_scope,,0,,"missense|TTN|ENST00000342992|protein_coding|-|32693P>32693Q|179395560G>T,missense|TTN|ENST00000460472|protein_coding|-|26196P>26196Q|179395560G>T,missense|TTN|ENST00000589042|protein_coding|-|35261P>35261Q|179395560G>T,missense|TTN|ENST00000591111|protein_coding|-|33620P>33620Q|179395560G>T,missense|TTN|ENST00000342175|protein_coding|-|26388P>26388Q|179395560G>T,missense|TTN|ENST00000359218|protein_coding|-|26321P>26321Q|179395560G>T"
179395560,G,T,A,scored,0.0,0,"missense|TTN|ENST00000342992|protein_coding|-|32693P>32693Q|179395560G>T,missense|TTN|ENST00000460472|protein_coding|-|26196P>26196Q|179395560G>T,missense|TTN|ENST00000589042|protein_coding|-|35261P>35261Q|179395560G>T,missense|TTN|ENST00000591111|protein_coding|-|33620P>33620Q|179395560G>T,missense|TTN|ENST00000342175|protein_coding|-|26388P>26388Q|179395560G>T,missense|TTN|ENST00000359218|protein_coding|-|26321P>26321Q|179395560G>T","missense|TTN|ENST00000342992|protein_coding|-|32693P>32693L|179395560G>A,missense|TTN|ENST00000460472|protein_coding|-|26196P>26196L|179395560G>A,missense|TTN|ENST00000589042|protein_coding|-|35261P>35261L|179395560G>A,missense|TTN|ENST00000591111|protein_coding|-|33620P>33620L|179395560G>A,missense|TTN|ENST00000342175|protein_coding|-|26388P>26388L|179395560G>A,missense|TTN|ENST00000359218|protein_coding|-|26321P>26321L|179395560G>A"
179395560,G,T,C,scored,0.0,0,"missense|TTN|ENST00000342992|protein_coding|-|32693P>32693Q|179395560G>T,missense|TTN|ENST00000460472|protein_coding|-|26196P>26196Q|179395560G>T,missense|TTN|ENST00000589042|protein_coding|-|35261P>35261Q|179395560G>T,missense|TTN|ENST00000591111|protein_coding|-|33620P>33620Q|179395560G>T,missense|TTN|ENST00000342175|protein_coding|-|26388P>26388Q|179395560G>T,missense|TTN|ENST00000359218|protein_coding|-|26321P>26321Q|179395560G>T","missense|TTN|ENST00000342992|protein_coding|-|32693P>32693R|179395560G>C,missense|TTN|ENST00000460472|protein_coding|-|26196P>26196R|179395560G>C,missense|TTN|ENST00000589042|protein_coding|-|35261P>35261R|179395560G>C,missense|TTN|ENST00000591111|protein_coding|-|33620P>33620R|179395560G>C,missense|TTN|ENST00000342175|protein_coding|-|26388P>26388R|179395560G>C,missense|TTN|ENST00000359218|protein_coding|-|26321P>26321R|179395560G>C"
179395560,G,T,G,REF_outside_scope,,0,"missense|TTN|ENST00000342992|protein_coding|-|32693P>32693Q|179395560G>T,missense|TTN|ENST00000460472|protein_coding|-|26196P>26196Q|179395560G>T,missense|TTN|ENST00000589042|protein_coding|-|35261P>35261Q|179395560G>T,missense|TTN|ENST00000591111|protein_coding|-|33620P>33620Q|179395560G>T,missense|TTN|ENST00000342175|protein_coding|-|26388P>26388Q|179395560G>T,missense|TTN|ENST00000359218|protein_coding|-|26321P>26321Q|179395560G>T",
179395760,G,A,C,scored,0.0,0,"synonymous|TTN|ENST00000342992|protein_coding|-|32626S|179395760G>A,synonymous|TTN|ENST00000460472|protein_coding|-|26129S|179395760G>A,synonymous|TTN|ENST00000589042|protein_coding|-|35194S|179395760G>A,synonymous|TTN|ENST00000591111|protein_coding|-|33553S|179395760G>A,synonymous|TTN|ENST00000342175|protein_coding|-|26321S|179395760G>A,synonymous|TTN|ENST00000359218|protein_coding|-|26254S|179395760G>A","synonymous|TTN|ENST00000342992|protein_coding|-|32626S|179395760G>C,synonymous|TTN|ENST00000460472|protein_coding|-|26129S|179395760G>C,synonymous|TTN|ENST00000589042|protein_coding|-|35194S|179395760G>C,synonymous|TTN|ENST00000591111|protein_coding|-|33553S|179395760G>C,synonymous|TTN|ENST00000342175|protein_coding|-|26321S|179395760G>C,synonymous|TTN|ENST00000359218|protein_coding|-|26254S|179395760G>C"
179395760,G,A,G,REF_outside_scope,,0,"synonymous|TTN|ENST00000342992|protein_coding|-|32626S|179395760G>A,synonymous|TTN|ENST00000460472|protein_coding|-|26129S|179395760G>A,synonymous|TTN|ENST00000589042|protein_coding|-|35194S|179395760G>A,synonymous|TTN|ENST00000591111|protein_coding|-|33553S|179395760G>A,synonymous|TTN|ENST00000342175|protein_coding|-|26321S|179395760G>A,synonymous|TTN|ENST00000359218|protein_coding|-|26254S|179395760G>A",
179395760,G,A,T,scored,0.0,0,"synonymous|TTN|ENST00000342992|protein_coding|-|32626S|179395760G>A,synonymous|TTN|ENST00000460472|protein_coding|-|26129S|179395760G>A,synonymous|TTN|ENST00000589042|protein_coding|-|35194S|179395760G>A,synonymous|TTN|ENST00000591111|protein_coding|-|33553S|179395760G>A,synonymous|TTN|ENST00000342175|protein_coding|-|26321S|179395760G>A,synonymous|TTN|ENST00000359218|protein_coding|-|26254S|179395760G>A","synonymous|TTN|ENST00000342992|protein_coding|-|32626S|179395760G>T,synonymous|TTN|ENST00000460472|protein_coding|-|26129S|179395760G>T,synonymous|TTN|ENST00000589042|protein_coding|-|35194S|179395760G>T,synonymous|TTN|ENST00000591111|protein_coding|-|33553S|179395760G>T,synonymous|TTN|ENST00000342175|protein_coding|-|26321S|179395760G>T,synonymous|TTN|ENST00000359218|protein_coding|-|26254S|179395760G>T"
179395760,G,C,A,scored,0.0,0,"synonymous|TTN|ENST00000342992|protein_coding|-|32626S|179395760G>C,synonymous|TTN|ENST00000460472|protein_coding|-|26129S|179395760G>C,synonymous|TTN|ENST00000589042|protein_coding|-|35194S|179395760G>C,synonymous|TTN|ENST00000591111|protein_coding|-|33553S|179395760G>C,synonymous|TTN|ENST00000342175|protein_coding|-|26321S|179395760G>C,synonymous|TTN|ENST00000359218|protein_coding|-|26254S|179395760G>C","synonymous|TTN|ENST00000342992|protein_coding|-|32626S|179395760G>A,synonymous|TTN|ENST00000460472|protein_coding|-|26129S|179395760G>A,synonymous|TTN|ENST00000589042|protein_coding|-|35194S|179395760G>A,synonymous|TTN|ENST00000591111|protein_coding|-|33553S|179395760G>A,synonymous|TTN|ENST00000342175|protein_coding|-|26321S|179395760G>A,synonymous|TTN|ENST00000359218|protein_coding|-|26254S|179395760G>A"
179395760,G,C,G,REF_outside_scope,,0,"synonymous|TTN|ENST00000342992|protein_coding|-|32626S|179395760G>C,synonymous|TTN|ENST00000460472|protein_coding|-|26129S|179395760G>C,synonymous|TTN|ENST00000589042|protein_coding|-|35194S|179395760G>C,synonymous|TTN|ENST00000591111|protein_coding|-|33553S|179395760G>C,synonymous|TTN|ENST00000342175|protein_coding|-|26321S|179395760G>C,synonymous|TTN|ENST00000359218|protein_coding|-|26254S|179395760G>C",
179395760,G,C,T,scored,0.0,0,"synonymous|TTN|ENST00000342992|protein_coding|-|32626S|179395760G>C,synonymous|TTN|ENST00000460472|protein_coding|-|26129S|179395760G>C,synonymous|TTN|ENST00000589042|protein_coding|-|35194S|179395760G>C,synonymous|TTN|ENST00000591111|protein_coding|-|33553S|179395760G>C,synonymous|TTN|ENST00000342175|protein_coding|-|26321S|179395760G>C,synonymous|TTN|ENST00000359218|protein_coding|-|26254S|179395760G>C","synonymous|TTN|ENST00000342992|protein_coding|-|32626S|179395760G>T,synonymous|TTN|ENST00000460472|protein_coding|-|26129S|179395760G>T,synonymous|TTN|ENST00000589042|protein_coding|-|35194S|179395760G>T,synonymous|TTN|ENST00000591111|protein_coding|-|33553S|179395760G>T,synonymous|TTN|ENST00000342175|protein_coding|-|26321S|179395760G>T,synonymous|TTN|ENST00000359218|protein_coding|-|26254S|179395760G>T"
179395760,G,G,A,REF_outside_scope,,0,,"synonymous|TTN|ENST00000342992|protein_coding|-|32626S|179395760G>A,synonymous|TTN|ENST00000460472|protein_coding|-|26129S|179395760G>A,synonymous|TTN|ENST00000589042|protein_coding|-|35194S|179395760G>A,synonymous|TTN|ENST00000591111|protein_coding|-|33553S|179395760G>A,synonymous|TTN|ENST00000342175|protein_coding|-|26321S|179395760G>A,synonymous|TTN|ENST00000359218|protein_coding|-|26254S|179395760G>A"
179395760,G,G,C,REF_outside_scope,,0,,"synonymous|TTN|ENST00000342992|protein_coding|-|32626S|179395760G>C,synonymous|TTN|ENST00000460472|protein_coding|-|26129S|179395760G>C,synonymous|TTN|ENST00000589042|protein_coding|-|35194S|179395760G>C,synonymous|TTN|ENST00000591111|protein_coding|-|33553S|179395760G>C,synonymous|TTN|ENST00000342175|protein_coding|-|26321S|179395760G>C,synonymous|TTN|ENST00000359218|protein_coding|-|26254S|179395760G>C"
179395760,G,G,T,REF_outside_scope,,0,,"synonymous|TTN|ENST00000342992|protein_coding|-|32626S|179395760G>T,synonymous|TTN|ENST00000460472|protein_coding|-|26129S|179395760G>T,synonymous|TTN|ENST00000589042|protein_coding|-|35194S|179395760G>T,synonymous|TTN|ENST00000591111|protein_coding|-|33553S|179395760G>T,synonymous|TTN|ENST00000342175|protein_coding|-|26321S|179395760G>T,synonymous|TTN|ENST00000359218|protein_coding|-|26254S|179395760G>T"
179395760,G,T,A,scored,0.0,0,"synonymous|TTN|ENST00000342992|protein_coding|-|32626S|179395760G>T,synonymous|TTN|ENST00000460472|protein_coding|-|26129S|179395760G>T,synonymous|TTN|ENST00000589042|protein_coding|-|35194S|179395760G>T,synonymous|TTN|ENST00000591111|protein_coding|-|33553S|179395760G>T,synonymous|TTN|ENST00000342175|protein_coding|-|26321S|179395760G>T,synonymous|TTN|ENST00000359218|protein_coding|-|26254S|179395760G>T","synonymous|TTN|ENST00000342992|protein_coding|-|32626S|179395760G>A,synonymous|TTN|ENST00000460472|protein_coding|-|26129S|179395760G>A,synonymous|TTN|ENST00000589042|protein_coding|-|35194S|179395760G>A,synonymous|TTN|ENST00000591111|protein_coding|-|33553S|179395760G>A,synonymous|TTN|ENST00000342175|protein_coding|-|26321S|179395760G>A,synonymous|TTN|ENST00000359218|protein_coding|-|26254S|179395760G>A"
179395760,G,T,C,scored,0.0,0,"synonymous|TTN|ENST00000342992|protein_coding|-|32626S|179395760G>T,synonymous|TTN|ENST00000460472|protein_coding|-|26129S|179395760G>T,synonymous|TTN|ENST00000589042|protein_coding|-|35194S|179395760G>T,synonymous|TTN|ENST00000591111|protein_coding|-|33553S|179395760G>T,synonymous|TTN|ENST00000342175|protein_coding|-|26321S|179395760G>T,synonymous|TTN|ENST00000359218|protein_coding|-|26254S|179395760G>T","synonymous|TTN|ENST00000342992|protein_coding|-|32626S|179395760G>C,synonymous|TTN|ENST00000460472|protein_coding|-|26129S|179395760G>C,synonymous|TTN|ENST00000589042|protein_coding|-|35194S|179395760G>C,synonymous|TTN|ENST00000591111|protein_coding|-|33553S|179395760G>C,synonymous|TTN|ENST00000342175|protein_coding|-|26321S|179395760G>C,synonymous|TTN|ENST00000359218|protein_coding|-|26254S|179395760G>C"
179395760,G,T,G,REF_outside_scope,,0,"synonymous|TTN|ENST00000342992|protein_coding|-|32626S|179395760G>T,synonymous|TTN|ENST00000460472|protein_coding|-|26129S|179395760G>T,synonymous|TTN|ENST00000589042|protein_coding|-|35194S|179395760G>T,synonymous|TTN|ENST00000591111|protein_coding|-|33553S|179395760G>T,synonymous|TTN|ENST00000342175|protein_coding|-|26321S|179395760G>T,synonymous|TTN|ENST00000359218|protein_coding|-|26254S|179395760G>T",
179395958,T,A,C,scored,0.0,0,"synonymous|TTN|ENST00000342992|protein_coding|-|32560A|179395958T>A,synonymous|TTN|ENST00000460472|protein_coding|-|26063A|179395958T>A,synonymous|TTN|ENST00000589042|protein_coding|-|35128A|179395958T>A,synonymous|TTN|ENST00000591111|protein_coding|-|33487A|179395958T>A,synonymous|TTN|ENST00000342175|protein_coding|-|26255A|179395958T>A,synonymous|TTN|ENST00000359218|protein_coding|-|26188A|179395958T>A","synonymous|TTN|ENST00000342992|protein_coding|-|32560A|179395958T>C,synonymous|TTN|ENST00000460472|protein_coding|-|26063A|179395958T>C,synonymous|TTN|ENST00000589042|protein_coding|-|35128A|179395958T>C,synonymous|TTN|ENST00000591111|protein_coding|-|33487A|179395958T>C,synonymous|TTN|ENST00000342175|protein_coding|-|26255A|179395958T>C,synonymous|TTN|ENST00000359218|protein_coding|-|26188A|179395958T>C"
179395958,T,A,G,scored,0.0,0,"synonymous|TTN|ENST00000342992|protein_coding|-|32560A|179395958T>A,synonymous|TTN|ENST00000460472|protein_coding|-|26063A|179395958T>A,synonymous|TTN|ENST00000589042|protein_coding|-|35128A|179395958T>A,synonymous|TTN|ENST00000591111|protein_coding|-|33487A|179395958T>A,synonymous|TTN|ENST00000342175|protein_coding|-|26255A|179395958T>A,synonymous|TTN|ENST00000359218|protein_coding|-|26188A|179395958T>A","synonymous|TTN|ENST00000342992|protein_coding|-|32560A|179395958T>G,synonymous|TTN|ENST00000460472|protein_coding|-|26063A|179395958T>G,synonymous|TTN|ENST00000589042|protein_coding|-|35128A|179395958T>G,synonymous|TTN|ENST00000591111|protein_coding|-|33487A|179395958T>G,synonymous|TTN|ENST00000342175|protein_coding|-|26255A|179395958T>G,synonymous|TTN|ENST00000359218|protein_coding|-|26188A|179395958T>G"
179395958,T,A,T,REF_outside_scope,,0,"synonymous|TTN|ENST00000342992|protein_coding|-|32560A|179395958T>A,synonymous|TTN|ENST00000460472|protein_coding|-|26063A|179395958T>A,synonymous|TTN|ENST00000589042|protein_coding|-|35128A|179395958T>A,synonymous|TTN|ENST00000591111|protein_coding|-|33487A|179395958T>A,synonymous|TTN|ENST00000342175|protein_coding|-|26255A|179395958T>A,synonymous|TTN|ENST00000359218|protein_coding|-|26188A|179395958T>A",
179395958,T,C,A,scored,0.0,0,"synonymous|TTN|ENST00000342992|protein_coding|-|32560A|179395958T>C,synonymous|TTN|ENST00000460472|protein_coding|-|26063A|179395958T>C,synonymous|TTN|ENST00000589042|protein_coding|-|35128A|179395958T>C,synonymous|TTN|ENST00000591111|protein_coding|-|33487A|179395958T>C,synonymous|TTN|ENST00000342175|protein_coding|-|26255A|179395958T>C,synonymous|TTN|ENST00000359218|protein_coding|-|26188A|179395958T>C","synonymous|TTN|ENST00000342992|protein_coding|-|32560A|179395958T>A,synonymous|TTN|ENST00000460472|protein_coding|-|26063A|179395958T>A,synonymous|TTN|ENST00000589042|protein_coding|-|35128A|179395958T>A,synonymous|TTN|ENST00000591111|protein_coding|-|33487A|179395958T>A,synonymous|TTN|ENST00000342175|protein_coding|-|26255A|179395958T>A,synonymous|TTN|ENST00000359218|protein_coding|-|26188A|179395958T>A"
179395958,T,C,G,scored,0.0,0,"synonymous|TTN|ENST00000342992|protein_coding|-|32560A|179395958T>C,synonymous|TTN|ENST00000460472|protein_coding|-|26063A|179395958T>C,synonymous|TTN|ENST00000589042|protein_coding|-|35128A|179395958T>C,synonymous|TTN|ENST00000591111|protein_coding|-|33487A|179395958T>C,synonymous|TTN|ENST00000342175|protein_coding|-|26255A|179395958T>C,synonymous|TTN|ENST00000359218|protein_coding|-|26188A|179395958T>C","synonymous|TTN|ENST00000342992|protein_coding|-|32560A|179395958T>G,synonymous|TTN|ENST00000460472|protein_coding|-|26063A|179395958T>G,synonymous|TTN|ENST00000589042|protein_coding|-|35128A|179395958T>G,synonymous|TTN|ENST00000591111|protein_coding|-|33487A|179395958T>G,synonymous|TTN|ENST00000342175|protein_coding|-|26255A|179395958T>G,synonymous|TTN|ENST00000359218|protein_coding|-|26188A|179395958T>G"
179395958,T,C,T,REF_outside_scope,,0,"synonymous|TTN|ENST00000342992|protein_coding|-|32560A|179395958T>C,synonymous|TTN|ENST00000460472|protein_coding|-|26063A|179395958T>C,synonymous|TTN|ENST00000589042|protein_coding|-|35128A|179395958T>C,synonymous|TTN|ENST00000591111|protein_coding|-|33487A|179395958T>C,synonymous|TTN|ENST00000342175|protein_coding|-|26255A|179395958T>C,synonymous|TTN|ENST00000359218|protein_coding|-|26188A|179395958T>C",
179395958,T,G,A,scored,0.0,0,"synonymous|TTN|ENST00000342992|protein_coding|-|32560A|179395958T>G,synonymous|TTN|ENST00000460472|protein_coding|-|26063A|179395958T>G,synonymous|TTN|ENST00000589042|protein_coding|-|35128A|179395958T>G,synonymous|TTN|ENST00000591111|protein_coding|-|33487A|179395958T>G,synonymous|TTN|ENST00000342175|protein_coding|-|26255A|179395958T>G,synonymous|TTN|ENST00000359218|protein_coding|-|26188A|179395958T>G","synonymous|TTN|ENST00000342992|protein_coding|-|32560A|179395958T>A,synonymous|TTN|ENST00000460472|protein_coding|-|26063A|179395958T>A,synonymous|TTN|ENST00000589042|protein_coding|-|35128A|179395958T>A,synonymous|TTN|ENST00000591111|protein_coding|-|33487A|179395958T>A,synonymous|TTN|ENST00000342175|protein_coding|-|26255A|179395958T>A,synonymous|TTN|ENST00000359218|protein_coding|-|26188A|179395958T>A"
179395958,T,G,C,scored,0.0,0,"synonymous|TTN|ENST00000342992|protein_coding|-|32560A|179395958T>G,synonymous|TTN|ENST00000460472|protein_coding|-|26063A|179395958T>G,synonymous|TTN|ENST00000589042|protein_coding|-|35128A|179395958T>G,synonymous|TTN|ENST00000591111|protein_coding|-|33487A|179395958T>G,synonymous|TTN|ENST00000342175|protein_coding|-|26255A|179395958T>G,synonymous|TTN|ENST00000359218|protein_coding|-|26188A|179395958T>G","synonymous|TTN|ENST00000342992|protein_coding|-|32560A|179395958T>C,synonymous|TTN|ENST00000460472|protein_coding|-|26063A|179395958T>C,synonymous|TTN|ENST00000589042|protein_coding|-|35128A|179395958T>C,synonymous|TTN|ENST00000591111|protein_coding|-|33487A|179395958T>C,synonymous|TTN|ENST00000342175|protein_coding|-|26255A|179395958T>C,synonymous|TTN|ENST00000359218|protein_coding|-|26188A|179395958T>C"
179395958,T,G,T,REF_outside_scope,,0,"synonymous|TTN|ENST00000342992|protein_coding|-|32560A|179395958T>G,synonymous|TTN|ENST00000460472|protein_coding|-|26063A|179395958T>G,synonymous|TTN|ENST00000589042|protein_coding|-|35128A|179395958T>G,synonymous|TTN|ENST00000591111|protein_coding|-|33487A|179395958T>G,synonymous|TTN|ENST00000342175|protein_coding|-|26255A|179395958T>G,synonymous|TTN|ENST00000359218|protein_coding|-|26188A|179395958T>G",
179395958,T,T,A,REF_outside_scope,,0,,"synonymous|TTN|ENST00000342992|protein_coding|-|32560A|179395958T>A,synonymous|TTN|ENST00000460472|protein_coding|-|26063A|179395958T>A,synonymous|TTN|ENST00000589042|protein_coding|-|35128A|179395958T>A,synonymous|TTN|ENST00000591111|protein_coding|-|33487A|179395958T>A,synonymous|TTN|ENST00000342175|protein_coding|-|26255A|179395958T>A,synonymous|TTN|ENST00000359218|protein_coding|-|26188A|179395958T>A"
179395958,T,T,C,REF_outside_scope,,0,,"synonymous|TTN|ENST00000342992|protein_coding|-|32560A|179395958T>C,synonymous|TTN|ENST00000460472|protein_coding|-|26063A|179395958T>C,synonymous|TTN|ENST00000589042|protein_coding|-|35128A|179395958T>C,synonymous|TTN|ENST00000591111|protein_coding|-|33487A|179395958T>C,synonymous|TTN|ENST00000342175|protein_coding|-|26255A|179395958T>C,synonymous|TTN|ENST00000359218|protein_coding|-|26188A|179395958T>C"
179395958,T,T,G,REF_outside_scope,,0,,"synonymous|TTN|ENST00000342992|protein_coding|-|32560A|179395958T>G,synonymous|TTN|ENST00000460472|protein_coding|-|26063A|179395958T>G,synonymous|TTN|ENST00000589042|protein_coding|-|35128A|179395958T>G,synonymous|TTN|ENST00000591111|protein_coding|-|33487A|179395958T>G,synonymous|TTN|ENST00000342175|protein_coding|-|26255A|179395958T>G,synonymous|TTN|ENST00000359218|protein_coding|-|26188A|179395958T>G"
179398509,C,A,C,REF_outside_scope,,0,"missense|TTN|ENST00000342992|protein_coding|-|31710G>31710V|179398509C>A,missense|TTN|ENST00000460472|protein_coding|-|25213G>25213V|179398509C>A,missense|TTN|ENST00000589042|protein_coding|-|34278G>34278V|179398509C>A,missense|TTN|ENST00000591111|protein_coding|-|32637G>32637V|179398509C>A,missense|TTN|ENST00000342175|protein_coding|-|25405G>25405V|179398509C>A,missense|TTN|ENST00000359218|protein_coding|-|25338G>25338V|179398509C>A",
179398509,C,A,G,scored,0.0,0,"missense|TTN|ENST00000342992|protein_coding|-|31710G>31710V|179398509C>A,missense|TTN|ENST00000460472|protein_coding|-|25213G>25213V|179398509C>A,missense|TTN|ENST00000589042|protein_coding|-|34278G>34278V|179398509C>A,missense|TTN|ENST00000591111|protein_coding|-|32637G>32637V|179398509C>A,missense|TTN|ENST00000342175|protein_coding|-|25405G>25405V|179398509C>A,missense|TTN|ENST00000359218|protein_coding|-|25338G>25338V|179398509C>A","missense|TTN|ENST00000342992|protein_coding|-|31710G>31710A|179398509C>G,missense|TTN|ENST00000460472|protein_coding|-|25213G>25213A|179398509C>G,missense|TTN|ENST00000589042|protein_coding|-|34278G>34278A|179398509C>G,missense|TTN|ENST00000591111|protein_coding|-|32637G>32637A|179398509C>G,missense|TTN|ENST00000342175|protein_coding|-|25405G>25405A|179398509C>G,missense|TTN|ENST00000359218|protein_coding|-|25338G>25338A|179398509C>G"
179398509,C,A,T,scored,0.0,0,"missense|TTN|ENST00000342992|protein_coding|-|31710G>31710V|179398509C>A,missense|TTN|ENST00000460472|protein_coding|-|25213G>25213V|179398509C>A,missense|TTN|ENST00000589042|protein_coding|-|34278G>34278V|179398509C>A,missense|TTN|ENST00000591111|protein_coding|-|32637G>32637V|179398509C>A,missense|TTN|ENST00000342175|protein_coding|-|25405G>25405V|179398509C>A,missense|TTN|ENST00000359218|protein_coding|-|25338G>25338V|179398509C>A","missense|TTN|ENST00000342992|protein_coding|-|31710G>31710E|179398509C>T,missense|TTN|ENST00000460472|protein_coding|-|25213G>25213E|179398509C>T,missense|TTN|ENST00000589042|protein_coding|-|34278G>34278E|179398509C>T,missense|TTN|ENST00000591111|protein_coding|-|32637G>32637E|179398509C>T,missense|TTN|ENST00000342175|protein_coding|-|25405G>25405E|179398509C>T,missense|TTN|ENST00000359218|protein_coding|-|25338G>25338E|179398509C>T"
179398509,C,C,A,REF_outside_scope,,0,,"missense|TTN|ENST00000342992|protein_coding|-|31710G>31710V|179398509C>A,missense|TTN|ENST00000460472|protein_coding|-|25213G>25213V|179398509C>A,missense|TTN|ENST00000589042|protein_coding|-|34278G>34278V|179398509C>A,missense|TTN|ENST00000591111|protein_coding|-|32637G>32637V|179398509C>A,missense|TTN|ENST00000342175|protein_coding|-|25405G>25405V|179398509C>A,missense|TTN|ENST00000359218|protein_coding|-|25338G>25338V|179398509C>A"
179398509,C,C,G,REF_outside_scope,,0,,"missense|TTN|ENST00000342992|protein_coding|-|31710G>31710A|179398509C>G,missense|TTN|ENST00000460472|protein_coding|-|25213G>25213A|179398509C>G,missense|TTN|ENST00000589042|protein_coding|-|34278G>34278A|179398509C>G,missense|TTN|ENST00000591111|protein_coding|-|32637G>32637A|179398509C>G,missense|TTN|ENST00000342175|protein_coding|-|25405G>25405A|179398509C>G,missense|TTN|ENST00000359218|protein_coding|-|25338G>25338A|179398509C>G"
179398509,C,C,T,REF_outside_scope,,0,,"missense|TTN|ENST00000342992|protein_coding|-|31710G>31710E|179398509C>T,missense|TTN|ENST00000460472|protein_coding|-|25213G>25213E|179398509C>T,missense|TTN|ENST00000589042|protein_coding|-|34278G>34278E|179398509C>T,missense|TTN|ENST00000591111|protein_coding|-|32637G>32637E|179398509C>T,missense|TTN|ENST00000342175|protein_coding|-|25405G>25405E|179398509C>T,missense|TTN|ENST00000359218|protein_coding|-|25338G>25338E|179398509C>T"
179398509,C,G,A,scored,0.0,0,"missense|TTN|ENST00000342992|protein_coding|-|31710G>31710A|179398509C>G,missense|TTN|ENST00000460472|protein_coding|-|25213G>25213A|179398509C>G,missense|TTN|ENST00000589042|protein_coding|-|34278G>34278A|179398509C>G,missense|TTN|ENST00000591111|protein_coding|-|32637G>32637A|179398509C>G,missense|TTN|ENST00000342175|protein_coding|-|25405G>25405A|179398509C>G,missense|TTN|ENST00000359218|protein_coding|-|25338G>25338A|179398509C>G","missense|TTN|ENST00000342992|protein_coding|-|31710G>31710V|179398509C>A,missense|TTN|ENST00000460472|protein_coding|-|25213G>25213V|179398509C>A,missense|TTN|ENST00000589042|protein_coding|-|34278G>34278V|179398509C>A,missense|TTN|ENST00000591111|protein_coding|-|32637G>32637V|179398509C>A,missense|TTN|ENST00000342175|protein_coding|-|25405G>25405V|179398509C>A,missense|TTN|ENST00000359218|protein_coding|-|25338G>25338V|179398509C>A"
179398509,C,G,C,REF_outside_scope,,0,"missense|TTN|ENST00000342992|protein_coding|-|31710G>31710A|179398509C>G,missense|TTN|ENST00000460472|protein_coding|-|25213G>25213A|179398509C>G,missense|TTN|ENST00000589042|protein_coding|-|34278G>34278A|179398509C>G,missense|TTN|ENST00000591111|protein_coding|-|32637G>32637A|179398509C>G,missense|TTN|ENST00000342175|protein_coding|-|25405G>25405A|179398509C>G,missense|TTN|ENST00000359218|protein_coding|-|25338G>25338A|179398509C>G",
179398509,C,G,T,scored,0.0,0,"missense|TTN|ENST00000342992|protein_coding|-|31710G>31710A|179398509C>G,missense|TTN|ENST00000460472|protein_coding|-|25213G>25213A|179398509C>G,missense|TTN|ENST00000589042|protein_coding|-|34278G>34278A|179398509C>G,missense|TTN|ENST00000591111|protein_coding|-|32637G>32637A|179398509C>G,missense|TTN|ENST00000342175|protein_coding|-|25405G>25405A|179398509C>G,missense|TTN|ENST00000359218|protein_coding|-|25338G>25338A|179398509C>G","missense|TTN|ENST00000342992|protein_coding|-|31710G>31710E|179398509C>T,missense|TTN|ENST00000460472|protein_coding|-|25213G>25213E|179398509C>T,missense|TTN|ENST00000589042|protein_coding|-|34278G>34278E|179398509C>T,missense|TTN|ENST00000591111|protein_coding|-|32637G>32637E|179398509C>T,missense|TTN|ENST00000342175|protein_coding|-|25405G>25405E|179398509C>T,missense|TTN|ENST00000359218|protein_coding|-|25338G>25338E|179398509C>T"
179398509,C,T,A,scored,0.0,0,"missense|TTN|ENST00000342992|protein_coding|-|31710G>31710E|179398509C>T,missense|TTN|ENST00000460472|protein_coding|-|25213G>25213E|179398509C>T,missense|TTN|ENST00000589042|protein_coding|-|34278G>34278E|179398509C>T,missense|TTN|ENST00000591111|protein_coding|-|32637G>32637E|179398509C>T,missense|TTN|ENST00000342175|protein_coding|-|25405G>25405E|179398509C>T,missense|TTN|ENST00000359218|protein_coding|-|25338G>25338E|179398509C>T","missense|TTN|ENST00000342992|protein_coding|-|31710G>31710V|179398509C>A,missense|TTN|ENST00000460472|protein_coding|-|25213G>25213V|179398509C>A,missense|TTN|ENST00000589042|protein_coding|-|34278G>34278V|179398509C>A,missense|TTN|ENST00000591111|protein_coding|-|32637G>32637V|179398509C>A,missense|TTN|ENST00000342175|protein_coding|-|25405G>25405V|179398509C>A,missense|TTN|ENST00000359218|protein_coding|-|25338G>25338V|179398509C>A"
179398509,C,T,C,REF_outside_scope,,0,"missense|TTN|ENST00000342992|protein_coding|-|31710G>31710E|179398509C>T,missense|TTN|ENST00000460472|protein_coding|-|25213G>25213E|179398509C>T,missense|TTN|ENST00000589042|protein_coding|-|34278G>34278E|179398509C>T,missense|TTN|ENST00000591111|protein_coding|-|32637G>32637E|179398509C>T,missense|TTN|ENST00000342175|protein_coding|-|25405G>25405E|179398509C>T,missense|TTN|ENST00000359218|protein_coding|-|25338G>25338E|179398509C>T",
179398509,C,T,G,scored,0.0,0,"missense|TTN|ENST00000342992|protein_coding|-|31710G>31710E|179398509C>T,missense|TTN|ENST00000460472|protein_coding|-|25213G>25213E|179398509C>T,missense|TTN|ENST00000589042|protein_coding|-|34278G>34278E|179398509C>T,missense|TTN|ENST00000591111|protein_coding|-|32637G>32637E|179398509C>T,missense|TTN|ENST00000342175|protein_coding|-|25405G>25405E|179398509C>T,missense|TTN|ENST00000359218|protein_coding|-|25338G>25338E|179398509C>T","missense|TTN|ENST00000342992|protein_coding|-|31710G>31710A|179398509C>G,missense|TTN|ENST00000460472|protein_coding|-|25213G>25213A|179398509C>G,missense|TTN|ENST00000589042|protein_coding|-|34278G>34278A|179398509C>G,missense|TTN|ENST00000591111|protein_coding|-|32637G>32637A|179398509C>G,missense|TTN|ENST00000342175|protein_coding|-|25405G>25405A|179398509C>G,missense|TTN|ENST00000359218|protein_coding|-|25338G>25338A|179398509C>G"
179400895,C,A,C,REF_outside_scope,,0,"missense|TTN|ENST00000342992|protein_coding|-|30959V>30959F|179400895C>A,missense|TTN|ENST00000460472|protein_coding|-|24462V>24462F|179400895C>A,missense|TTN|ENST00000589042|protein_coding|-|33527V>33527F|179400895C>A,missense|TTN|ENST00000591111|protein_coding|-|31886V>31886F|179400895C>A,missense|TTN|ENST00000342175|protein_coding|-|24654V>24654F|179400895C>A,missense|TTN|ENST00000359218|protein_coding|-|24587V>24587F|179400895C>A",
179400895,C,A,G,scored,0.0,0,"missense|TTN|ENST00000342992|protein_coding|-|30959V>30959F|179400895C>A,missense|TTN|ENST00000460472|protein_coding|-|24462V>24462F|179400895C>A,missense|TTN|ENST00000589042|protein_coding|-|33527V>33527F|179400895C>A,missense|TTN|ENST00000591111|protein_coding|-|31886V>31886F|179400895C>A,missense|TTN|ENST00000342175|protein_coding|-|24654V>24654F|179400895C>A,missense|TTN|ENST00000359218|protein_coding|-|24587V>24587F|179400895C>A","missense|TTN|ENST00000342992|protein_coding|-|30959V>30959L|179400895C>G,missense|TTN|ENST00000460472|protein_coding|-|24462V>24462L|179400895C>G,missense|TTN|ENST00000589042|protein_coding|-|33527V>33527L|179400895C>G,missense|TTN|ENST00000591111|protein_coding|-|31886V>31886L|179400895C>G,missense|TTN|ENST00000342175|protein_coding|-|24654V>24654L|179400895C>G,missense|TTN|ENST00000359218|protein_coding|-|24587V>24587L|179400895C>G"
179400895,C,A,T,scored,0.0,0,"missense|TTN|ENST00000342992|protein_coding|-|30959V>30959F|179400895C>A,missense|TTN|ENST00000460472|protein_coding|-|24462V>24462F|179400895C>A,missense|TTN|ENST00000589042|protein_coding|-|33527V>33527F|179400895C>A,missense|TTN|ENST00000591111|protein_coding|-|31886V>31886F|179400895C>A,missense|TTN|ENST00000342175|protein_coding|-|24654V>24654F|179400895C>A,missense|TTN|ENST00000359218|protein_coding|-|24587V>24587F|179400895C>A","missense|TTN|ENST00000342992|protein_coding|-|30959V>30959I|179400895C>T,missense|TTN|ENST00000460472|protein_coding|-|24462V>24462I|179400895C>T,missense|TTN|ENST00000589042|protein_coding|-|33527V>33527I|179400895C>T,missense|TTN|ENST00000591111|protein_coding|-|31886V>31886I|179400895C>T,missense|TTN|ENST00000342175|protein_coding|-|24654V>24654I|179400895C>T,missense|TTN|ENST00000359218|protein_coding|-|24587V>24587I|179400895C>T"
179400895,C,C,A,REF_outside_scope,,0,,"missense|TTN|ENST00000342992|protein_coding|-|30959V>30959F|179400895C>A,missense|TTN|ENST00000460472|protein_coding|-|24462V>24462F|179400895C>A,missense|TTN|ENST00000589042|protein_coding|-|33527V>33527F|179400895C>A,missense|TTN|ENST00000591111|protein_coding|-|31886V>31886F|179400895C>A,missense|TTN|ENST00000342175|protein_coding|-|24654V>24654F|179400895C>A,missense|TTN|ENST00000359218|protein_coding|-|24587V>24587F|179400895C>A"
179400895,C,C,G,REF_outside_scope,,0,,"missense|TTN|ENST00000342992|protein_coding|-|30959V>30959L|179400895C>G,missense|TTN|ENST00000460472|protein_coding|-|24462V>24462L|179400895C>G,missense|TTN|ENST00000589042|protein_coding|-|33527V>33527L|179400895C>G,missense|TTN|ENST00000591111|protein_coding|-|31886V>31886L|179400895C>G,missense|TTN|ENST00000342175|protein_coding|-|24654V>24654L|179400895C>G,missense|TTN|ENST00000359218|protein_coding|-|24587V>24587L|179400895C>G"
179400895,C,C,T,REF_outside_scope,,0,,"missense|TTN|ENST00000342992|protein_coding|-|30959V>30959I|179400895C>T,missense|TTN|ENST00000460472|protein_coding|-|24462V>24462I|179400895C>T,missense|TTN|ENST00000589042|protein_coding|-|33527V>33527I|179400895C>T,missense|TTN|ENST00000591111|protein_coding|-|31886V>31886I|179400895C>T,missense|TTN|ENST00000342175|protein_coding|-|24654V>24654I|179400895C>T,missense|TTN|ENST00000359218|protein_coding|-|24587V>24587I|179400895C>T"
179400895,C,G,A,scored,0.0,0,"missense|TTN|ENST00000342992|protein_coding|-|30959V>30959L|179400895C>G,missense|TTN|ENST00000460472|protein_coding|-|24462V>24462L|179400895C>G,missense|TTN|ENST00000589042|protein_coding|-|33527V>33527L|179400895C>G,missense|TTN|ENST00000591111|protein_coding|-|31886V>31886L|179400895C>G,missense|TTN|ENST00000342175|protein_coding|-|24654V>24654L|179400895C>G,missense|TTN|ENST00000359218|protein_coding|-|24587V>24587L|179400895C>G","missense|TTN|ENST00000342992|protein_coding|-|30959V>30959F|179400895C>A,missense|TTN|ENST00000460472|protein_coding|-|24462V>24462F|179400895C>A,missense|TTN|ENST00000589042|protein_coding|-|33527V>33527F|179400895C>A,missense|TTN|ENST00000591111|protein_coding|-|31886V>31886F|179400895C>A,missense|TTN|ENST00000342175|protein_coding|-|24654V>24654F|179400895C>A,missense|TTN|ENST00000359218|protein_coding|-|24587V>24587F|179400895C>A"
179400895,C,G,C,REF_outside_scope,,0,"missense|TTN|ENST00000342992|protein_coding|-|30959V>30959L|179400895C>G,missense|TTN|ENST00000460472|protein_coding|-|24462V>24462L|179400895C>G,missense|TTN|ENST00000589042|protein_coding|-|33527V>33527L|179400895C>G,missense|TTN|ENST00000591111|protein_coding|-|31886V>31886L|179400895C>G,missense|TTN|ENST00000342175|protein_coding|-|24654V>24654L|179400895C>G,missense|TTN|ENST00000359218|protein_coding|-|24587V>24587L|179400895C>G",
179400895,C,G,T,scored,0.0,0,"missense|TTN|ENST00000342992|protein_coding|-|30959V>30959L|179400895C>G,missense|TTN|ENST00000460472|protein_coding|-|24462V>24462L|179400895C>G,missense|TTN|ENST00000589042|protein_coding|-|33527V>33527L|179400895C>G,missense|TTN|ENST00000591111|protein_coding|-|31886V>31886L|179400895C>G,missense|TTN|ENST00000342175|protein_coding|-|24654V>24654L|179400895C>G,missense|TTN|ENST00000359218|protein_coding|-|24587V>24587L|179400895C>G","missense|TTN|ENST00000342992|protein_coding|-|30959V>30959I|179400895C>T,missense|TTN|ENST00000460472|protein_coding|-|24462V>24462I|179400895C>T,missense|TTN|ENST00000589042|protein_coding|-|33527V>33527I|179400895C>T,missense|TTN|ENST00000591111|protein_coding|-|31886V>31886I|179400895C>T,missense|TTN|ENST00000342175|protein_coding|-|24654V>24654I|179400895C>T,missense|TTN|ENST00000359218|protein_coding|-|24587V>24587I|179400895C>T"
179400895,C,T,A,scored,0.0,0,"missense|TTN|ENST00000342992|protein_coding|-|30959V>30959I|179400895C>T,missense|TTN|ENST00000460472|protein_coding|-|24462V>24462I|179400895C>T,missense|TTN|ENST00000589042|protein_coding|-|33527V>33527I|179400895C>T,missense|TTN|ENST00000591111|protein_coding|-|31886V>31886I|179400895C>T,missense|TTN|ENST00000342175|protein_coding|-|24654V>24654I|179400895C>T,missense|TTN|ENST00000359218|protein_coding|-|24587V>24587I|179400895C>T","missense|TTN|ENST00000342992|protein_coding|-|30959V>30959F|179400895C>A,missense|TTN|ENST00000460472|protein_coding|-|24462V>24462F|179400895C>A,missense|TTN|ENST00000589042|protein_coding|-|33527V>33527F|179400895C>A,missense|TTN|ENST00000591111|protein_coding|-|31886V>31886F|179400895C>A,missense|TTN|ENST00000342175|protein_coding|-|24654V>24654F|179400895C>A,missense|TTN|ENST00000359218|protein_coding|-|24587V>24587F|179400895C>A"
179400895,C,T,C,REF_outside_scope,,0,"missense|TTN|ENST00000342992|protein_coding|-|30959V>30959I|179400895C>T,missense|TTN|ENST00000460472|protein_coding|-|24462V>24462I|179400895C>T,missense|TTN|ENST00000589042|protein_coding|-|33527V>33527I|179400895C>T,missense|TTN|ENST00000591111|protein_coding|-|31886V>31886I|179400895C>T,missense|TTN|ENST00000342175|protein_coding|-|24654V>24654I|179400895C>T,missense|TTN|ENST00000359218|protein_coding|-|24587V>24587I|179400895C>T",
179400895,C,T,G,scored,0.0,0,"missense|TTN|ENST00000342992|protein_coding|-|30959V>30959I|179400895C>T,missense|TTN|ENST00000460472|protein_coding|-|24462V>24462I|179400895C>T,missense|TTN|ENST00000589042|protein_coding|-|33527V>33527I|179400895C>T,missense|TTN|ENST00000591111|protein_coding|-|31886V>31886I|179400895C>T,missense|TTN|ENST00000342175|protein_coding|-|24654V>24654I|179400895C>T,missense|TTN|ENST00000359218|protein_coding|-|24587V>24587I|179400895C>T","missense|TTN|ENST00000342992|protein_coding|-|30959V>30959L|179400895C>G,missense|TTN|ENST00000460472|protein_coding|-|24462V>24462L|179400895C>G,missense|TTN|ENST00000589042|protein_coding|-|33527V>33527L|179400895C>G,missense|TTN|ENST00000591111|protein_coding|-|31886V>31886L|179400895C>G,missense|TTN|ENST00000342175|protein_coding|-|24654V>24654L|179400895C>G,missense|TTN|ENST00000359218|protein_coding|-|24587V>24587L|179400895C>G"
179404628,T,A,C,scored,0.0,0,"missense|TTN|ENST00000342992|protein_coding|-|30154I>30154F|179404628T>A,missense|TTN|ENST00000460472|protein_coding|-|23657I>23657F|179404628T>A,missense|TTN|ENST00000589042|protein_coding|-|32722I>32722F|179404628T>A,missense|TTN|ENST00000591111|protein_coding|-|31081I>31081F|179404628T>A,missense|TTN|ENST00000342175|protein_coding|-|23849I>23849F|179404628T>A,missense|TTN|ENST00000359218|protein_coding|-|23782I>23782F|179404628T>A","missense|TTN|ENST00000342992|protein_coding|-|30154I>30154V|179404628T>C,missense|TTN|ENST00000460472|protein_coding|-|23657I>23657V|179404628T>C,missense|TTN|ENST00000589042|protein_coding|-|32722I>32722V|179404628T>C,missense|TTN|ENST00000591111|protein_coding|-|31081I>31081V|179404628T>C,missense|TTN|ENST00000342175|protein_coding|-|23849I>23849V|179404628T>C,missense|TTN|ENST00000359218|protein_coding|-|23782I>23782V|179404628T>C"
179404628,T,A,G,scored,0.0,0,"missense|TTN|ENST00000342992|protein_coding|-|30154I>30154F|179404628T>A,missense|TTN|ENST00000460472|protein_coding|-|23657I>23657F|179404628T>A,missense|TTN|ENST00000589042|protein_coding|-|32722I>32722F|179404628T>A,missense|TTN|ENST00000591111|protein_coding|-|31081I>31081F|179404628T>A,missense|TTN|ENST00000342175|protein_coding|-|23849I>23849F|179404628T>A,missense|TTN|ENST00000359218|protein_coding|-|23782I>23782F|179404628T>A","missense|TTN|ENST00000342992|protein_coding|-|30154I>30154L|179404628T>G,missense|TTN|ENST00000460472|protein_coding|-|23657I>23657L|179404628T>G,missense|TTN|ENST00000589042|protein_coding|-|32722I>32722L|179404628T>G,missense|TTN|ENST00000591111|protein_coding|-|31081I>31081L|179404628T>G,missense|TTN|ENST00000342175|protein_coding|-|23849I>23849L|179404628T>G,missense|TTN|ENST00000359218|protein_coding|-|23782I>23782L|179404628T>G"
179404628,T,A,T,REF_outside_scope,,0,"missense|TTN|ENST00000342992|protein_coding|-|30154I>30154F|179404628T>A,missense|TTN|ENST00000460472|protein_coding|-|23657I>23657F|179404628T>A,missense|TTN|ENST00000589042|protein_coding|-|32722I>32722F|179404628T>A,missense|TTN|ENST00000591111|protein_coding|-|31081I>31081F|179404628T>A,missense|TTN|ENST00000342175|protein_coding|-|23849I>23849F|179404628T>A,missense|TTN|ENST00000359218|protein_coding|-|23782I>23782F|179404628T>A",
179404628,T,C,A,scored,0.0,0,"missense|TTN|ENST00000342992|protein_coding|-|30154I>30154V|179404628T>C,missense|TTN|ENST00000460472|protein_coding|-|23657I>23657V|179404628T>C,missense|TTN|ENST00000589042|protein_coding|-|32722I>32722V|179404628T>C,missense|TTN|ENST00000591111|protein_coding|-|31081I>31081V|179404628T>C,missense|TTN|ENST00000342175|protein_coding|-|23849I>23849V|179404628T>C,missense|TTN|ENST00000359218|protein_coding|-|23782I>23782V|179404628T>C","missense|TTN|ENST00000342992|protein_coding|-|30154I>30154F|179404628T>A,missense|TTN|ENST00000460472|protein_coding|-|23657I>23657F|179404628T>A,missense|TTN|ENST00000589042|protein_coding|-|32722I>32722F|179404628T>A,missense|TTN|ENST00000591111|protein_coding|-|31081I>31081F|179404628T>A,missense|TTN|ENST00000342175|protein_coding|-|23849I>23849F|179404628T>A,missense|TTN|ENST00000359218|protein_coding|-|23782I>23782F|179404628T>A"
179404628,T,C,G,scored,0.0,0,"missense|TTN|ENST00000342992|protein_coding|-|30154I>30154V|179404628T>C,missense|TTN|ENST00000460472|protein_coding|-|23657I>23657V|179404628T>C,missense|TTN|ENST00000589042|protein_coding|-|32722I>32722V|179404628T>C,missense|TTN|ENST00000591111|protein_coding|-|31081I>31081V|179404628T>C,missense|TTN|ENST00000342175|protein_coding|-|23849I>23849V|179404628T>C,missense|TTN|ENST00000359218|protein_coding|-|23782I>23782V|179404628T>C","missense|TTN|ENST00000342992|protein_coding|-|30154I>30154L|179404628T>G,missense|TTN|ENST00000460472|protein_coding|-|23657I>23657L|179404628T>G,missense|TTN|ENST00000589042|protein_coding|-|32722I>32722L|179404628T>G,missense|TTN|ENST00000591111|protein_coding|-|31081I>31081L|179404628T>G,missense|TTN|ENST00000342175|protein_coding|-|23849I>23849L|179404628T>G,missense|TTN|ENST00000359218|protein_coding|-|23782I>23782L|179404628T>G"
179404628,T,C,T,REF_outside_scope,,0,"missense|TTN|ENST00000342992|protein_coding|-|30154I>30154V|179404628T>C,missense|TTN|ENST00000460472|protein_coding|-|23657I>23657V|179404628T>C,missense|TTN|ENST00000589042|protein_coding|-|32722I>32722V|179404628T>C,missense|TTN|ENST00000591111|protein_coding|-|31081I>31081V|179404628T>C,missense|TTN|ENST00000342175|protein_coding|-|23849I>23849V|179404628T>C,missense|TTN|ENST00000359218|protein_coding|-|23782I>23782V|179404628T>C",
179404628,T,G,A,scored,0.0,0,"missense|TTN|ENST00000342992|protein_coding|-|30154I>30154L|179404628T>G,missense|TTN|ENST00000460472|protein_coding|-|23657I>23657L|179404628T>G,missense|TTN|ENST00000589042|protein_coding|-|32722I>32722L|179404628T>G,missense|TTN|ENST00000591111|protein_coding|-|31081I>31081L|179404628T>G,missense|TTN|ENST00000342175|protein_coding|-|23849I>23849L|179404628T>G,missense|TTN|ENST00000359218|protein_coding|-|23782I>23782L|179404628T>G","missense|TTN|ENST00000342992|protein_coding|-|30154I>30154F|179404628T>A,missense|TTN|ENST00000460472|protein_coding|-|23657I>23657F|179404628T>A,missense|TTN|ENST00000589042|protein_coding|-|32722I>32722F|179404628T>A,missense|TTN|ENST00000591111|protein_coding|-|31081I>31081F|179404628T>A,missense|TTN|ENST00000342175|protein_coding|-|23849I>23849F|179404628T>A,missense|TTN|ENST00000359218|protein_coding|-|23782I>23782F|179404628T>A"
179404628,T,G,C,scored,0.0,0,"missense|TTN|ENST00000342992|protein_coding|-|30154I>30154L|179404628T>G,missense|TTN|ENST00000460472|protein_coding|-|23657I>23657L|179404628T>G,missense|TTN|ENST00000589042|protein_coding|-|32722I>32722L|179404628T>G,missense|TTN|ENST00000591111|protein_coding|-|31081I>31081L|179404628T>G,missense|TTN|ENST00000342175|protein_coding|-|23849I>23849L|179404628T>G,missense|TTN|ENST00000359218|protein_coding|-|23782I>23782L|179404628T>G","missense|TTN|ENST00000342992|protein_coding|-|30154I>30154V|179404628T>C,missense|TTN|ENST00000460472|protein_coding|-|23657I>23657V|179404628T>C,missense|TTN|ENST00000589042|protein_coding|-|32722I>32722V|179404628T>C,missense|TTN|ENST00000591111|protein_coding|-|31081I>31081V|179404628T>C,missense|TTN|ENST00000342175|protein_coding|-|23849I>23849V|179404628T>C,missense|TTN|ENST00000359218|protein_coding|-|23782I>23782V|179404628T>C"
179404628,T,G,T,REF_outside_scope,,0,"missense|TTN|ENST00000342992|protein_coding|-|30154I>30154L|179404628T>G,missense|TTN|ENST00000460472|protein_coding|-|23657I>23657L|179404628T>G,missense|TTN|ENST00000589042|protein_coding|-|32722I>32722L|179404628T>G,missense|TTN|ENST00000591111|protein_coding|-|31081I>31081L|179404628T>G,missense|TTN|ENST00000342175|protein_coding|-|23849I>23849L|179404628T>G,missense|TTN|ENST00000359218|protein_coding|-|23782I>23782L|179404628T>G",
179404628,T,T,A,REF_outside_scope,,0,,"missense|TTN|ENST00000342992|protein_coding|-|30154I>30154F|179404628T>A,missense|TTN|ENST00000460472|protein_coding|-|23657I>23657F|179404628T>A,missense|TTN|ENST00000589042|protein_coding|-|32722I>32722F|179404628T>A,missense|TTN|ENST00000591111|protein_coding|-|31081I>31081F|179404628T>A,missense|TTN|ENST00000342175|protein_coding|-|23849I>23849F|179404628T>A,missense|TTN|ENST00000359218|protein_coding|-|23782I>23782F|179404628T>A"
179404628,T,T,C,REF_outside_scope,,0,,"missense|TTN|ENST00000342992|protein_coding|-|30154I>30154V|179404628T>C,missense|TTN|ENST00000460472|protein_coding|-|23657I>23657V|179404628T>C,missense|TTN|ENST00000589042|protein_coding|-|32722I>32722V|179404628T>C,missense|TTN|ENST00000591111|protein_coding|-|31081I>31081V|179404628T>C,missense|TTN|ENST00000342175|protein_coding|-|23849I>23849V|179404628T>C,missense|TTN|ENST00000359218|protein_coding|-|23782I>23782V|179404628T>C"
179404628,T,T,G,REF_outside_scope,,0,,"missense|TTN|ENST00000342992|protein_coding|-|30154I>30154L|179404628T>G,missense|TTN|ENST00000460472|protein_coding|-|23657I>23657L|179404628T>G,missense|TTN|ENST00000589042|protein_coding|-|32722I>32722L|179404628T>G,missense|TTN|ENST00000591111|protein_coding|-|31081I>31081L|179404628T>G,missense|TTN|ENST00000342175|protein_coding|-|23849I>23849L|179404628T>G,missense|TTN|ENST00000359218|protein_coding|-|23782I>23782L|179404628T>G"
179421694,A,A,C,REF_outside_scope,,0,,"missense|TTN|ENST00000342992|protein_coding|-|26828I>26828S|179421694A>C,missense|TTN|ENST00000460472|protein_coding|-|20331I>20331S|179421694A>C,missense|TTN|ENST00000589042|protein_coding|-|29396I>29396S|179421694A>C,missense|TTN|ENST00000591111|protein_coding|-|27755I>27755S|179421694A>C,missense|TTN|ENST00000342175|protein_coding|-|20523I>20523S|179421694A>C,missense|TTN|ENST00000359218|protein_coding|-|20456I>20456S|179421694A>C"
179421694,A,A,G,REF_outside_scope,,0,,"missense|TTN|ENST00000342992|protein_coding|-|26828I>26828T|179421694A>G,missense|TTN|ENST00000460472|protein_coding|-|20331I>20331T|179421694A>G,missense|TTN|ENST00000589042|protein_coding|-|29396I>29396T|179421694A>G,missense|TTN|ENST00000591111|protein_coding|-|27755I>27755T|179421694A>G,missense|TTN|ENST00000342175|protein_coding|-|20523I>20523T|179421694A>G,missense|TTN|ENST00000359218|protein_coding|-|20456I>20456T|179421694A>G"
179421694,A,A,T,REF_outside_scope,,0,,"missense|TTN|ENST00000342992|protein_coding|-|26828I>26828N|179421694A>T,missense|TTN|ENST00000460472|protein_coding|-|20331I>20331N|179421694A>T,missense|TTN|ENST00000589042|protein_coding|-|29396I>29396N|179421694A>T,missense|TTN|ENST00000591111|protein_coding|-|27755I>27755N|179421694A>T,missense|TTN|ENST00000342175|protein_coding|-|20523I>20523N|179421694A>T,missense|TTN|ENST00000359218|protein_coding|-|20456I>20456N|179421694A>T"
179421694,A,C,A,REF_outside_scope,,0,"missense|TTN|ENST00000342992|protein_coding|-|26828I>26828S|179421694A>C,missense|TTN|ENST00000460472|protein_coding|-|20331I>20331S|179421694A>C,missense|TTN|ENST00000589042|protein_coding|-|29396I>29396S|179421694A>C,missense|TTN|ENST00000591111|protein_coding|-|27755I>27755S|179421694A>C,missense|TTN|ENST00000342175|protein_coding|-|20523I>20523S|179421694A>C,missense|TTN|ENST00000359218|protein_coding|-|20456I>20456S|179421694A>C",
179421694,A,C,G,scored,0.0,0,"missense|TTN|ENST00000342992|protein_coding|-|26828I>26828S|179421694A>C,missense|TTN|ENST00000460472|protein_coding|-|20331I>20331S|179421694A>C,missense|TTN|ENST00000589042|protein_coding|-|29396I>29396S|179421694A>C,missense|TTN|ENST00000591111|protein_coding|-|27755I>27755S|179421694A>C,missense|TTN|ENST00000342175|protein_coding|-|20523I>20523S|179421694A>C,missense|TTN|ENST00000359218|protein_coding|-|20456I>20456S|179421694A>C","missense|TTN|ENST00000342992|protein_coding|-|26828I>26828T|179421694A>G,missense|TTN|ENST00000460472|protein_coding|-|20331I>20331T|179421694A>G,missense|TTN|ENST00000589042|protein_coding|-|29396I>29396T|179421694A>G,missense|TTN|ENST00000591111|protein_coding|-|27755I>27755T|179421694A>G,missense|TTN|ENST00000342175|protein_coding|-|20523I>20523T|179421694A>G,missense|TTN|ENST00000359218|protein_coding|-|20456I>20456T|179421694A>G"
179421694,A,C,T,scored,0.0,0,"missense|TTN|ENST00000342992|protein_coding|-|26828I>26828S|179421694A>C,missense|TTN|ENST00000460472|protein_coding|-|20331I>20331S|179421694A>C,missense|TTN|ENST00000589042|protein_coding|-|29396I>29396S|179421694A>C,missense|TTN|ENST00000591111|protein_coding|-|27755I>27755S|179421694A>C,missense|TTN|ENST00000342175|protein_coding|-|20523I>20523S|179421694A>C,missense|TTN|ENST00000359218|protein_coding|-|20456I>20456S|179421694A>C","missense|TTN|ENST00000342992|protein_coding|-|26828I>26828N|179421694A>T,missense|TTN|ENST00000460472|protein_coding|-|20331I>20331N|179421694A>T,missense|TTN|ENST00000589042|protein_coding|-|29396I>29396N|179421694A>T,missense|TTN|ENST00000591111|protein_coding|-|27755I>27755N|179421694A>T,missense|TTN|ENST00000342175|protein_coding|-|20523I>20523N|179421694A>T,missense|TTN|ENST00000359218|protein_coding|-|20456I>20456N|179421694A>T"
179421694,A,G,A,REF_outside_scope,,0,"missense|TTN|ENST00000342992|protein_coding|-|26828I>26828T|179421694A>G,missense|TTN|ENST00000460472|protein_coding|-|20331I>20331T|179421694A>G,missense|TTN|ENST00000589042|protein_coding|-|29396I>29396T|179421694A>G,missense|TTN|ENST00000591111|protein_coding|-|27755I>27755T|179421694A>G,missense|TTN|ENST00000342175|protein_coding|-|20523I>20523T|179421694A>G,missense|TTN|ENST00000359218|protein_coding|-|20456I>20456T|179421694A>G",
179421694,A,G,C,scored,0.0,0,"missense|TTN|ENST00000342992|protein_coding|-|26828I>26828T|179421694A>G,missense|TTN|ENST00000460472|protein_coding|-|20331I>20331T|179421694A>G,missense|TTN|ENST00000589042|protein_coding|-|29396I>29396T|179421694A>G,missense|TTN|ENST00000591111|protein_coding|-|27755I>27755T|179421694A>G,missense|TTN|ENST00000342175|protein_coding|-|20523I>20523T|179421694A>G,missense|TTN|ENST00000359218|protein_coding|-|20456I>20456T|179421694A>G","missense|TTN|ENST00000342992|protein_coding|-|26828I>26828S|179421694A>C,missense|TTN|ENST00000460472|protein_coding|-|20331I>20331S|179421694A>C,missense|TTN|ENST00000589042|protein_coding|-|29396I>29396S|179421694A>C,missense|TTN|ENST00000591111|protein_coding|-|27755I>27755S|179421694A>C,missense|TTN|ENST00000342175|protein_coding|-|20523I>20523S|179421694A>C,missense|TTN|ENST00000359218|protein_coding|-|20456I>20456S|179421694A>C"
179421694,A,G,T,scored,0.0,0,"missense|TTN|ENST00000342992|protein_coding|-|26828I>26828T|179421694A>G,missense|TTN|ENST00000460472|protein_coding|-|20331I>20331T|179421694A>G,missense|TTN|ENST00000589042|protein_coding|-|29396I>29396T|179421694A>G,missense|TTN|ENST00000591111|protein_coding|-|27755I>27755T|179421694A>G,missense|TTN|ENST00000342175|protein_coding|-|20523I>20523T|179421694A>G,missense|TTN|ENST00000359218|protein_coding|-|20456I>20456T|179421694A>G","missense|TTN|ENST00000342992|protein_coding|-|26828I>26828N|179421694A>T,missense|TTN|ENST00000460472|protein_coding|-|20331I>20331N|179421694A>T,missense|TTN|ENST00000589042|protein_coding|-|29396I>29396N|179421694A>T,missense|TTN|ENST00000591111|protein_coding|-|27755I>27755N|179421694A>T,missense|TTN|ENST00000342175|protein_coding|-|20523I>20523N|179421694A>T,missense|TTN|ENST00000359218|protein_coding|-|20456I>20456N|179421694A>T"
179421694,A,T,A,REF_outside_scope,,0,"missense|TTN|ENST00000342992|protein_coding|-|26828I>26828N|179421694A>T,missense|TTN|ENST00000460472|protein_coding|-|20331I>20331N|179421694A>T,missense|TTN|ENST00000589042|protein_coding|-|29396I>29396N|179421694A>T,missense|TTN|ENST00000591111|protein_coding|-|27755I>27755N|179421694A>T,missense|TTN|ENST00000342175|protein_coding|-|20523I>20523N|179421694A>T,missense|TTN|ENST00000359218|protein_coding|-|20456I>20456N|179421694A>T",
179421694,A,T,C,scored,0.0,0,"missense|TTN|ENST00000342992|protein_coding|-|26828I>26828N|179421694A>T,missense|TTN|ENST00000460472|protein_coding|-|20331I>20331N|179421694A>T,missense|TTN|ENST00000589042|protein_coding|-|29396I>29396N|179421694A>T,missense|TTN|ENST00000591111|protein_coding|-|27755I>27755N|179421694A>T,missense|TTN|ENST00000342175|protein_coding|-|20523I>20523N|179421694A>T,missense|TTN|ENST00000359218|protein_coding|-|20456I>20456N|179421694A>T","missense|TTN|ENST00000342992|protein_coding|-|26828I>26828S|179421694A>C,missense|TTN|ENST00000460472|protein_coding|-|20331I>20331S|179421694A>C,missense|TTN|ENST00000589042|protein_coding|-|29396I>29396S|179421694A>C,missense|TTN|ENST00000591111|protein_coding|-|27755I>27755S|179421694A>C,missense|TTN|ENST00000342175|protein_coding|-|20523I>20523S|179421694A>C,missense|TTN|ENST00000359218|protein_coding|-|20456I>20456S|179421694A>C"
179421694,A,T,G,scored,0.0,0,"missense|TTN|ENST00000342992|protein_coding|-|26828I>26828N|179421694A>T,missense|TTN|ENST00000460472|protein_coding|-|20331I>20331N|179421694A>T,missense|TTN|ENST00000589042|protein_coding|-|29396I>29396N|179421694A>T,missense|TTN|ENST00000591111|protein_coding|-|27755I>27755N|179421694A>T,missense|TTN|ENST00000342175|protein_coding|-|20523I>20523N|179421694A>T,missense|TTN|ENST00000359218|protein_coding|-|20456I>20456N|179421694A>T","missense|TTN|ENST00000342992|protein_coding|-|26828I>26828T|179421694A>G,missense|TTN|ENST00000460472|protein_coding|-|20331I>20331T|179421694A>G,missense|TTN|ENST00000589042|protein_coding|-|29396I>29396T|179421694A>G,missense|TTN|ENST00000591111|protein_coding|-|27755I>27755T|179421694A>G,missense|TTN|ENST00000342175|protein_coding|-|20523I>20523T|179421694A>G,missense|TTN|ENST00000359218|protein_coding|-|20456I>20456T|179421694A>G"
179427186,A,A,C,REF_outside_scope,,0,,"synonymous|TTN|ENST00000342992|protein_coding|-|25323G|179427186A>C,synonymous|TTN|ENST00000460472|protein_coding|-|18826G|179427186A>C,synonymous|TTN|ENST00000589042|protein_coding|-|27891G|179427186A>C,synonymous|TTN|ENST00000591111|protein_coding|-|26250G|179427186A>C,synonymous|TTN|ENST00000342175|protein_coding|-|19018G|179427186A>C,synonymous|TTN|ENST00000359218|protein_coding|-|18951G|179427186A>C"
179427186,A,A,G,REF_outside_scope,,0,,"synonymous|TTN|ENST00000342992|protein_coding|-|25323G|179427186A>G,synonymous|TTN|ENST00000460472|protein_coding|-|18826G|179427186A>G,synonymous|TTN|ENST00000589042|protein_coding|-|27891G|179427186A>G,synonymous|TTN|ENST00000591111|protein_coding|-|26250G|179427186A>G,synonymous|TTN|ENST00000342175|protein_coding|-|19018G|179427186A>G,synonymous|TTN|ENST00000359218|protein_coding|-|18951G|179427186A>G"
179427186,A,A,T,REF_outside_scope,,0,,"synonymous|TTN|ENST00000342992|protein_coding|-|25323G|179427186A>T,synonymous|TTN|ENST00000460472|protein_coding|-|18826G|179427186A>T,synonymous|TTN|ENST00000589042|protein_coding|-|27891G|179427186A>T,synonymous|TTN|ENST00000591111|protein_coding|-|26250G|179427186A>T,synonymous|TTN|ENST00000342175|protein_coding|-|19018G|179427186A>T,synonymous|TTN|ENST00000359218|protein_coding|-|18951G|179427186A>T"
179427186,A,C,A,REF_outside_scope,,0,"synonymous|TTN|ENST00000342992|protein_coding|-|25323G|179427186A>C,synonymous|TTN|ENST00000460472|protein_coding|-|18826G|179427186A>C,synonymous|TTN|ENST00000589042|protein_coding|-|27891G|179427186A>C,synonymous|TTN|ENST00000591111|protein_coding|-|26250G|179427186A>C,synonymous|TTN|ENST00000342175|protein_coding|-|19018G|179427186A>C,synonymous|TTN|ENST00000359218|protein_coding|-|18951G|179427186A>C",
179427186,A,C,G,scored,0.0,0,"synonymous|TTN|ENST00000342992|protein_coding|-|25323G|179427186A>C,synonymous|TTN|ENST00000460472|protein_coding|-|18826G|179427186A>C,synonymous|TTN|ENST00000589042|protein_coding|-|27891G|179427186A>C,synonymous|TTN|ENST00000591111|protein_coding|-|26250G|179427186A>C,synonymous|TTN|ENST00000342175|protein_coding|-|19018G|179427186A>C,synonymous|TTN|ENST00000359218|protein_coding|-|18951G|179427186A>C","synonymous|TTN|ENST00000342992|protein_coding|-|25323G|179427186A>G,synonymous|TTN|ENST00000460472|protein_coding|-|18826G|179427186A>G,synonymous|TTN|ENST00000589042|protein_coding|-|27891G|179427186A>G,synonymous|TTN|ENST00000591111|protein_coding|-|26250G|179427186A>G,synonymous|TTN|ENST00000342175|protein_coding|-|19018G|179427186A>G,synonymous|TTN|ENST00000359218|protein_coding|-|18951G|179427186A>G"
179427186,A,C,T,scored,0.0,0,"synonymous|TTN|ENST00000342992|protein_coding|-|25323G|179427186A>C,synonymous|TTN|ENST00000460472|protein_coding|-|18826G|179427186A>C,synonymous|TTN|ENST00000589042|protein_coding|-|27891G|179427186A>C,synonymous|TTN|ENST00000591111|protein_coding|-|26250G|179427186A>C,synonymous|TTN|ENST00000342175|protein_coding|-|19018G|179427186A>C,synonymous|TTN|ENST00000359218|protein_coding|-|18951G|179427186A>C","synonymous|TTN|ENST00000342992|protein_coding|-|25323G|179427186A>T,synonymous|TTN|ENST00000460472|protein_coding|-|18826G|179427186A>T,synonymous|TTN|ENST00000589042|protein_coding|-|27891G|179427186A>T,synonymous|TTN|ENST00000591111|protein_coding|-|26250G|179427186A>T,synonymous|TTN|ENST00000342175|protein_coding|-|19018G|179427186A>T,synonymous|TTN|ENST00000359218|protein_coding|-|18951G|179427186A>T"
179427186,A,G,A,REF_outside_scope,,0,"synonymous|TTN|ENST00000342992|protein_coding|-|25323G|179427186A>G,synonymous|TTN|ENST00000460472|protein_coding|-|18826G|179427186A>G,synonymous|TTN|ENST00000589042|protein_coding|-|27891G|179427186A>G,synonymous|TTN|ENST00000591111|protein_coding|-|26250G|179427186A>G,synonymous|TTN|ENST00000342175|protein_coding|-|19018G|179427186A>G,synonymous|TTN|ENST00000359218|protein_coding|-|18951G|179427186A>G",
179427186,A,G,C,scored,0.0,0,"synonymous|TTN|ENST00000342992|protein_coding|-|25323G|179427186A>G,synonymous|TTN|ENST00000460472|protein_coding|-|18826G|179427186A>G,synonymous|TTN|ENST00000589042|protein_coding|-|27891G|179427186A>G,synonymous|TTN|ENST00000591111|protein_coding|-|26250G|179427186A>G,synonymous|TTN|ENST00000342175|protein_coding|-|19018G|179427186A>G,synonymous|TTN|ENST00000359218|protein_coding|-|18951G|179427186A>G","synonymous|TTN|ENST00000342992|protein_coding|-|25323G|179427186A>C,synonymous|TTN|ENST00000460472|protein_coding|-|18826G|179427186A>C,synonymous|TTN|ENST00000589042|protein_coding|-|27891G|179427186A>C,synonymous|TTN|ENST00000591111|protein_coding|-|26250G|179427186A>C,synonymous|TTN|ENST00000342175|protein_coding|-|19018G|179427186A>C,synonymous|TTN|ENST00000359218|protein_coding|-|18951G|179427186A>C"
179427186,A,G,T,scored,0.0,0,"synonymous|TTN|ENST00000342992|protein_coding|-|25323G|179427186A>G,synonymous|TTN|ENST00000460472|protein_coding|-|18826G|179427186A>G,synonymous|TTN|ENST00000589042|protein_coding|-|27891G|179427186A>G,synonymous|TTN|ENST00000591111|protein_coding|-|26250G|179427186A>G,synonymous|TTN|ENST00000342175|protein_coding|-|19018G|179427186A>G,synonymous|TTN|ENST00000359218|protein_coding|-|18951G|179427186A>G","synonymous|TTN|ENST00000342992|protein_coding|-|25323G|179427186A>T,synonymous|TTN|ENST00000460472|protein_coding|-|18826G|179427186A>T,synonymous|TTN|ENST00000589042|protein_coding|-|27891G|179427186A>T,synonymous|TTN|ENST00000591111|protein_coding|-|26250G|179427186A>T,synonymous|TTN|ENST00000342175|protein_coding|-|19018G|179427186A>T,synonymous|TTN|ENST00000359218|protein_coding|-|18951G|179427186A>T"
179427186,A,T,A,REF_outside_scope,,0,"synonymous|TTN|ENST00000342992|protein_coding|-|25323G|179427186A>T,synonymous|TTN|ENST00000460472|protein_coding|-|18826G|179427186A>T,synonymous|TTN|ENST00000589042|protein_coding|-|27891G|179427186A>T,synonymous|TTN|ENST00000591111|protein_coding|-|26250G|179427186A>T,synonymous|TTN|ENST00000342175|protein_coding|-|19018G|179427186A>T,synonymous|TTN|ENST00000359218|protein_coding|-|18951G|179427186A>T",
179427186,A,T,C,scored,0.0,0,"synonymous|TTN|ENST00000342992|protein_coding|-|25323G|179427186A>T,synonymous|TTN|ENST00000460472|protein_coding|-|18826G|179427186A>T,synonymous|TTN|ENST00000589042|protein_coding|-|27891G|179427186A>T,synonymous|TTN|ENST00000591111|protein_coding|-|26250G|179427186A>T,synonymous|TTN|ENST00000342175|protein_coding|-|19018G|179427186A>T,synonymous|TTN|ENST00000359218|protein_coding|-|18951G|179427186A>T","synonymous|TTN|ENST00000342992|protein_coding|-|25323G|179427186A>C,synonymous|TTN|ENST00000460472|protein_coding|-|18826G|179427186A>C,synonymous|TTN|ENST00000589042|protein_coding|-|27891G|179427186A>C,synonymous|TTN|ENST00000591111|protein_coding|-|26250G|179427186A>C,synonymous|TTN|ENST00000342175|protein_coding|-|19018G|179427186A>C,synonymous|TTN|ENST00000359218|protein_coding|-|18951G|179427186A>C"
179427186,A,T,G,scored,0.0,0,"synonymous|TTN|ENST00000342992|protein_coding|-|25323G|179427186A>T,synonymous|TTN|ENST00000460472|protein_coding|-|18826G|179427186A>T,synonymous|TTN|ENST00000589042|protein_coding|-|27891G|179427186A>T,synonymous|TTN|ENST00000591111|protein_coding|-|26250G|179427186A>T,synonymous|TTN|ENST00000342175|protein_coding|-|19018G|179427186A>T,synonymous|TTN|ENST00000359218|protein_coding|-|18951G|179427186A>T","synonymous|TTN|ENST00000342992|protein_coding|-|25323G|179427186A>G,synonymous|TTN|ENST00000460472|protein_coding|-|18826G|179427186A>G,synonymous|TTN|ENST00000589042|protein_coding|-|27891G|179427186A>G,synonymous|TTN|ENST00000591111|protein_coding|-|26250G|179427186A>G,synonymous|TTN|ENST00000342175|protein_coding|-|19018G|179427186A>G,synonymous|TTN|ENST00000359218|protein_coding|-|18951G|179427186A>G"
179427536,T,A,C,scored,0.0,0,"missense|TTN|ENST00000342992|protein_coding|-|25207I>25207L|179427536T>A,missense|TTN|ENST00000460472|protein_coding|-|18710I>18710L|179427536T>A,missense|TTN|ENST00000589042|protein_coding|-|27775I>27775L|179427536T>A,missense|TTN|ENST00000591111|protein_coding|-|26134I>26134L|179427536T>A,missense|TTN|ENST00000342175|protein_coding|-|18902I>18902L|179427536T>A,missense|TTN|ENST00000359218|protein_coding|-|18835I>18835L|179427536T>A","missense|TTN|ENST00000342992|protein_coding|-|25207I>25207V|179427536T>C,missense|TTN|ENST00000460472|protein_coding|-|18710I>18710V|179427536T>C,missense|TTN|ENST00000589042|protein_coding|-|27775I>27775V|179427536T>C,missense|TTN|ENST00000591111|protein_coding|-|26134I>26134V|179427536T>C,missense|TTN|ENST00000342175|protein_coding|-|18902I>18902V|179427536T>C,missense|TTN|ENST00000359218|protein_coding|-|18835I>18835V|179427536T>C"
179427536,T,A,G,scored,0.0,0,"missense|TTN|ENST00000342992|protein_coding|-|25207I>25207L|179427536T>A,missense|TTN|ENST00000460472|protein_coding|-|18710I>18710L|179427536T>A,missense|TTN|ENST00000589042|protein_coding|-|27775I>27775L|179427536T>A,missense|TTN|ENST00000591111|protein_coding|-|26134I>26134L|179427536T>A,missense|TTN|ENST00000342175|protein_coding|-|18902I>18902L|179427536T>A,missense|TTN|ENST00000359218|protein_coding|-|18835I>18835L|179427536T>A","missense|TTN|ENST00000342992|protein_coding|-|25207I>25207L|179427536T>G,missense|TTN|ENST00000460472|protein_coding|-|18710I>18710L|179427536T>G,missense|TTN|ENST00000589042|protein_coding|-|27775I>27775L|179427536T>G,missense|TTN|ENST00000591111|protein_coding|-|26134I>26134L|179427536T>G,missense|TTN|ENST00000342175|protein_coding|-|18902I>18902L|179427536T>G,missense|TTN|ENST00000359218|protein_coding|-|18835I>18835L|179427536T>G"
179427536,T,A,T,REF_outside_scope,,0,"missense|TTN|ENST00000342992|protein_coding|-|25207I>25207L|179427536T>A,missense|TTN|ENST00000460472|protein_coding|-|18710I>18710L|179427536T>A,missense|TTN|ENST00000589042|protein_coding|-|27775I>27775L|179427536T>A,missense|TTN|ENST00000591111|protein_coding|-|26134I>26134L|179427536T>A,missense|TTN|ENST00000342175|protein_coding|-|18902I>18902L|179427536T>A,missense|TTN|ENST00000359218|protein_coding|-|18835I>18835L|179427536T>A",
179427536,T,C,A,scored,0.0,0,"missense|TTN|ENST00000342992|protein_coding|-|25207I>25207V|179427536T>C,missense|TTN|ENST00000460472|protein_coding|-|18710I>18710V|179427536T>C,missense|TTN|ENST00000589042|protein_coding|-|27775I>27775V|179427536T>C,missense|TTN|ENST00000591111|protein_coding|-|26134I>26134V|179427536T>C,missense|TTN|ENST00000342175|protein_coding|-|18902I>18902V|179427536T>C,missense|TTN|ENST00000359218|protein_coding|-|18835I>18835V|179427536T>C","missense|TTN|ENST00000342992|protein_coding|-|25207I>25207L|179427536T>A,missense|TTN|ENST00000460472|protein_coding|-|18710I>18710L|179427536T>A,missense|TTN|ENST00000589042|protein_coding|-|27775I>27775L|179427536T>A,missense|TTN|ENST00000591111|protein_coding|-|26134I>26134L|179427536T>A,missense|TTN|ENST00000342175|protein_coding|-|18902I>18902L|179427536T>A,missense|TTN|ENST00000359218|protein_coding|-|18835I>18835L|179427536T>A"
179427536,T,C,G,scored,0.0,0,"missense|TTN|ENST00000342992|protein_coding|-|25207I>25207V|179427536T>C,missense|TTN|ENST00000460472|protein_coding|-|18710I>18710V|179427536T>C,missense|TTN|ENST00000589042|protein_coding|-|27775I>27775V|179427536T>C,missense|TTN|ENST00000591111|protein_coding|-|26134I>26134V|179427536T>C,missense|TTN|ENST00000342175|protein_coding|-|18902I>18902V|179427536T>C,missense|TTN|ENST00000359218|protein_coding|-|18835I>18835V|179427536T>C","missense|TTN|ENST00000342992|protein_coding|-|25207I>25207L|179427536T>G,missense|TTN|ENST00000460472|protein_coding|-|18710I>18710L|179427536T>G,missense|TTN|ENST00000589042|protein_coding|-|27775I>27775L|179427536T>G,missense|TTN|ENST00000591111|protein_coding|-|26134I>26134L|179427536T>G,missense|TTN|ENST00000342175|protein_coding|-|18902I>18902L|179427536T>G,missense|TTN|ENST00000359218|protein_coding|-|18835I>18835L|179427536T>G"
179427536,T,C,T,REF_outside_scope,,0,"missense|TTN|ENST00000342992|protein_coding|-|25207I>25207V|179427536T>C,missense|TTN|ENST00000460472|protein_coding|-|18710I>18710V|179427536T>C,missense|TTN|ENST00000589042|protein_coding|-|27775I>27775V|179427536T>C,missense|TTN|ENST00000591111|protein_coding|-|26134I>26134V|179427536T>C,missense|TTN|ENST00000342175|protein_coding|-|18902I>18902V|179427536T>C,missense|TTN|ENST00000359218|protein_coding|-|18835I>18835V|179427536T>C",
179427536,T,G,A,scored,0.0,0,"missense|TTN|ENST00000342992|protein_coding|-|25207I>25207L|179427536T>G,missense|TTN|ENST00000460472|protein_coding|-|18710I>18710L|179427536T>G,missense|TTN|ENST00000589042|protein_coding|-|27775I>27775L|179427536T>G,missense|TTN|ENST00000591111|protein_coding|-|26134I>26134L|179427536T>G,missense|TTN|ENST00000342175|protein_coding|-|18902I>18902L|179427536T>G,missense|TTN|ENST00000359218|protein_coding|-|18835I>18835L|179427536T>G","missense|TTN|ENST00000342992|protein_coding|-|25207I>25207L|179427536T>A,missense|TTN|ENST00000460472|protein_coding|-|18710I>18710L|179427536T>A,missense|TTN|ENST00000589042|protein_coding|-|27775I>27775L|179427536T>A,missense|TTN|ENST00000591111|protein_coding|-|26134I>26134L|179427536T>A,missense|TTN|ENST00000342175|protein_coding|-|18902I>18902L|179427536T>A,missense|TTN|ENST00000359218|protein_coding|-|18835I>18835L|179427536T>A"
179427536,T,G,C,scored,0.0,0,"missense|TTN|ENST00000342992|protein_coding|-|25207I>25207L|179427536T>G,missense|TTN|ENST00000460472|protein_coding|-|18710I>18710L|179427536T>G,missense|TTN|ENST00000589042|protein_coding|-|27775I>27775L|179427536T>G,missense|TTN|ENST00000591111|protein_coding|-|26134I>26134L|179427536T>G,missense|TTN|ENST00000342175|protein_coding|-|18902I>18902L|179427536T>G,missense|TTN|ENST00000359218|protein_coding|-|18835I>18835L|179427536T>G","missense|TTN|ENST00000342992|protein_coding|-|25207I>25207V|179427536T>C,missense|TTN|ENST00000460472|protein_coding|-|18710I>18710V|179427536T>C,missense|TTN|ENST00000589042|protein_coding|-|27775I>27775V|179427536T>C,missense|TTN|ENST00000591111|protein_coding|-|26134I>26134V|179427536T>C,missense|TTN|ENST00000342175|protein_coding|-|18902I>18902V|179427536T>C,missense|TTN|ENST00000359218|protein_coding|-|18835I>18835V|179427536T>C"
179427536,T,G,T,REF_outside_scope,,0,"missense|TTN|ENST00000342992|protein_coding|-|25207I>25207L|179427536T>G,missense|TTN|ENST00000460472|protein_coding|-|18710I>18710L|179427536T>G,missense|TTN|ENST00000589042|protein_coding|-|27775I>27775L|179427536T>G,missense|TTN|ENST00000591111|protein_coding|-|26134I>26134L|179427536T>G,missense|TTN|ENST00000342175|protein_coding|-|18902I>18902L|179427536T>G,missense|TTN|ENST00000359218|protein_coding|-|18835I>18835L|179427536T>G",
179427536,T,T,A,REF_outside_scope,,0,,"missense|TTN|ENST00000342992|protein_coding|-|25207I>25207L|179427536T>A,missense|TTN|ENST00000460472|protein_coding|-|18710I>18710L|179427536T>A,missense|TTN|ENST00000589042|protein_coding|-|27775I>27775L|179427536T>A,missense|TTN|ENST00000591111|protein_coding|-|26134I>26134L|179427536T>A,missense|TTN|ENST00000342175|protein_coding|-|18902I>18902L|179427536T>A,missense|TTN|ENST00000359218|protein_coding|-|18835I>18835L|179427536T>A"
179427536,T,T,C,REF_outside_scope,,0,,"missense|TTN|ENST00000342992|protein_coding|-|25207I>25207V|179427536T>C,missense|TTN|ENST00000460472|protein_coding|-|18710I>18710V|179427536T>C,missense|TTN|ENST00000589042|protein_coding|-|27775I>27775V|179427536T>C,missense|TTN|ENST00000591111|protein_coding|-|26134I>26134V|179427536T>C,missense|TTN|ENST00000342175|protein_coding|-|18902I>18902V|179427536T>C,missense|TTN|ENST00000359218|protein_coding|-|18835I>18835V|179427536T>C"
179427536,T,T,G,REF_outside_scope,,0,,"missense|TTN|ENST00000342992|protein_coding|-|25207I>25207L|179427536T>G,missense|TTN|ENST00000460472|protein_coding|-|18710I>18710L|179427536T>G,missense|TTN|ENST00000589042|protein_coding|-|27775I>27775L|179427536T>G,missense|TTN|ENST00000591111|protein_coding|-|26134I>26134L|179427536T>G,missense|TTN|ENST00000342175|protein_coding|-|18902I>18902L|179427536T>G,missense|TTN|ENST00000359218|protein_coding|-|18835I>18835L|179427536T>G"
179430997,G,A,C,scored,0.0,0,"missense|TTN|ENST00000342992|protein_coding|-|24053T>24053M|179430997G>A,missense|TTN|ENST00000460472|protein_coding|-|17556T>17556M|179430997G>A,missense|TTN|ENST00000589042|protein_coding|-|26621T>26621M|179430997G>A,missense|TTN|ENST00000591111|protein_coding|-|24980T>24980M|179430997G>A,missense|TTN|ENST00000342175|protein_coding|-|17748T>17748M|179430997G>A,missense|TTN|ENST00000359218|protein_coding|-|17681T>17681M|179430997G>A","missense|TTN|ENST00000342992|protein_coding|-|24053T>24053R|179430997G>C,missense|TTN|ENST00000460472|protein_coding|-|17556T>17556R|179430997G>C,missense|TTN|ENST00000589042|protein_coding|-|26621T>26621R|179430997G>C,missense|TTN|ENST00000591111|protein_coding|-|24980T>24980R|179430997G>C,missense|TTN|ENST00000342175|protein_coding|-|17748T>17748R|179430997G>C,missense|TTN|ENST00000359218|protein_coding|-|17681T>17681R|179430997G>C"
179430997,G,A,G,REF_outside_scope,,0,"missense|TTN|ENST00000342992|protein_coding|-|24053T>24053M|179430997G>A,missense|TTN|ENST00000460472|protein_coding|-|17556T>17556M|179430997G>A,missense|TTN|ENST00000589042|protein_coding|-|26621T>26621M|179430997G>A,missense|TTN|ENST00000591111|protein_coding|-|24980T>24980M|179430997G>A,missense|TTN|ENST00000342175|protein_coding|-|17748T>17748M|179430997G>A,missense|TTN|ENST00000359218|protein_coding|-|17681T>17681M|179430997G>A",
179430997,G,A,T,scored,0.0,0,"missense|TTN|ENST00000342992|protein_coding|-|24053T>24053M|179430997G>A,missense|TTN|ENST00000460472|protein_coding|-|17556T>17556M|179430997G>A,missense|TTN|ENST00000589042|protein_coding|-|26621T>26621M|179430997G>A,missense|TTN|ENST00000591111|protein_coding|-|24980T>24980M|179430997G>A,missense|TTN|ENST00000342175|protein_coding|-|17748T>17748M|179430997G>A,missense|TTN|ENST00000359218|protein_coding|-|17681T>17681M|179430997G>A","missense|TTN|ENST00000342992|protein_coding|-|24053T>24053K|179430997G>T,missense|TTN|ENST00000460472|protein_coding|-|17556T>17556K|179430997G>T,missense|TTN|ENST00000589042|protein_coding|-|26621T>26621K|179430997G>T,missense|TTN|ENST00000591111|protein_coding|-|24980T>24980K|179430997G>T,missense|TTN|ENST00000342175|protein_coding|-|17748T>17748K|179430997G>T,missense|TTN|ENST00000359218|protein_coding|-|17681T>17681K|179430997G>T"
179430997,G,C,A,scored,0.0,0,"missense|TTN|ENST00000342992|protein_coding|-|24053T>24053R|179430997G>C,missense|TTN|ENST00000460472|protein_coding|-|17556T>17556R|179430997G>C,missense|TTN|ENST00000589042|protein_coding|-|26621T>26621R|179430997G>C,missense|TTN|ENST00000591111|protein_coding|-|24980T>24980R|179430997G>C,missense|TTN|ENST00000342175|protein_coding|-|17748T>17748R|179430997G>C,missense|TTN|ENST00000359218|protein_coding|-|17681T>17681R|179430997G>C","missense|TTN|ENST00000342992|protein_coding|-|24053T>24053M|179430997G>A,missense|TTN|ENST00000460472|protein_coding|-|17556T>17556M|179430997G>A,missense|TTN|ENST00000589042|protein_coding|-|26621T>26621M|179430997G>A,missense|TTN|ENST00000591111|protein_coding|-|24980T>24980M|179430997G>A,missense|TTN|ENST00000342175|protein_coding|-|17748T>17748M|179430997G>A,missense|TTN|ENST00000359218|protein_coding|-|17681T>17681M|179430997G>A"
179430997,G,C,G,REF_outside_scope,,0,"missense|TTN|ENST00000342992|protein_coding|-|24053T>24053R|179430997G>C,missense|TTN|ENST00000460472|protein_coding|-|17556T>17556R|179430997G>C,missense|TTN|ENST00000589042|protein_coding|-|26621T>26621R|179430997G>C,missense|TTN|ENST00000591111|protein_coding|-|24980T>24980R|179430997G>C,missense|TTN|ENST00000342175|protein_coding|-|17748T>17748R|179430997G>C,missense|TTN|ENST00000359218|protein_coding|-|17681T>17681R|179430997G>C",
179430997,G,C,T,scored,0.0,0,"missense|TTN|ENST00000342992|protein_coding|-|24053T>24053R|179430997G>C,missense|TTN|ENST00000460472|protein_coding|-|17556T>17556R|179430997G>C,missense|TTN|ENST00000589042|protein_coding|-|26621T>26621R|179430997G>C,missense|TTN|ENST00000591111|protein_coding|-|24980T>24980R|179430997G>C,missense|TTN|ENST00000342175|protein_coding|-|17748T>17748R|179430997G>C,missense|TTN|ENST00000359218|protein_coding|-|17681T>17681R|179430997G>C","missense|TTN|ENST00000342992|protein_coding|-|24053T>24053K|179430997G>T,missense|TTN|ENST00000460472|protein_coding|-|17556T>17556K|179430997G>T,missense|TTN|ENST00000589042|protein_coding|-|26621T>26621K|179430997G>T,missense|TTN|ENST00000591111|protein_coding|-|24980T>24980K|179430997G>T,missense|TTN|ENST00000342175|protein_coding|-|17748T>17748K|179430997G>T,missense|TTN|ENST00000359218|protein_coding|-|17681T>17681K|179430997G>T"
179430997,G,G,A,REF_outside_scope,,0,,"missense|TTN|ENST00000342992|protein_coding|-|24053T>24053M|179430997G>A,missense|TTN|ENST00000460472|protein_coding|-|17556T>17556M|179430997G>A,missense|TTN|ENST00000589042|protein_coding|-|26621T>26621M|179430997G>A,missense|TTN|ENST00000591111|protein_coding|-|24980T>24980M|179430997G>A,missense|TTN|ENST00000342175|protein_coding|-|17748T>17748M|179430997G>A,missense|TTN|ENST00000359218|protein_coding|-|17681T>17681M|179430997G>A"
179430997,G,G,C,REF_outside_scope,,0,,"missense|TTN|ENST00000342992|protein_coding|-|24053T>24053R|179430997G>C,missense|TTN|ENST00000460472|protein_coding|-|17556T>17556R|179430997G>C,missense|TTN|ENST00000589042|protein_coding|-|26621T>26621R|179430997G>C,missense|TTN|ENST00000591111|protein_coding|-|24980T>24980R|179430997G>C,missense|TTN|ENST00000342175|protein_coding|-|17748T>17748R|179430997G>C,missense|TTN|ENST00000359218|protein_coding|-|17681T>17681R|179430997G>C"
179430997,G,G,T,REF_outside_scope,,0,,"missense|TTN|ENST00000342992|protein_coding|-|24053T>24053K|179430997G>T,missense|TTN|ENST00000460472|protein_coding|-|17556T>17556K|179430997G>T,missense|TTN|ENST00000589042|protein_coding|-|26621T>26621K|179430997G>T,missense|TTN|ENST00000591111|protein_coding|-|24980T>24980K|179430997G>T,missense|TTN|ENST00000342175|protein_coding|-|17748T>17748K|179430997G>T,missense|TTN|ENST00000359218|protein_coding|-|17681T>17681K|179430997G>T"
179430997,G,T,A,scored,0.0,0,"missense|TTN|ENST00000342992|protein_coding|-|24053T>24053K|179430997G>T,missense|TTN|ENST00000460472|protein_coding|-|17556T>17556K|179430997G>T,missense|TTN|ENST00000589042|protein_coding|-|26621T>26621K|179430997G>T,missense|TTN|ENST00000591111|protein_coding|-|24980T>24980K|179430997G>T,missense|TTN|ENST00000342175|protein_coding|-|17748T>17748K|179430997G>T,missense|TTN|ENST00000359218|protein_coding|-|17681T>17681K|179430997G>T","missense|TTN|ENST00000342992|protein_coding|-|24053T>24053M|179430997G>A,missense|TTN|ENST00000460472|protein_coding|-|17556T>17556M|179430997G>A,missense|TTN|ENST00000589042|protein_coding|-|26621T>26621M|179430997G>A,missense|TTN|ENST00000591111|protein_coding|-|24980T>24980M|179430997G>A,missense|TTN|ENST00000342175|protein_coding|-|17748T>17748M|179430997G>A,missense|TTN|ENST00000359218|protein_coding|-|17681T>17681M|179430997G>A"
179430997,G,T,C,scored,0.0,0,"missense|TTN|ENST00000342992|protein_coding|-|24053T>24053K|179430997G>T,missense|TTN|ENST00000460472|protein_coding|-|17556T>17556K|179430997G>T,missense|TTN|ENST00000589042|protein_coding|-|26621T>26621K|179430997G>T,missense|TTN|ENST00000591111|protein_coding|-|24980T>24980K|179430997G>T,missense|TTN|ENST00000342175|protein_coding|-|17748T>17748K|179430997G>T,missense|TTN|ENST00000359218|protein_coding|-|17681T>17681K|179430997G>T","missense|TTN|ENST00000342992|protein_coding|-|24053T>24053R|179430997G>C,missense|TTN|ENST00000460472|protein_coding|-|17556T>17556R|179430997G>C,missense|TTN|ENST00000589042|protein_coding|-|26621T>26621R|179430997G>C,missense|TTN|ENST00000591111|protein_coding|-|24980T>24980R|179430997G>C,missense|TTN|ENST00000342175|protein_coding|-|17748T>17748R|179430997G>C,missense|TTN|ENST00000359218|protein_coding|-|17681T>17681R|179430997G>C"
179430997,G,T,G,REF_outside_scope,,0,"missense|TTN|ENST00000342992|protein_coding|-|24053T>24053K|179430997G>T,missense|TTN|ENST00000460472|protein_coding|-|17556T>17556K|179430997G>T,missense|TTN|ENST00000589042|protein_coding|-|26621T>26621K|179430997G>T,missense|TTN|ENST00000591111|protein_coding|-|24980T>24980K|179430997G>T,missense|TTN|ENST00000342175|protein_coding|-|17748T>17748K|179430997G>T,missense|TTN|ENST00000359218|protein_coding|-|17681T>17681K|179430997G>T",
179431797,A,A,C,REF_outside_scope,,0,,"synonymous|TTN|ENST00000342992|protein_coding|-|23786G|179431797A>C,synonymous|TTN|ENST00000460472|protein_coding|-|17289G|179431797A>C,synonymous|TTN|ENST00000589042|protein_coding|-|26354G|179431797A>C,synonymous|TTN|ENST00000591111|protein_coding|-|24713G|179431797A>C,synonymous|TTN|ENST00000342175|protein_coding|-|17481G|179431797A>C,synonymous|TTN|ENST00000359218|protein_coding|-|17414G|179431797A>C"
179431797,A,A,G,REF_outside_scope,,0,,"synonymous|TTN|ENST00000342992|protein_coding|-|23786G|179431797A>G,synonymous|TTN|ENST00000460472|protein_coding|-|17289G|179431797A>G,synonymous|TTN|ENST00000589042|protein_coding|-|26354G|179431797A>G,synonymous|TTN|ENST00000591111|protein_coding|-|24713G|179431797A>G,synonymous|TTN|ENST00000342175|protein_coding|-|17481G|179431797A>G,synonymous|TTN|ENST00000359218|protein_coding|-|17414G|179431797A>G"
179431797,A,A,T,REF_outside_scope,,0,,"synonymous|TTN|ENST00000342992|protein_coding|-|23786G|179431797A>T,synonymous|TTN|ENST00000460472|protein_coding|-|17289G|179431797A>T,synonymous|TTN|ENST00000589042|protein_coding|-|26354G|179431797A>T,synonymous|TTN|ENST00000591111|protein_coding|-|24713G|179431797A>T,synonymous|TTN|ENST00000342175|protein_coding|-|17481G|179431797A>T,synonymous|TTN|ENST00000359218|protein_coding|-|17414G|179431797A>T"
179431797,A,C,A,REF_outside_scope,,0,"synonymous|TTN|ENST00000342992|protein_coding|-|23786G|179431797A>C,synonymous|TTN|ENST00000460472|protein_coding|-|17289G|179431797A>C,synonymous|TTN|ENST00000589042|protein_coding|-|26354G|179431797A>C,synonymous|TTN|ENST00000591111|protein_coding|-|24713G|179431797A>C,synonymous|TTN|ENST00000342175|protein_coding|-|17481G|179431797A>C,synonymous|TTN|ENST00000359218|protein_coding|-|17414G|179431797A>C",
179431797,A,C,G,scored,0.0,0,"synonymous|TTN|ENST00000342992|protein_coding|-|23786G|179431797A>C,synonymous|TTN|ENST00000460472|protein_coding|-|17289G|179431797A>C,synonymous|TTN|ENST00000589042|protein_coding|-|26354G|179431797A>C,synonymous|TTN|ENST00000591111|protein_coding|-|24713G|179431797A>C,synonymous|TTN|ENST00000342175|protein_coding|-|17481G|179431797A>C,synonymous|TTN|ENST00000359218|protein_coding|-|17414G|179431797A>C","synonymous|TTN|ENST00000342992|protein_coding|-|23786G|179431797A>G,synonymous|TTN|ENST00000460472|protein_coding|-|17289G|179431797A>G,synonymous|TTN|ENST00000589042|protein_coding|-|26354G|179431797A>G,synonymous|TTN|ENST00000591111|protein_coding|-|24713G|179431797A>G,synonymous|TTN|ENST00000342175|protein_coding|-|17481G|179431797A>G,synonymous|TTN|ENST00000359218|protein_coding|-|17414G|179431797A>G"
179431797,A,C,T,scored,0.0,0,"synonymous|TTN|ENST00000342992|protein_coding|-|23786G|179431797A>C,synonymous|TTN|ENST00000460472|protein_coding|-|17289G|179431797A>C,synonymous|TTN|ENST00000589042|protein_coding|-|26354G|179431797A>C,synonymous|TTN|ENST00000591111|protein_coding|-|24713G|179431797A>C,synonymous|TTN|ENST00000342175|protein_coding|-|17481G|179431797A>C,synonymous|TTN|ENST00000359218|protein_coding|-|17414G|179431797A>C","synonymous|TTN|ENST00000342992|protein_coding|-|23786G|179431797A>T,synonymous|TTN|ENST00000460472|protein_coding|-|17289G|179431797A>T,synonymous|TTN|ENST00000589042|protein_coding|-|26354G|179431797A>T,synonymous|TTN|ENST00000591111|protein_coding|-|24713G|179431797A>T,synonymous|TTN|ENST00000342175|protein_coding|-|17481G|179431797A>T,synonymous|TTN|ENST00000359218|protein_coding|-|17414G|179431797A>T"
179431797,A,G,A,REF_outside_scope,,0,"synonymous|TTN|ENST00000342992|protein_coding|-|23786G|179431797A>G,synonymous|TTN|ENST00000460472|protein_coding|-|17289G|179431797A>G,synonymous|TTN|ENST00000589042|protein_coding|-|26354G|179431797A>G,synonymous|TTN|ENST00000591111|protein_coding|-|24713G|179431797A>G,synonymous|TTN|ENST00000342175|protein_coding|-|17481G|179431797A>G,synonymous|TTN|ENST00000359218|protein_coding|-|17414G|179431797A>G",
179431797,A,G,C,scored,0.0,0,"synonymous|TTN|ENST00000342992|protein_coding|-|23786G|179431797A>G,synonymous|TTN|ENST00000460472|protein_coding|-|17289G|179431797A>G,synonymous|TTN|ENST00000589042|protein_coding|-|26354G|179431797A>G,synonymous|TTN|ENST00000591111|protein_coding|-|24713G|179431797A>G,synonymous|TTN|ENST00000342175|protein_coding|-|17481G|179431797A>G,synonymous|TTN|ENST00000359218|protein_coding|-|17414G|179431797A>G","synonymous|TTN|ENST00000342992|protein_coding|-|23786G|179431797A>C,synonymous|TTN|ENST00000460472|protein_coding|-|17289G|179431797A>C,synonymous|TTN|ENST00000589042|protein_coding|-|26354G|179431797A>C,synonymous|TTN|ENST00000591111|protein_coding|-|24713G|179431797A>C,synonymous|TTN|ENST00000342175|protein_coding|-|17481G|179431797A>C,synonymous|TTN|ENST00000359218|protein_coding|-|17414G|179431797A>C"
179431797,A,G,T,scored,0.0,0,"synonymous|TTN|ENST00000342992|protein_coding|-|23786G|179431797A>G,synonymous|TTN|ENST00000460472|protein_coding|-|17289G|179431797A>G,synonymous|TTN|ENST00000589042|protein_coding|-|26354G|179431797A>G,synonymous|TTN|ENST00000591111|protein_coding|-|24713G|179431797A>G,synonymous|TTN|ENST00000342175|protein_coding|-|17481G|179431797A>G,synonymous|TTN|ENST00000359218|protein_coding|-|17414G|179431797A>G","synonymous|TTN|ENST00000342992|protein_coding|-|23786G|179431797A>T,synonymous|TTN|ENST00000460472|protein_coding|-|17289G|179431797A>T,synonymous|TTN|ENST00000589042|protein_coding|-|26354G|179431797A>T,synonymous|TTN|ENST00000591111|protein_coding|-|24713G|179431797A>T,synonymous|TTN|ENST00000342175|protein_coding|-|17481G|179431797A>T,synonymous|TTN|ENST00000359218|protein_coding|-|17414G|179431797A>T"
179431797,A,T,A,REF_outside_scope,,0,"synonymous|TTN|ENST00000342992|protein_coding|-|23786G|179431797A>T,synonymous|TTN|ENST00000460472|protein_coding|-|17289G|179431797A>T,synonymous|TTN|ENST00000589042|protein_coding|-|26354G|179431797A>T,synonymous|TTN|ENST00000591111|protein_coding|-|24713G|179431797A>T,synonymous|TTN|ENST00000342175|protein_coding|-|17481G|179431797A>T,synonymous|TTN|ENST00000359218|protein_coding|-|17414G|179431797A>T",
179431797,A,T,C,scored,0.0,0,"synonymous|TTN|ENST00000342992|protein_coding|-|23786G|179431797A>T,synonymous|TTN|ENST00000460472|protein_coding|-|17289G|179431797A>T,synonymous|TTN|ENST00000589042|protein_coding|-|26354G|179431797A>T,synonymous|TTN|ENST00000591111|protein_coding|-|24713G|179431797A>T,synonymous|TTN|ENST00000342175|protein_coding|-|17481G|179431797A>T,synonymous|TTN|ENST00000359218|protein_coding|-|17414G|179431797A>T","synonymous|TTN|ENST00000342992|protein_coding|-|23786G|179431797A>C,synonymous|TTN|ENST00000460472|protein_coding|-|17289G|179431797A>C,synonymous|TTN|ENST00000589042|protein_coding|-|26354G|179431797A>C,synonymous|TTN|ENST00000591111|protein_coding|-|24713G|179431797A>C,synonymous|TTN|ENST00000342175|protein_coding|-|17481G|179431797A>C,synonymous|TTN|ENST00000359218|protein_coding|-|17414G|179431797A>C"
179431797,A,T,G,scored,0.0,0,"synonymous|TTN|ENST00000342992|protein_coding|-|23786G|179431797A>T,synonymous|TTN|ENST00000460472|protein_coding|-|17289G|179431797A>T,synonymous|TTN|ENST00000589042|protein_coding|-|26354G|179431797A>T,synonymous|TTN|ENST00000591111|protein_coding|-|24713G|179431797A>T,synonymous|TTN|ENST00000342175|protein_coding|-|17481G|179431797A>T,synonymous|TTN|ENST00000359218|protein_coding|-|17414G|179431797A>T","synonymous|TTN|ENST00000342992|protein_coding|-|23786G|179431797A>G,synonymous|TTN|ENST00000460472|protein_coding|-|17289G|179431797A>G,synonymous|TTN|ENST00000589042|protein_coding|-|26354G|179431797A>G,synonymous|TTN|ENST00000591111|protein_coding|-|24713G|179431797A>G,synonymous|TTN|ENST00000342175|protein_coding|-|17481G|179431797A>G,synonymous|TTN|ENST00000359218|protein_coding|-|17414G|179431797A>G"
179432185,A,A,C,REF_outside_scope,,0,,"missense|TTN|ENST00000342992|protein_coding|-|23657I>23657S|179432185A>C,missense|TTN|ENST00000460472|protein_coding|-|17160I>17160S|179432185A>C,missense|TTN|ENST00000589042|protein_coding|-|26225I>26225S|179432185A>C,missense|TTN|ENST00000591111|protein_coding|-|24584I>24584S|179432185A>C,missense|TTN|ENST00000342175|protein_coding|-|17352I>17352S|179432185A>C,missense|TTN|ENST00000359218|protein_coding|-|17285I>17285S|179432185A>C"
179432185,A,A,G,REF_outside_scope,,0,,"missense|TTN|ENST00000342992|protein_coding|-|23657I>23657T|179432185A>G,missense|TTN|ENST00000460472|protein_coding|-|17160I>17160T|179432185A>G,missense|TTN|ENST00000589042|protein_coding|-|26225I>26225T|179432185A>G,missense|TTN|ENST00000591111|protein_coding|-|24584I>24584T|179432185A>G,missense|TTN|ENST00000342175|protein_coding|-|17352I>17352T|179432185A>G,missense|TTN|ENST00000359218|protein_coding|-|17285I>17285T|179432185A>G"
179432185,A,A,T,REF_outside_scope,,0,,"missense|TTN|ENST00000342992|protein_coding|-|23657I>23657N|179432185A>T,missense|TTN|ENST00000460472|protein_coding|-|17160I>17160N|179432185A>T,missense|TTN|ENST00000589042|protein_coding|-|26225I>26225N|179432185A>T,missense|TTN|ENST00000591111|protein_coding|-|24584I>24584N|179432185A>T,missense|TTN|ENST00000342175|protein_coding|-|17352I>17352N|179432185A>T,missense|TTN|ENST00000359218|protein_coding|-|17285I>17285N|179432185A>T"
179432185,A,C,A,REF_outside_scope,,0,"missense|TTN|ENST00000342992|protein_coding|-|23657I>23657S|179432185A>C,missense|TTN|ENST00000460472|protein_coding|-|17160I>17160S|179432185A>C,missense|TTN|ENST00000589042|protein_coding|-|26225I>26225S|179432185A>C,missense|TTN|ENST00000591111|protein_coding|-|24584I>24584S|179432185A>C,missense|TTN|ENST00000342175|protein_coding|-|17352I>17352S|179432185A>C,missense|TTN|ENST00000359218|protein_coding|-|17285I>17285S|179432185A>C",
179432185,A,C,G,scored,0.0,0,"missense|TTN|ENST00000342992|protein_coding|-|23657I>23657S|179432185A>C,missense|TTN|ENST00000460472|protein_coding|-|17160I>17160S|179432185A>C,missense|TTN|ENST00000589042|protein_coding|-|26225I>26225S|179432185A>C,missense|TTN|ENST00000591111|protein_coding|-|24584I>24584S|179432185A>C,missense|TTN|ENST00000342175|protein_coding|-|17352I>17352S|179432185A>C,missense|TTN|ENST00000359218|protein_coding|-|17285I>17285S|179432185A>C","missense|TTN|ENST00000342992|protein_coding|-|23657I>23657T|179432185A>G,missense|TTN|ENST00000460472|protein_coding|-|17160I>17160T|179432185A>G,missense|TTN|ENST00000589042|protein_coding|-|26225I>26225T|179432185A>G,missense|TTN|ENST00000591111|protein_coding|-|24584I>24584T|179432185A>G,missense|TTN|ENST00000342175|protein_coding|-|17352I>17352T|179432185A>G,missense|TTN|ENST00000359218|protein_coding|-|17285I>17285T|179432185A>G"
179432185,A,C,T,scored,0.0,0,"missense|TTN|ENST00000342992|protein_coding|-|23657I>23657S|179432185A>C,missense|TTN|ENST00000460472|protein_coding|-|17160I>17160S|179432185A>C,missense|TTN|ENST00000589042|protein_coding|-|26225I>26225S|179432185A>C,missense|TTN|ENST00000591111|protein_coding|-|24584I>24584S|179432185A>C,missense|TTN|ENST00000342175|protein_coding|-|17352I>17352S|179432185A>C,missense|TTN|ENST00000359218|protein_coding|-|17285I>17285S|179432185A>C","missense|TTN|ENST00000342992|protein_coding|-|23657I>23657N|179432185A>T,missense|TTN|ENST00000460472|protein_coding|-|17160I>17160N|179432185A>T,missense|TTN|ENST00000589042|protein_coding|-|26225I>26225N|179432185A>T,missense|TTN|ENST00000591111|protein_coding|-|24584I>24584N|179432185A>T,missense|TTN|ENST00000342175|protein_coding|-|17352I>17352N|179432185A>T,missense|TTN|ENST00000359218|protein_coding|-|17285I>17285N|179432185A>T"
179432185,A,G,A,REF_outside_scope,,0,"missense|TTN|ENST00000342992|protein_coding|-|23657I>23657T|179432185A>G,missense|TTN|ENST00000460472|protein_coding|-|17160I>17160T|179432185A>G,missense|TTN|ENST00000589042|protein_coding|-|26225I>26225T|179432185A>G,missense|TTN|ENST00000591111|protein_coding|-|24584I>24584T|179432185A>G,missense|TTN|ENST00000342175|protein_coding|-|17352I>17352T|179432185A>G,missense|TTN|ENST00000359218|protein_coding|-|17285I>17285T|179432185A>G",
179432185,A,G,C,scored,0.0,0,"missense|TTN|ENST00000342992|protein_coding|-|23657I>23657T|179432185A>G,missense|TTN|ENST00000460472|protein_coding|-|17160I>17160T|179432185A>G,missense|TTN|ENST00000589042|protein_coding|-|26225I>26225T|179432185A>G,missense|TTN|ENST00000591111|protein_coding|-|24584I>24584T|179432185A>G,missense|TTN|ENST00000342175|protein_coding|-|17352I>17352T|179432185A>G,missense|TTN|ENST00000359218|protein_coding|-|17285I>17285T|179432185A>G","missense|TTN|ENST00000342992|protein_coding|-|23657I>23657S|179432185A>C,missense|TTN|ENST00000460472|protein_coding|-|17160I>17160S|179432185A>C,missense|TTN|ENST00000589042|protein_coding|-|26225I>26225S|179432185A>C,missense|TTN|ENST00000591111|protein_coding|-|24584I>24584S|179432185A>C,missense|TTN|ENST00000342175|protein_coding|-|17352I>17352S|179432185A>C,missense|TTN|ENST00000359218|protein_coding|-|17285I>17285S|179432185A>C"
179432185,A,G,T,scored,0.0,0,"missense|TTN|ENST00000342992|protein_coding|-|23657I>23657T|179432185A>G,missense|TTN|ENST00000460472|protein_coding|-|17160I>17160T|179432185A>G,missense|TTN|ENST00000589042|protein_coding|-|26225I>26225T|179432185A>G,missense|TTN|ENST00000591111|protein_coding|-|24584I>24584T|179432185A>G,missense|TTN|ENST00000342175|protein_coding|-|17352I>17352T|179432185A>G,missense|TTN|ENST00000359218|protein_coding|-|17285I>17285T|179432185A>G","missense|TTN|ENST00000342992|protein_coding|-|23657I>23657N|179432185A>T,missense|TTN|ENST00000460472|protein_coding|-|17160I>17160N|179432185A>T,missense|TTN|ENST00000589042|protein_coding|-|26225I>26225N|179432185A>T,missense|TTN|ENST00000591111|protein_coding|-|24584I>24584N|179432185A>T,missense|TTN|ENST00000342175|protein_coding|-|17352I>17352N|179432185A>T,missense|TTN|ENST00000359218|protein_coding|-|17285I>17285N|179432185A>T"
179432185,A,T,A,REF_outside_scope,,0,"missense|TTN|ENST00000342992|protein_coding|-|23657I>23657N|179432185A>T,missense|TTN|ENST00000460472|protein_coding|-|17160I>17160N|179432185A>T,missense|TTN|ENST00000589042|protein_coding|-|26225I>26225N|179432185A>T,missense|TTN|ENST00000591111|protein_coding|-|24584I>24584N|179432185A>T,missense|TTN|ENST00000342175|protein_coding|-|17352I>17352N|179432185A>T,missense|TTN|ENST00000359218|protein_coding|-|17285I>17285N|179432185A>T",
179432185,A,T,C,scored,0.0,0,"missense|TTN|ENST00000342992|protein_coding|-|23657I>23657N|179432185A>T,missense|TTN|ENST00000460472|protein_coding|-|17160I>17160N|179432185A>T,missense|TTN|ENST00000589042|protein_coding|-|26225I>26225N|179432185A>T,missense|TTN|ENST00000591111|protein_coding|-|24584I>24584N|179432185A>T,missense|TTN|ENST00000342175|protein_coding|-|17352I>17352N|179432185A>T,missense|TTN|ENST00000359218|protein_coding|-|17285I>17285N|179432185A>T","missense|TTN|ENST00000342992|protein_coding|-|23657I>23657S|179432185A>C,missense|TTN|ENST00000460472|protein_coding|-|17160I>17160S|179432185A>C,missense|TTN|ENST00000589042|protein_coding|-|26225I>26225S|179432185A>C,missense|TTN|ENST00000591111|protein_coding|-|24584I>24584S|179432185A>C,missense|TTN|ENST00000342175|protein_coding|-|17352I>17352S|179432185A>C,missense|TTN|ENST00000359218|protein_coding|-|17285I>17285S|179432185A>C"
179432185,A,T,G,scored,0.0,0,"missense|TTN|ENST00000342992|protein_coding|-|23657I>23657N|179432185A>T,missense|TTN|ENST00000460472|protein_coding|-|17160I>17160N|179432185A>T,missense|TTN|ENST00000589042|protein_coding|-|26225I>26225N|179432185A>T,missense|TTN|ENST00000591111|protein_coding|-|24584I>24584N|179432185A>T,missense|TTN|ENST00000342175|protein_coding|-|17352I>17352N|179432185A>T,missense|TTN|ENST00000359218|protein_coding|-|17285I>17285N|179432185A>T","missense|TTN|ENST00000342992|protein_coding|-|23657I>23657T|179432185A>G,missense|TTN|ENST00000460472|protein_coding|-|17160I>17160T|179432185A>G,missense|TTN|ENST00000589042|protein_coding|-|26225I>26225T|179432185A>G,missense|TTN|ENST00000591111|protein_coding|-|24584I>24584T|179432185A>G,missense|TTN|ENST00000342175|protein_coding|-|17352I>17352T|179432185A>G,missense|TTN|ENST00000359218|protein_coding|-|17285I>17285T|179432185A>G"
179434516,C,A,C,REF_outside_scope,,0,"missense|TTN|ENST00000342992|protein_coding|-|22880S>22880I|179434516C>A,missense|TTN|ENST00000460472|protein_coding|-|16383S>16383I|179434516C>A,missense|TTN|ENST00000589042|protein_coding|-|25448S>25448I|179434516C>A,missense|TTN|ENST00000591111|protein_coding|-|23807S>23807I|179434516C>A,missense|TTN|ENST00000342175|protein_coding|-|16575S>16575I|179434516C>A,missense|TTN|ENST00000359218|protein_coding|-|16508S>16508I|179434516C>A",
179434516,C,A,G,scored,0.0,0,"missense|TTN|ENST00000342992|protein_coding|-|22880S>22880I|179434516C>A,missense|TTN|ENST00000460472|protein_coding|-|16383S>16383I|179434516C>A,missense|TTN|ENST00000589042|protein_coding|-|25448S>25448I|179434516C>A,missense|TTN|ENST00000591111|protein_coding|-|23807S>23807I|179434516C>A,missense|TTN|ENST00000342175|protein_coding|-|16575S>16575I|179434516C>A,missense|TTN|ENST00000359218|protein_coding|-|16508S>16508I|179434516C>A","missense|TTN|ENST00000342992|protein_coding|-|22880S>22880T|179434516C>G,missense|TTN|ENST00000460472|protein_coding|-|16383S>16383T|179434516C>G,missense|TTN|ENST00000589042|protein_coding|-|25448S>25448T|179434516C>G,missense|TTN|ENST00000591111|protein_coding|-|23807S>23807T|179434516C>G,missense|TTN|ENST00000342175|protein_coding|-|16575S>16575T|179434516C>G,missense|TTN|ENST00000359218|protein_coding|-|16508S>16508T|179434516C>G"
179434516,C,A,T,scored,0.0,0,"missense|TTN|ENST00000342992|protein_coding|-|22880S>22880I|179434516C>A,missense|TTN|ENST00000460472|protein_coding|-|16383S>16383I|179434516C>A,missense|TTN|ENST00000589042|protein_coding|-|25448S>25448I|179434516C>A,missense|TTN|ENST00000591111|protein_coding|-|23807S>23807I|179434516C>A,missense|TTN|ENST00000342175|protein_coding|-|16575S>16575I|179434516C>A,missense|TTN|ENST00000359218|protein_coding|-|16508S>16508I|179434516C>A","missense|TTN|ENST00000342992|protein_coding|-|22880S>22880N|179434516C>T,missense|TTN|ENST00000460472|protein_coding|-|16383S>16383N|179434516C>T,missense|TTN|ENST00000589042|protein_coding|-|25448S>25448N|179434516C>T,missense|TTN|ENST00000591111|protein_coding|-|23807S>23807N|179434516C>T,missense|TTN|ENST00000342175|protein_coding|-|16575S>16575N|179434516C>T,missense|TTN|ENST00000359218|protein_coding|-|16508S>16508N|179434516C>T"
179434516,C,C,A,REF_outside_scope,,0,,"missense|TTN|ENST00000342992|protein_coding|-|22880S>22880I|179434516C>A,missense|TTN|ENST00000460472|protein_coding|-|16383S>16383I|179434516C>A,missense|TTN|ENST00000589042|protein_coding|-|25448S>25448I|179434516C>A,missense|TTN|ENST00000591111|protein_coding|-|23807S>23807I|179434516C>A,missense|TTN|ENST00000342175|protein_coding|-|16575S>16575I|179434516C>A,missense|TTN|ENST00000359218|protein_coding|-|16508S>16508I|179434516C>A"
179434516,C,C,G,REF_outside_scope,,0,,"missense|TTN|ENST00000342992|protein_coding|-|22880S>22880T|179434516C>G,missense|TTN|ENST00000460472|protein_coding|-|16383S>16383T|179434516C>G,missense|TTN|ENST00000589042|protein_coding|-|25448S>25448T|179434516C>G,missense|TTN|ENST00000591111|protein_coding|-|23807S>23807T|179434516C>G,missense|TTN|ENST00000342175|protein_coding|-|16575S>16575T|179434516C>G,missense|TTN|ENST00000359218|protein_coding|-|16508S>16508T|179434516C>G"
179434516,C,C,T,REF_outside_scope,,0,,"missense|TTN|ENST00000342992|protein_coding|-|22880S>22880N|179434516C>T,missense|TTN|ENST00000460472|protein_coding|-|16383S>16383N|179434516C>T,missense|TTN|ENST00000589042|protein_coding|-|25448S>25448N|179434516C>T,missense|TTN|ENST00000591111|protein_coding|-|23807S>23807N|179434516C>T,missense|TTN|ENST00000342175|protein_coding|-|16575S>16575N|179434516C>T,missense|TTN|ENST00000359218|protein_coding|-|16508S>16508N|179434516C>T"
179434516,C,G,A,scored,0.0,0,"missense|TTN|ENST00000342992|protein_coding|-|22880S>22880T|179434516C>G,missense|TTN|ENST00000460472|protein_coding|-|16383S>16383T|179434516C>G,missense|TTN|ENST00000589042|protein_coding|-|25448S>25448T|179434516C>G,missense|TTN|ENST00000591111|protein_coding|-|23807S>23807T|179434516C>G,missense|TTN|ENST00000342175|protein_coding|-|16575S>16575T|179434516C>G,missense|TTN|ENST00000359218|protein_coding|-|16508S>16508T|179434516C>G","missense|TTN|ENST00000342992|protein_coding|-|22880S>22880I|179434516C>A,missense|TTN|ENST00000460472|protein_coding|-|16383S>16383I|179434516C>A,missense|TTN|ENST00000589042|protein_coding|-|25448S>25448I|179434516C>A,missense|TTN|ENST00000591111|protein_coding|-|23807S>23807I|179434516C>A,missense|TTN|ENST00000342175|protein_coding|-|16575S>16575I|179434516C>A,missense|TTN|ENST00000359218|protein_coding|-|16508S>16508I|179434516C>A"
179434516,C,G,C,REF_outside_scope,,0,"missense|TTN|ENST00000342992|protein_coding|-|22880S>22880T|179434516C>G,missense|TTN|ENST00000460472|protein_coding|-|16383S>16383T|179434516C>G,missense|TTN|ENST00000589042|protein_coding|-|25448S>25448T|179434516C>G,missense|TTN|ENST00000591111|protein_coding|-|23807S>23807T|179434516C>G,missense|TTN|ENST00000342175|protein_coding|-|16575S>16575T|179434516C>G,missense|TTN|ENST00000359218|protein_coding|-|16508S>16508T|179434516C>G",
179434516,C,G,T,scored,0.0,0,"missense|TTN|ENST00000342992|protein_coding|-|22880S>22880T|179434516C>G,missense|TTN|ENST00000460472|protein_coding|-|16383S>16383T|179434516C>G,missense|TTN|ENST00000589042|protein_coding|-|25448S>25448T|179434516C>G,missense|TTN|ENST00000591111|protein_coding|-|23807S>23807T|179434516C>G,missense|TTN|ENST00000342175|protein_coding|-|16575S>16575T|179434516C>G,missense|TTN|ENST00000359218|protein_coding|-|16508S>16508T|179434516C>G","missense|TTN|ENST00000342992|protein_coding|-|22880S>22880N|179434516C>T,missense|TTN|ENST00000460472|protein_coding|-|16383S>16383N|179434516C>T,missense|TTN|ENST00000589042|protein_coding|-|25448S>25448N|179434516C>T,missense|TTN|ENST00000591111|protein_coding|-|23807S>23807N|179434516C>T,missense|TTN|ENST00000342175|protein_coding|-|16575S>16575N|179434516C>T,missense|TTN|ENST00000359218|protein_coding|-|16508S>16508N|179434516C>T"
179434516,C,T,A,scored,0.0,0,"missense|TTN|ENST00000342992|protein_coding|-|22880S>22880N|179434516C>T,missense|TTN|ENST00000460472|protein_coding|-|16383S>16383N|179434516C>T,missense|TTN|ENST00000589042|protein_coding|-|25448S>25448N|179434516C>T,missense|TTN|ENST00000591111|protein_coding|-|23807S>23807N|179434516C>T,missense|TTN|ENST00000342175|protein_coding|-|16575S>16575N|179434516C>T,missense|TTN|ENST00000359218|protein_coding|-|16508S>16508N|179434516C>T","missense|TTN|ENST00000342992|protein_coding|-|22880S>22880I|179434516C>A,missense|TTN|ENST00000460472|protein_coding|-|16383S>16383I|179434516C>A,missense|TTN|ENST00000589042|protein_coding|-|25448S>25448I|179434516C>A,missense|TTN|ENST00000591111|protein_coding|-|23807S>23807I|179434516C>A,missense|TTN|ENST00000342175|protein_coding|-|16575S>16575I|179434516C>A,missense|TTN|ENST00000359218|protein_coding|-|16508S>16508I|179434516C>A"
179434516,C,T,C,REF_outside_scope,,0,"missense|TTN|ENST00000342992|protein_coding|-|22880S>22880N|179434516C>T,missense|TTN|ENST00000460472|protein_coding|-|16383S>16383N|179434516C>T,missense|TTN|ENST00000589042|protein_coding|-|25448S>25448N|179434516C>T,missense|TTN|ENST00000591111|protein_coding|-|23807S>23807N|179434516C>T,missense|TTN|ENST00000342175|protein_coding|-|16575S>16575N|179434516C>T,missense|TTN|ENST00000359218|protein_coding|-|16508S>16508N|179434516C>T",
179434516,C,T,G,scored,0.0,0,"missense|TTN|ENST00000342992|protein_coding|-|22880S>22880N|179434516C>T,missense|TTN|ENST00000460472|protein_coding|-|16383S>16383N|179434516C>T,missense|TTN|ENST00000589042|protein_coding|-|25448S>25448N|179434516C>T,missense|TTN|ENST00000591111|protein_coding|-|23807S>23807N|179434516C>T,missense|TTN|ENST00000342175|protein_coding|-|16575S>16575N|179434516C>T,missense|TTN|ENST00000359218|protein_coding|-|16508S>16508N|179434516C>T","missense|TTN|ENST00000342992|protein_coding|-|22880S>22880T|179434516C>G,missense|TTN|ENST00000460472|protein_coding|-|16383S>16383T|179434516C>G,missense|TTN|ENST00000589042|protein_coding|-|25448S>25448T|179434516C>G,missense|TTN|ENST00000591111|protein_coding|-|23807S>23807T|179434516C>G,missense|TTN|ENST00000342175|protein_coding|-|16575S>16575T|179434516C>G,missense|TTN|ENST00000359218|protein_coding|-|16508S>16508T|179434516C>G"
179440029,G,A,C,scored,0.34,0,"synonymous|TTN|ENST00000342992|protein_coding|-|21042S|179440029G>A,synonymous|TTN|ENST00000460472|protein_coding|-|14545S|179440029G>A,synonymous|TTN|ENST00000589042|protein_coding|-|23610S|179440029G>A,synonymous|TTN|ENST00000591111|protein_coding|-|21969S|179440029G>A,synonymous|TTN|ENST00000342175|protein_coding|-|14737S|179440029G>A,synonymous|TTN|ENST00000359218|protein_coding|-|14670S|179440029G>A","missense|TTN|ENST00000342992|protein_coding|-|21042S>21042R|179440029G>C,missense|TTN|ENST00000460472|protein_coding|-|14545S>14545R|179440029G>C,missense|TTN|ENST00000589042|protein_coding|-|23610S>23610R|179440029G>C,missense|TTN|ENST00000591111|protein_coding|-|21969S>21969R|179440029G>C,missense|TTN|ENST00000342175|protein_coding|-|14737S>14737R|179440029G>C,missense|TTN|ENST00000359218|protein_coding|-|14670S>14670R|179440029G>C"
179440029,G,A,G,REF_outside_scope,,0,"synonymous|TTN|ENST00000342992|protein_coding|-|21042S|179440029G>A,synonymous|TTN|ENST00000460472|protein_coding|-|14545S|179440029G>A,synonymous|TTN|ENST00000589042|protein_coding|-|23610S|179440029G>A,synonymous|TTN|ENST00000591111|protein_coding|-|21969S|179440029G>A,synonymous|TTN|ENST00000342175|protein_coding|-|14737S|179440029G>A,synonymous|TTN|ENST00000359218|protein_coding|-|14670S|179440029G>A",
179440029,G,A,T,scored,0.34,0,"synonymous|TTN|ENST00000342992|protein_coding|-|21042S|179440029G>A,synonymous|TTN|ENST00000460472|protein_coding|-|14545S|179440029G>A,synonymous|TTN|ENST00000589042|protein_coding|-|23610S|179440029G>A,synonymous|TTN|ENST00000591111|protein_coding|-|21969S|179440029G>A,synonymous|TTN|ENST00000342175|protein_coding|-|14737S|179440029G>A,synonymous|TTN|ENST00000359218|protein_coding|-|14670S|179440029G>A","missense|TTN|ENST00000342992|protein_coding|-|21042S>21042R|179440029G>T,missense|TTN|ENST00000460472|protein_coding|-|14545S>14545R|179440029G>T,missense|TTN|ENST00000589042|protein_coding|-|23610S>23610R|179440029G>T,missense|TTN|ENST00000591111|protein_coding|-|21969S>21969R|179440029G>T,missense|TTN|ENST00000342175|protein_coding|-|14737S>14737R|179440029G>T,missense|TTN|ENST00000359218|protein_coding|-|14670S>14670R|179440029G>T"
179440029,G,C,A,scored,-0.34,3,"missense|TTN|ENST00000342992|protein_coding|-|21042S>21042R|179440029G>C,missense|TTN|ENST00000460472|protein_coding|-|14545S>14545R|179440029G>C,missense|TTN|ENST00000589042|protein_coding|-|23610S>23610R|179440029G>C,missense|TTN|ENST00000591111|protein_coding|-|21969S>21969R|179440029G>C,missense|TTN|ENST00000342175|protein_coding|-|14737S>14737R|179440029G>C,missense|TTN|ENST00000359218|protein_coding|-|14670S>14670R|179440029G>C","synonymous|TTN|ENST00000342992|protein_coding|-|21042S|179440029G>A,synonymous|TTN|ENST00000460472|protein_coding|-|14545S|179440029G>A,synonymous|TTN|ENST00000589042|protein_coding|-|23610S|179440029G>A,synonymous|TTN|ENST00000591111|protein_coding|-|21969S|179440029G>A,synonymous|TTN|ENST00000342175|protein_coding|-|14737S|179440029G>A,synonymous|TTN|ENST00000359218|protein_coding|-|14670S|179440029G>A"
179440029,G,C,G,REF_outside_scope,,0,"missense|TTN|ENST00000342992|protein_coding|-|21042S>21042R|179440029G>C,missense|TTN|ENST00000460472|protein_coding|-|14545S>14545R|179440029G>C,missense|TTN|ENST00000589042|protein_coding|-|23610S>23610R|179440029G>C,missense|TTN|ENST00000591111|protein_coding|-|21969S>21969R|179440029G>C,missense|TTN|ENST00000342175|protein_coding|-|14737S>14737R|179440029G>C,missense|TTN|ENST00000359218|protein_coding|-|14670S>14670R|179440029G>C",
179440029,G,C,T,scored,0.0,0,"missense|TTN|ENST00000342992|protein_coding|-|21042S>21042R|179440029G>C,missense|TTN|ENST00000460472|protein_coding|-|14545S>14545R|179440029G>C,missense|TTN|ENST00000589042|protein_coding|-|23610S>23610R|179440029G>C,missense|TTN|ENST00000591111|protein_coding|-|21969S>21969R|179440029G>C,missense|TTN|ENST00000342175|protein_coding|-|14737S>14737R|179440029G>C,missense|TTN|ENST00000359218|protein_coding|-|14670S>14670R|179440029G>C","missense|TTN|ENST00000342992|protein_coding|-|21042S>21042R|179440029G>T,missense|TTN|ENST00000460472|protein_coding|-|14545S>14545R|179440029G>T,missense|TTN|ENST00000589042|protein_coding|-|23610S>23610R|179440029G>T,missense|TTN|ENST00000591111|protein_coding|-|21969S>21969R|179440029G>T,missense|TTN|ENST00000342175|protein_coding|-|14737S>14737R|179440029G>T,missense|TTN|ENST00000359218|protein_coding|-|14670S>14670R|179440029G>T"
179440029,G,G,A,REF_outside_scope,,0,,"synonymous|TTN|ENST00000342992|protein_coding|-|21042S|179440029G>A,synonymous|TTN|ENST00000460472|protein_coding|-|14545S|179440029G>A,synonymous|TTN|ENST00000589042|protein_coding|-|23610S|179440029G>A,synonymous|TTN|ENST00000591111|protein_coding|-|21969S|179440029G>A,synonymous|TTN|ENST00000342175|protein_coding|-|14737S|179440029G>A,synonymous|TTN|ENST00000359218|protein_coding|-|14670S|179440029G>A"
179440029,G,G,C,REF_outside_scope,,0,,"missense|TTN|ENST00000342992|protein_coding|-|21042S>21042R|179440029G>C,missense|TTN|ENST00000460472|protein_coding|-|14545S>14545R|179440029G>C,missense|TTN|ENST00000589042|protein_coding|-|23610S>23610R|179440029G>C,missense|TTN|ENST00000591111|protein_coding|-|21969S>21969R|179440029G>C,missense|TTN|ENST00000342175|protein_coding|-|14737S>14737R|179440029G>C,missense|TTN|ENST00000359218|protein_coding|-|14670S>14670R|179440029G>C"
179440029,G,G,T,REF_outside_scope,,0,,"missense|TTN|ENST00000342992|protein_coding|-|21042S>21042R|179440029G>T,missense|TTN|ENST00000460472|protein_coding|-|14545S>14545R|179440029G>T,missense|TTN|ENST00000589042|protein_coding|-|23610S>23610R|179440029G>T,missense|TTN|ENST00000591111|protein_coding|-|21969S>21969R|179440029G>T,missense|TTN|ENST00000342175|protein_coding|-|14737S>14737R|179440029G>T,missense|TTN|ENST00000359218|protein_coding|-|14670S>14670R|179440029G>T"
179440029,G,T,A,scored,-0.34,7,"missense|TTN|ENST00000342992|protein_coding|-|21042S>21042R|179440029G>T,missense|TTN|ENST00000460472|protein_coding|-|14545S>14545R|179440029G>T,missense|TTN|ENST00000589042|protein_coding|-|23610S>23610R|179440029G>T,missense|TTN|ENST00000591111|protein_coding|-|21969S>21969R|179440029G>T,missense|TTN|ENST00000342175|protein_coding|-|14737S>14737R|179440029G>T,missense|TTN|ENST00000359218|protein_coding|-|14670S>14670R|179440029G>T","synonymous|TTN|ENST00000342992|protein_coding|-|21042S|179440029G>A,synonymous|TTN|ENST00000460472|protein_coding|-|14545S|179440029G>A,synonymous|TTN|ENST00000589042|protein_coding|-|23610S|179440029G>A,synonymous|TTN|ENST00000591111|protein_coding|-|21969S|179440029G>A,synonymous|TTN|ENST00000342175|protein_coding|-|14737S|179440029G>A,synonymous|TTN|ENST00000359218|protein_coding|-|14670S|179440029G>A"
179440029,G,T,C,scored,0.0,0,"missense|TTN|ENST00000342992|protein_coding|-|21042S>21042R|179440029G>T,missense|TTN|ENST00000460472|protein_coding|-|14545S>14545R|179440029G>T,missense|TTN|ENST00000589042|protein_coding|-|23610S>23610R|179440029G>T,missense|TTN|ENST00000591111|protein_coding|-|21969S>21969R|179440029G>T,missense|TTN|ENST00000342175|protein_coding|-|14737S>14737R|179440029G>T,missense|TTN|ENST00000359218|protein_coding|-|14670S>14670R|179440029G>T","missense|TTN|ENST00000342992|protein_coding|-|21042S>21042R|179440029G>C,missense|TTN|ENST00000460472|protein_coding|-|14545S>14545R|179440029G>C,missense|TTN|ENST00000589042|protein_coding|-|23610S>23610R|179440029G>C,missense|TTN|ENST00000591111|protein_coding|-|21969S>21969R|179440029G>C,missense|TTN|ENST00000342175|protein_coding|-|14737S>14737R|179440029G>C,missense|TTN|ENST00000359218|protein_coding|-|14670S>14670R|179440029G>C"
179440029,G,T,G,REF_outside_scope,,0,"missense|TTN|ENST00000342992|protein_coding|-|21042S>21042R|179440029G>T,missense|TTN|ENST00000460472|protein_coding|-|14545S>14545R|179440029G>T,missense|TTN|ENST00000589042|protein_coding|-|23610S>23610R|179440029G>T,missense|TTN|ENST00000591111|protein_coding|-|21969S>21969R|179440029G>T,missense|TTN|ENST00000342175|protein_coding|-|14737S>14737R|179440029G>T,missense|TTN|ENST00000359218|protein_coding|-|14670S>14670R|179440029G>T",
179444768,C,A,C,REF_outside_scope,,0,"missense|TTN|ENST00000342992|protein_coding|-|19848A>19848S|179444768C>A,missense|TTN|ENST00000460472|protein_coding|-|13351A>13351S|179444768C>A,missense|TTN|ENST00000589042|protein_coding|-|22416A>22416S|179444768C>A,missense|TTN|ENST00000591111|protein_coding|-|20775A>20775S|179444768C>A,missense|TTN|ENST00000342175|protein_coding|-|13543A>13543S|179444768C>A,missense|TTN|ENST00000359218|protein_coding|-|13476A>13476S|179444768C>A",
179444768,C,A,G,scored,0.0,0,"missense|TTN|ENST00000342992|protein_coding|-|19848A>19848S|179444768C>A,missense|TTN|ENST00000460472|protein_coding|-|13351A>13351S|179444768C>A,missense|TTN|ENST00000589042|protein_coding|-|22416A>22416S|179444768C>A,missense|TTN|ENST00000591111|protein_coding|-|20775A>20775S|179444768C>A,missense|TTN|ENST00000342175|protein_coding|-|13543A>13543S|179444768C>A,missense|TTN|ENST00000359218|protein_coding|-|13476A>13476S|179444768C>A","missense|TTN|ENST00000342992|protein_coding|-|19848A>19848P|179444768C>G,missense|TTN|ENST00000460472|protein_coding|-|13351A>13351P|179444768C>G,missense|TTN|ENST00000589042|protein_coding|-|22416A>22416P|179444768C>G,missense|TTN|ENST00000591111|protein_coding|-|20775A>20775P|179444768C>G,missense|TTN|ENST00000342175|protein_coding|-|13543A>13543P|179444768C>G,missense|TTN|ENST00000359218|protein_coding|-|13476A>13476P|179444768C>G"
179444768,C,A,T,scored,0.0,0,"missense|TTN|ENST00000342992|protein_coding|-|19848A>19848S|179444768C>A,missense|TTN|ENST00000460472|protein_coding|-|13351A>13351S|179444768C>A,missense|TTN|ENST00000589042|protein_coding|-|22416A>22416S|179444768C>A,missense|TTN|ENST00000591111|protein_coding|-|20775A>20775S|179444768C>A,missense|TTN|ENST00000342175|protein_coding|-|13543A>13543S|179444768C>A,missense|TTN|ENST00000359218|protein_coding|-|13476A>13476S|179444768C>A","missense|TTN|ENST00000342992|protein_coding|-|19848A>19848T|179444768C>T,missense|TTN|ENST00000460472|protein_coding|-|13351A>13351T|179444768C>T,missense|TTN|ENST00000589042|protein_coding|-|22416A>22416T|179444768C>T,missense|TTN|ENST00000591111|protein_coding|-|20775A>20775T|179444768C>T,missense|TTN|ENST00000342175|protein_coding|-|13543A>13543T|179444768C>T,missense|TTN|ENST00000359218|protein_coding|-|13476A>13476T|179444768C>T"
179444768,C,C,A,REF_outside_scope,,0,,"missense|TTN|ENST00000342992|protein_coding|-|19848A>19848S|179444768C>A,missense|TTN|ENST00000460472|protein_coding|-|13351A>13351S|179444768C>A,missense|TTN|ENST00000589042|protein_coding|-|22416A>22416S|179444768C>A,missense|TTN|ENST00000591111|protein_coding|-|20775A>20775S|179444768C>A,missense|TTN|ENST00000342175|protein_coding|-|13543A>13543S|179444768C>A,missense|TTN|ENST00000359218|protein_coding|-|13476A>13476S|179444768C>A"
179444768,C,C,G,REF_outside_scope,,0,,"missense|TTN|ENST00000342992|protein_coding|-|19848A>19848P|179444768C>G,missense|TTN|ENST00000460472|protein_coding|-|13351A>13351P|179444768C>G,missense|TTN|ENST00000589042|protein_coding|-|22416A>22416P|179444768C>G,missense|TTN|ENST00000591111|protein_coding|-|20775A>20775P|179444768C>G,missense|TTN|ENST00000342175|protein_coding|-|13543A>13543P|179444768C>G,missense|TTN|ENST00000359218|protein_coding|-|13476A>13476P|179444768C>G"
179444768,C,C,T,REF_outside_scope,,0,,"missense|TTN|ENST00000342992|protein_coding|-|19848A>19848T|179444768C>T,missense|TTN|ENST00000460472|protein_coding|-|13351A>13351T|179444768C>T,missense|TTN|ENST00000589042|protein_coding|-|22416A>22416T|179444768C>T,missense|TTN|ENST00000591111|protein_coding|-|20775A>20775T|179444768C>T,missense|TTN|ENST00000342175|protein_coding|-|13543A>13543T|179444768C>T,missense|TTN|ENST00000359218|protein_coding|-|13476A>13476T|179444768C>T"
179444768,C,G,A,scored,0.0,0,"missense|TTN|ENST00000342992|protein_coding|-|19848A>19848P|179444768C>G,missense|TTN|ENST00000460472|protein_coding|-|13351A>13351P|179444768C>G,missense|TTN|ENST00000589042|protein_coding|-|22416A>22416P|179444768C>G,missense|TTN|ENST00000591111|protein_coding|-|20775A>20775P|179444768C>G,missense|TTN|ENST00000342175|protein_coding|-|13543A>13543P|179444768C>G,missense|TTN|ENST00000359218|protein_coding|-|13476A>13476P|179444768C>G","missense|TTN|ENST00000342992|protein_coding|-|19848A>19848S|179444768C>A,missense|TTN|ENST00000460472|protein_coding|-|13351A>13351S|179444768C>A,missense|TTN|ENST00000589042|protein_coding|-|22416A>22416S|179444768C>A,missense|TTN|ENST00000591111|protein_coding|-|20775A>20775S|179444768C>A,missense|TTN|ENST00000342175|protein_coding|-|13543A>13543S|179444768C>A,missense|TTN|ENST00000359218|protein_coding|-|13476A>13476S|179444768C>A"
179444768,C,G,C,REF_outside_scope,,0,"missense|TTN|ENST00000342992|protein_coding|-|19848A>19848P|179444768C>G,missense|TTN|ENST00000460472|protein_coding|-|13351A>13351P|179444768C>G,missense|TTN|ENST00000589042|protein_coding|-|22416A>22416P|179444768C>G,missense|TTN|ENST00000591111|protein_coding|-|20775A>20775P|179444768C>G,missense|TTN|ENST00000342175|protein_coding|-|13543A>13543P|179444768C>G,missense|TTN|ENST00000359218|protein_coding|-|13476A>13476P|179444768C>G",
179444768,C,G,T,scored,0.0,0,"missense|TTN|ENST00000342992|protein_coding|-|19848A>19848P|179444768C>G,missense|TTN|ENST00000460472|protein_coding|-|13351A>13351P|179444768C>G,missense|TTN|ENST00000589042|protein_coding|-|22416A>22416P|179444768C>G,missense|TTN|ENST00000591111|protein_coding|-|20775A>20775P|179444768C>G,missense|TTN|ENST00000342175|protein_coding|-|13543A>13543P|179444768C>G,missense|TTN|ENST00000359218|protein_coding|-|13476A>13476P|179444768C>G","missense|TTN|ENST00000342992|protein_coding|-|19848A>19848T|179444768C>T,missense|TTN|ENST00000460472|protein_coding|-|13351A>13351T|179444768C>T,missense|TTN|ENST00000589042|protein_coding|-|22416A>22416T|179444768C>T,missense|TTN|ENST00000591111|protein_coding|-|20775A>20775T|179444768C>T,missense|TTN|ENST00000342175|protein_coding|-|13543A>13543T|179444768C>T,missense|TTN|ENST00000359218|protein_coding|-|13476A>13476T|179444768C>T"
179444768,C,T,A,scored,0.0,0,"missense|TTN|ENST00000342992|protein_coding|-|19848A>19848T|179444768C>T,missense|TTN|ENST00000460472|protein_coding|-|13351A>13351T|179444768C>T,missense|TTN|ENST00000589042|protein_coding|-|22416A>22416T|179444768C>T,missense|TTN|ENST00000591111|protein_coding|-|20775A>20775T|179444768C>T,missense|TTN|ENST00000342175|protein_coding|-|13543A>13543T|179444768C>T,missense|TTN|ENST00000359218|protein_coding|-|13476A>13476T|179444768C>T","missense|TTN|ENST00000342992|protein_coding|-|19848A>19848S|179444768C>A,missense|TTN|ENST00000460472|protein_coding|-|13351A>13351S|179444768C>A,missense|TTN|ENST00000589042|protein_coding|-|22416A>22416S|179444768C>A,missense|TTN|ENST00000591111|protein_coding|-|20775A>20775S|179444768C>A,missense|TTN|ENST00000342175|protein_coding|-|13543A>13543S|179444768C>A,missense|TTN|ENST00000359218|protein_coding|-|13476A>13476S|179444768C>A"
179444768,C,T,C,REF_outside_scope,,0,"missense|TTN|ENST00000342992|protein_coding|-|19848A>19848T|179444768C>T,missense|TTN|ENST00000460472|protein_coding|-|13351A>13351T|179444768C>T,missense|TTN|ENST00000589042|protein_coding|-|22416A>22416T|179444768C>T,missense|TTN|ENST00000591111|protein_coding|-|20775A>20775T|179444768C>T,missense|TTN|ENST00000342175|protein_coding|-|13543A>13543T|179444768C>T,missense|TTN|ENST00000359218|protein_coding|-|13476A>13476T|179444768C>T",
179444768,C,T,G,scored,0.0,0,"missense|TTN|ENST00000342992|protein_coding|-|19848A>19848T|179444768C>T,missense|TTN|ENST00000460472|protein_coding|-|13351A>13351T|179444768C>T,missense|TTN|ENST00000589042|protein_coding|-|22416A>22416T|179444768C>T,missense|TTN|ENST00000591111|protein_coding|-|20775A>20775T|179444768C>T,missense|TTN|ENST00000342175|protein_coding|-|13543A>13543T|179444768C>T,missense|TTN|ENST00000359218|protein_coding|-|13476A>13476T|179444768C>T","missense|TTN|ENST00000342992|protein_coding|-|19848A>19848P|179444768C>G,missense|TTN|ENST00000460472|protein_coding|-|13351A>13351P|179444768C>G,missense|TTN|ENST00000589042|protein_coding|-|22416A>22416P|179444768C>G,missense|TTN|ENST00000591111|protein_coding|-|20775A>20775P|179444768C>G,missense|TTN|ENST00000342175|protein_coding|-|13543A>13543P|179444768C>G,missense|TTN|ENST00000359218|protein_coding|-|13476A>13476P|179444768C>G"
179444939,C,A,C,REF_outside_scope,,0,"missense|TTN|ENST00000342992|protein_coding|-|19791V>19791F|179444939C>A,missense|TTN|ENST00000460472|protein_coding|-|13294V>13294F|179444939C>A,missense|TTN|ENST00000589042|protein_coding|-|22359V>22359F|179444939C>A,missense|TTN|ENST00000591111|protein_coding|-|20718V>20718F|179444939C>A,missense|TTN|ENST00000342175|protein_coding|-|13486V>13486F|179444939C>A,missense|TTN|ENST00000359218|protein_coding|-|13419V>13419F|179444939C>A",
179444939,C,A,G,scored,0.0,0,"missense|TTN|ENST00000342992|protein_coding|-|19791V>19791F|179444939C>A,missense|TTN|ENST00000460472|protein_coding|-|13294V>13294F|179444939C>A,missense|TTN|ENST00000589042|protein_coding|-|22359V>22359F|179444939C>A,missense|TTN|ENST00000591111|protein_coding|-|20718V>20718F|179444939C>A,missense|TTN|ENST00000342175|protein_coding|-|13486V>13486F|179444939C>A,missense|TTN|ENST00000359218|protein_coding|-|13419V>13419F|179444939C>A","missense|TTN|ENST00000342992|protein_coding|-|19791V>19791L|179444939C>G,missense|TTN|ENST00000460472|protein_coding|-|13294V>13294L|179444939C>G,missense|TTN|ENST00000589042|protein_coding|-|22359V>22359L|179444939C>G,missense|TTN|ENST00000591111|protein_coding|-|20718V>20718L|179444939C>G,missense|TTN|ENST00000342175|protein_coding|-|13486V>13486L|179444939C>G,missense|TTN|ENST00000359218|protein_coding|-|13419V>13419L|179444939C>G"
179444939,C,A,T,scored,0.0,0,"missense|TTN|ENST00000342992|protein_coding|-|19791V>19791F|179444939C>A,missense|TTN|ENST00000460472|protein_coding|-|13294V>13294F|179444939C>A,missense|TTN|ENST00000589042|protein_coding|-|22359V>22359F|179444939C>A,missense|TTN|ENST00000591111|protein_coding|-|20718V>20718F|179444939C>A,missense|TTN|ENST00000342175|protein_coding|-|13486V>13486F|179444939C>A,missense|TTN|ENST00000359218|protein_coding|-|13419V>13419F|179444939C>A","missense|TTN|ENST00000342992|protein_coding|-|19791V>19791I|179444939C>T,missense|TTN|ENST00000460472|protein_coding|-|13294V>13294I|179444939C>T,missense|TTN|ENST00000589042|protein_coding|-|22359V>22359I|179444939C>T,missense|TTN|ENST00000591111|protein_coding|-|20718V>20718I|179444939C>T,missense|TTN|ENST00000342175|protein_coding|-|13486V>13486I|179444939C>T,missense|TTN|ENST00000359218|protein_coding|-|13419V>13419I|179444939C>T"
179444939,C,C,A,REF_outside_scope,,0,,"missense|TTN|ENST00000342992|protein_coding|-|19791V>19791F|179444939C>A,missense|TTN|ENST00000460472|protein_coding|-|13294V>13294F|179444939C>A,missense|TTN|ENST00000589042|protein_coding|-|22359V>22359F|179444939C>A,missense|TTN|ENST00000591111|protein_coding|-|20718V>20718F|179444939C>A,missense|TTN|ENST00000342175|protein_coding|-|13486V>13486F|179444939C>A,missense|TTN|ENST00000359218|protein_coding|-|13419V>13419F|179444939C>A"
179444939,C,C,G,REF_outside_scope,,0,,"missense|TTN|ENST00000342992|protein_coding|-|19791V>19791L|179444939C>G,missense|TTN|ENST00000460472|protein_coding|-|13294V>13294L|179444939C>G,missense|TTN|ENST00000589042|protein_coding|-|22359V>22359L|179444939C>G,missense|TTN|ENST00000591111|protein_coding|-|20718V>20718L|179444939C>G,missense|TTN|ENST00000342175|protein_coding|-|13486V>13486L|179444939C>G,missense|TTN|ENST00000359218|protein_coding|-|13419V>13419L|179444939C>G"
179444939,C,C,T,REF_outside_scope,,0,,"missense|TTN|ENST00000342992|protein_coding|-|19791V>19791I|179444939C>T,missense|TTN|ENST00000460472|protein_coding|-|13294V>13294I|179444939C>T,missense|TTN|ENST00000589042|protein_coding|-|22359V>22359I|179444939C>T,missense|TTN|ENST00000591111|protein_coding|-|20718V>20718I|179444939C>T,missense|TTN|ENST00000342175|protein_coding|-|13486V>13486I|179444939C>T,missense|TTN|ENST00000359218|protein_coding|-|13419V>13419I|179444939C>T"
179444939,C,G,A,scored,0.0,0,"missense|TTN|ENST00000342992|protein_coding|-|19791V>19791L|179444939C>G,missense|TTN|ENST00000460472|protein_coding|-|13294V>13294L|179444939C>G,missense|TTN|ENST00000589042|protein_coding|-|22359V>22359L|179444939C>G,missense|TTN|ENST00000591111|protein_coding|-|20718V>20718L|179444939C>G,missense|TTN|ENST00000342175|protein_coding|-|13486V>13486L|179444939C>G,missense|TTN|ENST00000359218|protein_coding|-|13419V>13419L|179444939C>G","missense|TTN|ENST00000342992|protein_coding|-|19791V>19791F|179444939C>A,missense|TTN|ENST00000460472|protein_coding|-|13294V>13294F|179444939C>A,missense|TTN|ENST00000589042|protein_coding|-|22359V>22359F|179444939C>A,missense|TTN|ENST00000591111|protein_coding|-|20718V>20718F|179444939C>A,missense|TTN|ENST00000342175|protein_coding|-|13486V>13486F|179444939C>A,missense|TTN|ENST00000359218|protein_coding|-|13419V>13419F|179444939C>A"
179444939,C,G,C,REF_outside_scope,,0,"missense|TTN|ENST00000342992|protein_coding|-|19791V>19791L|179444939C>G,missense|TTN|ENST00000460472|protein_coding|-|13294V>13294L|179444939C>G,missense|TTN|ENST00000589042|protein_coding|-|22359V>22359L|179444939C>G,missense|TTN|ENST00000591111|protein_coding|-|20718V>20718L|179444939C>G,missense|TTN|ENST00000342175|protein_coding|-|13486V>13486L|179444939C>G,missense|TTN|ENST00000359218|protein_coding|-|13419V>13419L|179444939C>G",
179444939,C,G,T,scored,0.0,0,"missense|TTN|ENST00000342992|protein_coding|-|19791V>19791L|179444939C>G,missense|TTN|ENST00000460472|protein_coding|-|13294V>13294L|179444939C>G,missense|TTN|ENST00000589042|protein_coding|-|22359V>22359L|179444939C>G,missense|TTN|ENST00000591111|protein_coding|-|20718V>20718L|179444939C>G,missense|TTN|ENST00000342175|protein_coding|-|13486V>13486L|179444939C>G,missense|TTN|ENST00000359218|protein_coding|-|13419V>13419L|179444939C>G","missense|TTN|ENST00000342992|protein_coding|-|19791V>19791I|179444939C>T,missense|TTN|ENST00000460472|protein_coding|-|13294V>13294I|179444939C>T,missense|TTN|ENST00000589042|protein_coding|-|22359V>22359I|179444939C>T,missense|TTN|ENST00000591111|protein_coding|-|20718V>20718I|179444939C>T,missense|TTN|ENST00000342175|protein_coding|-|13486V>13486I|179444939C>T,missense|TTN|ENST00000359218|protein_coding|-|13419V>13419I|179444939C>T"
179444939,C,T,A,scored,0.0,0,"missense|TTN|ENST00000342992|protein_coding|-|19791V>19791I|179444939C>T,missense|TTN|ENST00000460472|protein_coding|-|13294V>13294I|179444939C>T,missense|TTN|ENST00000589042|protein_coding|-|22359V>22359I|179444939C>T,missense|TTN|ENST00000591111|protein_coding|-|20718V>20718I|179444939C>T,missense|TTN|ENST00000342175|protein_coding|-|13486V>13486I|179444939C>T,missense|TTN|ENST00000359218|protein_coding|-|13419V>13419I|179444939C>T","missense|TTN|ENST00000342992|protein_coding|-|19791V>19791F|179444939C>A,missense|TTN|ENST00000460472|protein_coding|-|13294V>13294F|179444939C>A,missense|TTN|ENST00000589042|protein_coding|-|22359V>22359F|179444939C>A,missense|TTN|ENST00000591111|protein_coding|-|20718V>20718F|179444939C>A,missense|TTN|ENST00000342175|protein_coding|-|13486V>13486F|179444939C>A,missense|TTN|ENST00000359218|protein_coding|-|13419V>13419F|179444939C>A"
179444939,C,T,C,REF_outside_scope,,0,"missense|TTN|ENST00000342992|protein_coding|-|19791V>19791I|179444939C>T,missense|TTN|ENST00000460472|protein_coding|-|13294V>13294I|179444939C>T,missense|TTN|ENST00000589042|protein_coding|-|22359V>22359I|179444939C>T,missense|TTN|ENST00000591111|protein_coding|-|20718V>20718I|179444939C>T,missense|TTN|ENST00000342175|protein_coding|-|13486V>13486I|179444939C>T,missense|TTN|ENST00000359218|protein_coding|-|13419V>13419I|179444939C>T",
179444939,C,T,G,scored,0.0,0,"missense|TTN|ENST00000342992|protein_coding|-|19791V>19791I|179444939C>T,missense|TTN|ENST00000460472|protein_coding|-|13294V>13294I|179444939C>T,missense|TTN|ENST00000589042|protein_coding|-|22359V>22359I|179444939C>T,missense|TTN|ENST00000591111|protein_coding|-|20718V>20718I|179444939C>T,missense|TTN|ENST00000342175|protein_coding|-|13486V>13486I|179444939C>T,missense|TTN|ENST00000359218|protein_coding|-|13419V>13419I|179444939C>T","missense|TTN|ENST00000342992|protein_coding|-|19791V>19791L|179444939C>G,missense|TTN|ENST00000460472|protein_coding|-|13294V>13294L|179444939C>G,missense|TTN|ENST00000589042|protein_coding|-|22359V>22359L|179444939C>G,missense|TTN|ENST00000591111|protein_coding|-|20718V>20718L|179444939C>G,missense|TTN|ENST00000342175|protein_coding|-|13486V>13486L|179444939C>G,missense|TTN|ENST00000359218|protein_coding|-|13419V>13419L|179444939C>G"
179447848,T,A,C,scored,0.0,0,"synonymous|TTN|ENST00000342992|protein_coding|-|19326T|179447848T>A,synonymous|TTN|ENST00000460472|protein_coding|-|12829T|179447848T>A,synonymous|TTN|ENST00000589042|protein_coding|-|21894T|179447848T>A,synonymous|TTN|ENST00000591111|protein_coding|-|20253T|179447848T>A,synonymous|TTN|ENST00000342175|protein_coding|-|13021T|179447848T>A,synonymous|TTN|ENST00000359218|protein_coding|-|12954T|179447848T>A","synonymous|TTN|ENST00000342992|protein_coding|-|19326T|179447848T>C,synonymous|TTN|ENST00000460472|protein_coding|-|12829T|179447848T>C,synonymous|TTN|ENST00000589042|protein_coding|-|21894T|179447848T>C,synonymous|TTN|ENST00000591111|protein_coding|-|20253T|179447848T>C,synonymous|TTN|ENST00000342175|protein_coding|-|13021T|179447848T>C,synonymous|TTN|ENST00000359218|protein_coding|-|12954T|179447848T>C"
179447848,T,A,G,scored,0.0,0,"synonymous|TTN|ENST00000342992|protein_coding|-|19326T|179447848T>A,synonymous|TTN|ENST00000460472|protein_coding|-|12829T|179447848T>A,synonymous|TTN|ENST00000589042|protein_coding|-|21894T|179447848T>A,synonymous|TTN|ENST00000591111|protein_coding|-|20253T|179447848T>A,synonymous|TTN|ENST00000342175|protein_coding|-|13021T|179447848T>A,synonymous|TTN|ENST00000359218|protein_coding|-|12954T|179447848T>A","synonymous|TTN|ENST00000342992|protein_coding|-|19326T|179447848T>G,synonymous|TTN|ENST00000460472|protein_coding|-|12829T|179447848T>G,synonymous|TTN|ENST00000589042|protein_coding|-|21894T|179447848T>G,synonymous|TTN|ENST00000591111|protein_coding|-|20253T|179447848T>G,synonymous|TTN|ENST00000342175|protein_coding|-|13021T|179447848T>G,synonymous|TTN|ENST00000359218|protein_coding|-|12954T|179447848T>G"
179447848,T,A,T,REF_outside_scope,,0,"synonymous|TTN|ENST00000342992|protein_coding|-|19326T|179447848T>A,synonymous|TTN|ENST00000460472|protein_coding|-|12829T|179447848T>A,synonymous|TTN|ENST00000589042|protein_coding|-|21894T|179447848T>A,synonymous|TTN|ENST00000591111|protein_coding|-|20253T|179447848T>A,synonymous|TTN|ENST00000342175|protein_coding|-|13021T|179447848T>A,synonymous|TTN|ENST00000359218|protein_coding|-|12954T|179447848T>A",
179447848,T,C,A,scored,0.0,0,"synonymous|TTN|ENST00000342992|protein_coding|-|19326T|179447848T>C,synonymous|TTN|ENST00000460472|protein_coding|-|12829T|179447848T>C,synonymous|TTN|ENST00000589042|protein_coding|-|21894T|179447848T>C,synonymous|TTN|ENST00000591111|protein_coding|-|20253T|179447848T>C,synonymous|TTN|ENST00000342175|protein_coding|-|13021T|179447848T>C,synonymous|TTN|ENST00000359218|protein_coding|-|12954T|179447848T>C","synonymous|TTN|ENST00000342992|protein_coding|-|19326T|179447848T>A,synonymous|TTN|ENST00000460472|protein_coding|-|12829T|179447848T>A,synonymous|TTN|ENST00000589042|protein_coding|-|21894T|179447848T>A,synonymous|TTN|ENST00000591111|protein_coding|-|20253T|179447848T>A,synonymous|TTN|ENST00000342175|protein_coding|-|13021T|179447848T>A,synonymous|TTN|ENST00000359218|protein_coding|-|12954T|179447848T>A"
179447848,T,C,G,scored,0.0,0,"synonymous|TTN|ENST00000342992|protein_coding|-|19326T|179447848T>C,synonymous|TTN|ENST00000460472|protein_coding|-|12829T|179447848T>C,synonymous|TTN|ENST00000589042|protein_coding|-|21894T|179447848T>C,synonymous|TTN|ENST00000591111|protein_coding|-|20253T|179447848T>C,synonymous|TTN|ENST00000342175|protein_coding|-|13021T|179447848T>C,synonymous|TTN|ENST00000359218|protein_coding|-|12954T|179447848T>C","synonymous|TTN|ENST00000342992|protein_coding|-|19326T|179447848T>G,synonymous|TTN|ENST00000460472|protein_coding|-|12829T|179447848T>G,synonymous|TTN|ENST00000589042|protein_coding|-|21894T|179447848T>G,synonymous|TTN|ENST00000591111|protein_coding|-|20253T|179447848T>G,synonymous|TTN|ENST00000342175|protein_coding|-|13021T|179447848T>G,synonymous|TTN|ENST00000359218|protein_coding|-|12954T|179447848T>G"
179447848,T,C,T,REF_outside_scope,,0,"synonymous|TTN|ENST00000342992|protein_coding|-|19326T|179447848T>C,synonymous|TTN|ENST00000460472|protein_coding|-|12829T|179447848T>C,synonymous|TTN|ENST00000589042|protein_coding|-|21894T|179447848T>C,synonymous|TTN|ENST00000591111|protein_coding|-|20253T|179447848T>C,synonymous|TTN|ENST00000342175|protein_coding|-|13021T|179447848T>C,synonymous|TTN|ENST00000359218|protein_coding|-|12954T|179447848T>C",
179447848,T,G,A,scored,0.0,0,"synonymous|TTN|ENST00000342992|protein_coding|-|19326T|179447848T>G,synonymous|TTN|ENST00000460472|protein_coding|-|12829T|179447848T>G,synonymous|TTN|ENST00000589042|protein_coding|-|21894T|179447848T>G,synonymous|TTN|ENST00000591111|protein_coding|-|20253T|179447848T>G,synonymous|TTN|ENST00000342175|protein_coding|-|13021T|179447848T>G,synonymous|TTN|ENST00000359218|protein_coding|-|12954T|179447848T>G","synonymous|TTN|ENST00000342992|protein_coding|-|19326T|179447848T>A,synonymous|TTN|ENST00000460472|protein_coding|-|12829T|179447848T>A,synonymous|TTN|ENST00000589042|protein_coding|-|21894T|179447848T>A,synonymous|TTN|ENST00000591111|protein_coding|-|20253T|179447848T>A,synonymous|TTN|ENST00000342175|protein_coding|-|13021T|179447848T>A,synonymous|TTN|ENST00000359218|protein_coding|-|12954T|179447848T>A"
179447848,T,G,C,scored,0.0,0,"synonymous|TTN|ENST00000342992|protein_coding|-|19326T|179447848T>G,synonymous|TTN|ENST00000460472|protein_coding|-|12829T|179447848T>G,synonymous|TTN|ENST00000589042|protein_coding|-|21894T|179447848T>G,synonymous|TTN|ENST00000591111|protein_coding|-|20253T|179447848T>G,synonymous|TTN|ENST00000342175|protein_coding|-|13021T|179447848T>G,synonymous|TTN|ENST00000359218|protein_coding|-|12954T|179447848T>G","synonymous|TTN|ENST00000342992|protein_coding|-|19326T|179447848T>C,synonymous|TTN|ENST00000460472|protein_coding|-|12829T|179447848T>C,synonymous|TTN|ENST00000589042|protein_coding|-|21894T|179447848T>C,synonymous|TTN|ENST00000591111|protein_coding|-|20253T|179447848T>C,synonymous|TTN|ENST00000342175|protein_coding|-|13021T|179447848T>C,synonymous|TTN|ENST00000359218|protein_coding|-|12954T|179447848T>C"
179447848,T,G,T,REF_outside_scope,,0,"synonymous|TTN|ENST00000342992|protein_coding|-|19326T|179447848T>G,synonymous|TTN|ENST00000460472|protein_coding|-|12829T|179447848T>G,synonymous|TTN|ENST00000589042|protein_coding|-|21894T|179447848T>G,synonymous|TTN|ENST00000591111|protein_coding|-|20253T|179447848T>G,synonymous|TTN|ENST00000342175|protein_coding|-|13021T|179447848T>G,synonymous|TTN|ENST00000359218|protein_coding|-|12954T|179447848T>G",
179447848,T,T,A,REF_outside_scope,,0,,"synonymous|TTN|ENST00000342992|protein_coding|-|19326T|179447848T>A,synonymous|TTN|ENST00000460472|protein_coding|-|12829T|179447848T>A,synonymous|TTN|ENST00000589042|protein_coding|-|21894T|179447848T>A,synonymous|TTN|ENST00000591111|protein_coding|-|20253T|179447848T>A,synonymous|TTN|ENST00000342175|protein_coding|-|13021T|179447848T>A,synonymous|TTN|ENST00000359218|protein_coding|-|12954T|179447848T>A"
179447848,T,T,C,REF_outside_scope,,0,,"synonymous|TTN|ENST00000342992|protein_coding|-|19326T|179447848T>C,synonymous|TTN|ENST00000460472|protein_coding|-|12829T|179447848T>C,synonymous|TTN|ENST00000589042|protein_coding|-|21894T|179447848T>C,synonymous|TTN|ENST00000591111|protein_coding|-|20253T|179447848T>C,synonymous|TTN|ENST00000342175|protein_coding|-|13021T|179447848T>C,synonymous|TTN|ENST00000359218|protein_coding|-|12954T|179447848T>C"
179447848,T,T,G,REF_outside_scope,,0,,"synonymous|TTN|ENST00000342992|protein_coding|-|19326T|179447848T>G,synonymous|TTN|ENST00000460472|protein_coding|-|12829T|179447848T>G,synonymous|TTN|ENST00000589042|protein_coding|-|21894T|179447848T>G,synonymous|TTN|ENST00000591111|protein_coding|-|20253T|179447848T>G,synonymous|TTN|ENST00000342175|protein_coding|-|13021T|179447848T>G,synonymous|TTN|ENST00000359218|protein_coding|-|12954T|179447848T>G"
179451420,G,A,C,scored,0.0,0,"missense|TTN|ENST00000342992|protein_coding|-|18835T>18835I|179451420G>A,missense|TTN|ENST00000460472|protein_coding|-|12338T>12338I|179451420G>A,missense|TTN|ENST00000589042|protein_coding|-|21403T>21403I|179451420G>A,missense|TTN|ENST00000591111|protein_coding|-|19762T>19762I|179451420G>A,missense|TTN|ENST00000342175|protein_coding|-|12530T>12530I|179451420G>A,missense|TTN|ENST00000359218|protein_coding|-|12463T>12463I|179451420G>A","missense|TTN|ENST00000342992|protein_coding|-|18835T>18835S|179451420G>C,missense|TTN|ENST00000460472|protein_coding|-|12338T>12338S|179451420G>C,missense|TTN|ENST00000589042|protein_coding|-|21403T>21403S|179451420G>C,missense|TTN|ENST00000591111|protein_coding|-|19762T>19762S|179451420G>C,missense|TTN|ENST00000342175|protein_coding|-|12530T>12530S|179451420G>C,missense|TTN|ENST00000359218|protein_coding|-|12463T>12463S|179451420G>C"
179451420,G,A,G,REF_outside_scope,,0,"missense|TTN|ENST00000342992|protein_coding|-|18835T>18835I|179451420G>A,missense|TTN|ENST00000460472|protein_coding|-|12338T>12338I|179451420G>A,missense|TTN|ENST00000589042|protein_coding|-|21403T>21403I|179451420G>A,missense|TTN|ENST00000591111|protein_coding|-|19762T>19762I|179451420G>A,missense|TTN|ENST00000342175|protein_coding|-|12530T>12530I|179451420G>A,missense|TTN|ENST00000359218|protein_coding|-|12463T>12463I|179451420G>A",
179451420,G,A,T,scored,0.0,0,"missense|TTN|ENST00000342992|protein_coding|-|18835T>18835I|179451420G>A,missense|TTN|ENST00000460472|protein_coding|-|12338T>12338I|179451420G>A,missense|TTN|ENST00000589042|protein_coding|-|21403T>21403I|179451420G>A,missense|TTN|ENST00000591111|protein_coding|-|19762T>19762I|179451420G>A,missense|TTN|ENST00000342175|protein_coding|-|12530T>12530I|179451420G>A,missense|TTN|ENST00000359218|protein_coding|-|12463T>12463I|179451420G>A","missense|TTN|ENST00000342992|protein_coding|-|18835T>18835N|179451420G>T,missense|TTN|ENST00000460472|protein_coding|-|12338T>12338N|179451420G>T,missense|TTN|ENST00000589042|protein_coding|-|21403T>21403N|179451420G>T,missense|TTN|ENST00000591111|protein_coding|-|19762T>19762N|179451420G>T,missense|TTN|ENST00000342175|protein_coding|-|12530T>12530N|179451420G>T,missense|TTN|ENST00000359218|protein_coding|-|12463T>12463N|179451420G>T"
179451420,G,C,A,scored,0.0,0,"missense|TTN|ENST00000342992|protein_coding|-|18835T>18835S|179451420G>C,missense|TTN|ENST00000460472|protein_coding|-|12338T>12338S|179451420G>C,missense|TTN|ENST00000589042|protein_coding|-|21403T>21403S|179451420G>C,missense|TTN|ENST00000591111|protein_coding|-|19762T>19762S|179451420G>C,missense|TTN|ENST00000342175|protein_coding|-|12530T>12530S|179451420G>C,missense|TTN|ENST00000359218|protein_coding|-|12463T>12463S|179451420G>C","missense|TTN|ENST00000342992|protein_coding|-|18835T>18835I|179451420G>A,missense|TTN|ENST00000460472|protein_coding|-|12338T>12338I|179451420G>A,missense|TTN|ENST00000589042|protein_coding|-|21403T>21403I|179451420G>A,missense|TTN|ENST00000591111|protein_coding|-|19762T>19762I|179451420G>A,missense|TTN|ENST00000342175|protein_coding|-|12530T>12530I|179451420G>A,missense|TTN|ENST00000359218|protein_coding|-|12463T>12463I|179451420G>A"
179451420,G,C,G,REF_outside_scope,,0,"missense|TTN|ENST00000342992|protein_coding|-|18835T>18835S|179451420G>C,missense|TTN|ENST00000460472|protein_coding|-|12338T>12338S|179451420G>C,missense|TTN|ENST00000589042|protein_coding|-|21403T>21403S|179451420G>C,missense|TTN|ENST00000591111|protein_coding|-|19762T>19762S|179451420G>C,missense|TTN|ENST00000342175|protein_coding|-|12530T>12530S|179451420G>C,missense|TTN|ENST00000359218|protein_coding|-|12463T>12463S|179451420G>C",
179451420,G,C,T,scored,0.0,0,"missense|TTN|ENST00000342992|protein_coding|-|18835T>18835S|179451420G>C,missense|TTN|ENST00000460472|protein_coding|-|12338T>12338S|179451420G>C,missense|TTN|ENST00000589042|protein_coding|-|21403T>21403S|179451420G>C,missense|TTN|ENST00000591111|protein_coding|-|19762T>19762S|179451420G>C,missense|TTN|ENST00000342175|protein_coding|-|12530T>12530S|179451420G>C,missense|TTN|ENST00000359218|protein_coding|-|12463T>12463S|179451420G>C","missense|TTN|ENST00000342992|protein_coding|-|18835T>18835N|179451420G>T,missense|TTN|ENST00000460472|protein_coding|-|12338T>12338N|179451420G>T,missense|TTN|ENST00000589042|protein_coding|-|21403T>21403N|179451420G>T,missense|TTN|ENST00000591111|protein_coding|-|19762T>19762N|179451420G>T,missense|TTN|ENST00000342175|protein_coding|-|12530T>12530N|179451420G>T,missense|TTN|ENST00000359218|protein_coding|-|12463T>12463N|179451420G>T"
179451420,G,G,A,REF_outside_scope,,0,,"missense|TTN|ENST00000342992|protein_coding|-|18835T>18835I|179451420G>A,missense|TTN|ENST00000460472|protein_coding|-|12338T>12338I|179451420G>A,missense|TTN|ENST00000589042|protein_coding|-|21403T>21403I|179451420G>A,missense|TTN|ENST00000591111|protein_coding|-|19762T>19762I|179451420G>A,missense|TTN|ENST00000342175|protein_coding|-|12530T>12530I|179451420G>A,missense|TTN|ENST00000359218|protein_coding|-|12463T>12463I|179451420G>A"
179451420,G,G,C,REF_outside_scope,,0,,"missense|TTN|ENST00000342992|protein_coding|-|18835T>18835S|179451420G>C,missense|TTN|ENST00000460472|protein_coding|-|12338T>12338S|179451420G>C,missense|TTN|ENST00000589042|protein_coding|-|21403T>21403S|179451420G>C,missense|TTN|ENST00000591111|protein_coding|-|19762T>19762S|179451420G>C,missense|TTN|ENST00000342175|protein_coding|-|12530T>12530S|179451420G>C,missense|TTN|ENST00000359218|protein_coding|-|12463T>12463S|179451420G>C"
179451420,G,G,T,REF_outside_scope,,0,,"missense|TTN|ENST00000342992|protein_coding|-|18835T>18835N|179451420G>T,missense|TTN|ENST00000460472|protein_coding|-|12338T>12338N|179451420G>T,missense|TTN|ENST00000589042|protein_coding|-|21403T>21403N|179451420G>T,missense|TTN|ENST00000591111|protein_coding|-|19762T>19762N|179451420G>T,missense|TTN|ENST00000342175|protein_coding|-|12530T>12530N|179451420G>T,missense|TTN|ENST00000359218|protein_coding|-|12463T>12463N|179451420G>T"
179451420,G,T,A,scored,0.0,0,"missense|TTN|ENST00000342992|protein_coding|-|18835T>18835N|179451420G>T,missense|TTN|ENST00000460472|protein_coding|-|12338T>12338N|179451420G>T,missense|TTN|ENST00000589042|protein_coding|-|21403T>21403N|179451420G>T,missense|TTN|ENST00000591111|protein_coding|-|19762T>19762N|179451420G>T,missense|TTN|ENST00000342175|protein_coding|-|12530T>12530N|179451420G>T,missense|TTN|ENST00000359218|protein_coding|-|12463T>12463N|179451420G>T","missense|TTN|ENST00000342992|protein_coding|-|18835T>18835I|179451420G>A,missense|TTN|ENST00000460472|protein_coding|-|12338T>12338I|179451420G>A,missense|TTN|ENST00000589042|protein_coding|-|21403T>21403I|179451420G>A,missense|TTN|ENST00000591111|protein_coding|-|19762T>19762I|179451420G>A,missense|TTN|ENST00000342175|protein_coding|-|12530T>12530I|179451420G>A,missense|TTN|ENST00000359218|protein_coding|-|12463T>12463I|179451420G>A"
179451420,G,T,C,scored,0.0,0,"missense|TTN|ENST00000342992|protein_coding|-|18835T>18835N|179451420G>T,missense|TTN|ENST00000460472|protein_coding|-|12338T>12338N|179451420G>T,missense|TTN|ENST00000589042|protein_coding|-|21403T>21403N|179451420G>T,missense|TTN|ENST00000591111|protein_coding|-|19762T>19762N|179451420G>T,missense|TTN|ENST00000342175|protein_coding|-|12530T>12530N|179451420G>T,missense|TTN|ENST00000359218|protein_coding|-|12463T>12463N|179451420G>T","missense|TTN|ENST00000342992|protein_coding|-|18835T>18835S|179451420G>C,missense|TTN|ENST00000460472|protein_coding|-|12338T>12338S|179451420G>C,missense|TTN|ENST00000589042|protein_coding|-|21403T>21403S|179451420G>C,missense|TTN|ENST00000591111|protein_coding|-|19762T>19762S|179451420G>C,missense|TTN|ENST00000342175|protein_coding|-|12530T>12530S|179451420G>C,missense|TTN|ENST00000359218|protein_coding|-|12463T>12463S|179451420G>C"
179451420,G,T,G,REF_outside_scope,,0,"missense|TTN|ENST00000342992|protein_coding|-|18835T>18835N|179451420G>T,missense|TTN|ENST00000460472|protein_coding|-|12338T>12338N|179451420G>T,missense|TTN|ENST00000589042|protein_coding|-|21403T>21403N|179451420G>T,missense|TTN|ENST00000591111|protein_coding|-|19762T>19762N|179451420G>T,missense|TTN|ENST00000342175|protein_coding|-|12530T>12530N|179451420G>T,missense|TTN|ENST00000359218|protein_coding|-|12463T>12463N|179451420G>T",
179454394,A,A,C,REF_outside_scope,,0,,"stop_gained|TTN|ENST00000342992|protein_coding|-|18118Y>18118*|179454394A>C,stop_gained|TTN|ENST00000460472|protein_coding|-|11621Y>11621*|179454394A>C,stop_gained|TTN|ENST00000589042|protein_coding|-|20686Y>20686*|179454394A>C,stop_gained|TTN|ENST00000591111|protein_coding|-|19045Y>19045*|179454394A>C,stop_gained|TTN|ENST00000342175|protein_coding|-|11813Y>11813*|179454394A>C,stop_gained|TTN|ENST00000359218|protein_coding|-|11746Y>11746*|179454394A>C"
179454394,A,A,G,REF_outside_scope,,0,,"synonymous|TTN|ENST00000342992|protein_coding|-|18118Y|179454394A>G,synonymous|TTN|ENST00000460472|protein_coding|-|11621Y|179454394A>G,synonymous|TTN|ENST00000589042|protein_coding|-|20686Y|179454394A>G,synonymous|TTN|ENST00000591111|protein_coding|-|19045Y|179454394A>G,synonymous|TTN|ENST00000342175|protein_coding|-|11813Y|179454394A>G,synonymous|TTN|ENST00000359218|protein_coding|-|11746Y|179454394A>G"
179454394,A,A,T,REF_outside_scope,,0,,"stop_gained|TTN|ENST00000342992|protein_coding|-|18118Y>18118*|179454394A>T,stop_gained|TTN|ENST00000460472|protein_coding|-|11621Y>11621*|179454394A>T,stop_gained|TTN|ENST00000589042|protein_coding|-|20686Y>20686*|179454394A>T,stop_gained|TTN|ENST00000591111|protein_coding|-|19045Y>19045*|179454394A>T,stop_gained|TTN|ENST00000342175|protein_coding|-|11813Y>11813*|179454394A>T,stop_gained|TTN|ENST00000359218|protein_coding|-|11746Y>11746*|179454394A>T"
179454394,A,C,A,REF_outside_scope,,0,"stop_gained|TTN|ENST00000342992|protein_coding|-|18118Y>18118*|179454394A>C,stop_gained|TTN|ENST00000460472|protein_coding|-|11621Y>11621*|179454394A>C,stop_gained|TTN|ENST00000589042|protein_coding|-|20686Y>20686*|179454394A>C,stop_gained|TTN|ENST00000591111|protein_coding|-|19045Y>19045*|179454394A>C,stop_gained|TTN|ENST00000342175|protein_coding|-|11813Y>11813*|179454394A>C,stop_gained|TTN|ENST00000359218|protein_coding|-|11746Y>11746*|179454394A>C",
179454394,A,C,G,scored,-0.67,5,"stop_gained|TTN|ENST00000342992|protein_coding|-|18118Y>18118*|179454394A>C,stop_gained|TTN|ENST00000460472|protein_coding|-|11621Y>11621*|179454394A>C,stop_gained|TTN|ENST00000589042|protein_coding|-|20686Y>20686*|179454394A>C,stop_gained|TTN|ENST00000591111|protein_coding|-|19045Y>19045*|179454394A>C,stop_gained|TTN|ENST00000342175|protein_coding|-|11813Y>11813*|179454394A>C,stop_gained|TTN|ENST00000359218|protein_coding|-|11746Y>11746*|179454394A>C","synonymous|TTN|ENST00000342992|protein_coding|-|18118Y|179454394A>G,synonymous|TTN|ENST00000460472|protein_coding|-|11621Y|179454394A>G,synonymous|TTN|ENST00000589042|protein_coding|-|20686Y|179454394A>G,synonymous|TTN|ENST00000591111|protein_coding|-|19045Y|179454394A>G,synonymous|TTN|ENST00000342175|protein_coding|-|11813Y|179454394A>G,synonymous|TTN|ENST00000359218|protein_coding|-|11746Y|179454394A>G"
179454394,A,C,T,scored,0.0,0,"stop_gained|TTN|ENST00000342992|protein_coding|-|18118Y>18118*|179454394A>C,stop_gained|TTN|ENST00000460472|protein_coding|-|11621Y>11621*|179454394A>C,stop_gained|TTN|ENST00000589042|protein_coding|-|20686Y>20686*|179454394A>C,stop_gained|TTN|ENST00000591111|protein_coding|-|19045Y>19045*|179454394A>C,stop_gained|TTN|ENST00000342175|protein_coding|-|11813Y>11813*|179454394A>C,stop_gained|TTN|ENST00000359218|protein_coding|-|11746Y>11746*|179454394A>C","stop_gained|TTN|ENST00000342992|protein_coding|-|18118Y>18118*|179454394A>T,stop_gained|TTN|ENST00000460472|protein_coding|-|11621Y>11621*|179454394A>T,stop_gained|TTN|ENST00000589042|protein_coding|-|20686Y>20686*|179454394A>T,stop_gained|TTN|ENST00000591111|protein_coding|-|19045Y>19045*|179454394A>T,stop_gained|TTN|ENST00000342175|protein_coding|-|11813Y>11813*|179454394A>T,stop_gained|TTN|ENST00000359218|protein_coding|-|11746Y>11746*|179454394A>T"
179454394,A,G,A,REF_outside_scope,,0,"synonymous|TTN|ENST00000342992|protein_coding|-|18118Y|179454394A>G,synonymous|TTN|ENST00000460472|protein_coding|-|11621Y|179454394A>G,synonymous|TTN|ENST00000589042|protein_coding|-|20686Y|179454394A>G,synonymous|TTN|ENST00000591111|protein_coding|-|19045Y|179454394A>G,synonymous|TTN|ENST00000342175|protein_coding|-|11813Y|179454394A>G,synonymous|TTN|ENST00000359218|protein_coding|-|11746Y|179454394A>G",
179454394,A,G,C,scored,0.67,0,"synonymous|TTN|ENST00000342992|protein_coding|-|18118Y|179454394A>G,synonymous|TTN|ENST00000460472|protein_coding|-|11621Y|179454394A>G,synonymous|TTN|ENST00000589042|protein_coding|-|20686Y|179454394A>G,synonymous|TTN|ENST00000591111|protein_coding|-|19045Y|179454394A>G,synonymous|TTN|ENST00000342175|protein_coding|-|11813Y|179454394A>G,synonymous|TTN|ENST00000359218|protein_coding|-|11746Y|179454394A>G","stop_gained|TTN|ENST00000342992|protein_coding|-|18118Y>18118*|179454394A>C,stop_gained|TTN|ENST00000460472|protein_coding|-|11621Y>11621*|179454394A>C,stop_gained|TTN|ENST00000589042|protein_coding|-|20686Y>20686*|179454394A>C,stop_gained|TTN|ENST00000591111|protein_coding|-|19045Y>19045*|179454394A>C,stop_gained|TTN|ENST00000342175|protein_coding|-|11813Y>11813*|179454394A>C,stop_gained|TTN|ENST00000359218|protein_coding|-|11746Y>11746*|179454394A>C"
179454394,A,G,T,scored,0.67,0,"synonymous|TTN|ENST00000342992|protein_coding|-|18118Y|179454394A>G,synonymous|TTN|ENST00000460472|protein_coding|-|11621Y|179454394A>G,synonymous|TTN|ENST00000589042|protein_coding|-|20686Y|179454394A>G,synonymous|TTN|ENST00000591111|protein_coding|-|19045Y|179454394A>G,synonymous|TTN|ENST00000342175|protein_coding|-|11813Y|179454394A>G,synonymous|TTN|ENST00000359218|protein_coding|-|11746Y|179454394A>G","stop_gained|TTN|ENST00000342992|protein_coding|-|18118Y>18118*|179454394A>T,stop_gained|TTN|ENST00000460472|protein_coding|-|11621Y>11621*|179454394A>T,stop_gained|TTN|ENST00000589042|protein_coding|-|20686Y>20686*|179454394A>T,stop_gained|TTN|ENST00000591111|protein_coding|-|19045Y>19045*|179454394A>T,stop_gained|TTN|ENST00000342175|protein_coding|-|11813Y>11813*|179454394A>T,stop_gained|TTN|ENST00000359218|protein_coding|-|11746Y>11746*|179454394A>T"
179454394,A,T,A,REF_outside_scope,,0,"stop_gained|TTN|ENST00000342992|protein_coding|-|18118Y>18118*|179454394A>T,stop_gained|TTN|ENST00000460472|protein_coding|-|11621Y>11621*|179454394A>T,stop_gained|TTN|ENST00000589042|protein_coding|-|20686Y>20686*|179454394A>T,stop_gained|TTN|ENST00000591111|protein_coding|-|19045Y>19045*|179454394A>T,stop_gained|TTN|ENST00000342175|protein_coding|-|11813Y>11813*|179454394A>T,stop_gained|TTN|ENST00000359218|protein_coding|-|11746Y>11746*|179454394A>T",
179454394,A,T,C,scored,0.0,0,"stop_gained|TTN|ENST00000342992|protein_coding|-|18118Y>18118*|179454394A>T,stop_gained|TTN|ENST00000460472|protein_coding|-|11621Y>11621*|179454394A>T,stop_gained|TTN|ENST00000589042|protein_coding|-|20686Y>20686*|179454394A>T,stop_gained|TTN|ENST00000591111|protein_coding|-|19045Y>19045*|179454394A>T,stop_gained|TTN|ENST00000342175|protein_coding|-|11813Y>11813*|179454394A>T,stop_gained|TTN|ENST00000359218|protein_coding|-|11746Y>11746*|179454394A>T","stop_gained|TTN|ENST00000342992|protein_coding|-|18118Y>18118*|179454394A>C,stop_gained|TTN|ENST00000460472|protein_coding|-|11621Y>11621*|179454394A>C,stop_gained|TTN|ENST00000589042|protein_coding|-|20686Y>20686*|179454394A>C,stop_gained|TTN|ENST00000591111|protein_coding|-|19045Y>19045*|179454394A>C,stop_gained|TTN|ENST00000342175|protein_coding|-|11813Y>11813*|179454394A>C,stop_gained|TTN|ENST00000359218|protein_coding|-|11746Y>11746*|179454394A>C"
179454394,A,T,G,scored,-0.67,5,"stop_gained|TTN|ENST00000342992|protein_coding|-|18118Y>18118*|179454394A>T,stop_gained|TTN|ENST00000460472|protein_coding|-|11621Y>11621*|179454394A>T,stop_gained|TTN|ENST00000589042|protein_coding|-|20686Y>20686*|179454394A>T,stop_gained|TTN|ENST00000591111|protein_coding|-|19045Y>19045*|179454394A>T,stop_gained|TTN|ENST00000342175|protein_coding|-|11813Y>11813*|179454394A>T,stop_gained|TTN|ENST00000359218|protein_coding|-|11746Y>11746*|179454394A>T","synonymous|TTN|ENST00000342992|protein_coding|-|18118Y|179454394A>G,synonymous|TTN|ENST00000460472|protein_coding|-|11621Y|179454394A>G,synonymous|TTN|ENST00000589042|protein_coding|-|20686Y|179454394A>G,synonymous|TTN|ENST00000591111|protein_coding|-|19045Y|179454394A>G,synonymous|TTN|ENST00000342175|protein_coding|-|11813Y|179454394A>G,synonymous|TTN|ENST00000359218|protein_coding|-|11746Y|179454394A>G"
179455207,T,A,C,scored,0.0,0,"synonymous|TTN|ENST00000342992|protein_coding|-|17847T|179455207T>A,synonymous|TTN|ENST00000460472|protein_coding|-|11350T|179455207T>A,synonymous|TTN|ENST00000589042|protein_coding|-|20415T|179455207T>A,synonymous|TTN|ENST00000591111|protein_coding|-|18774T|179455207T>A,synonymous|TTN|ENST00000342175|protein_coding|-|11542T|179455207T>A,synonymous|TTN|ENST00000359218|protein_coding|-|11475T|179455207T>A","synonymous|TTN|ENST00000342992|protein_coding|-|17847T|179455207T>C,synonymous|TTN|ENST00000460472|protein_coding|-|11350T|179455207T>C,synonymous|TTN|ENST00000589042|protein_coding|-|20415T|179455207T>C,synonymous|TTN|ENST00000591111|protein_coding|-|18774T|179455207T>C,synonymous|TTN|ENST00000342175|protein_coding|-|11542T|179455207T>C,synonymous|TTN|ENST00000359218|protein_coding|-|11475T|179455207T>C"
179455207,T,A,G,scored,0.0,0,"synonymous|TTN|ENST00000342992|protein_coding|-|17847T|179455207T>A,synonymous|TTN|ENST00000460472|protein_coding|-|11350T|179455207T>A,synonymous|TTN|ENST00000589042|protein_coding|-|20415T|179455207T>A,synonymous|TTN|ENST00000591111|protein_coding|-|18774T|179455207T>A,synonymous|TTN|ENST00000342175|protein_coding|-|11542T|179455207T>A,synonymous|TTN|ENST00000359218|protein_coding|-|11475T|179455207T>A","synonymous|TTN|ENST00000342992|protein_coding|-|17847T|179455207T>G,synonymous|TTN|ENST00000460472|protein_coding|-|11350T|179455207T>G,synonymous|TTN|ENST00000589042|protein_coding|-|20415T|179455207T>G,synonymous|TTN|ENST00000591111|protein_coding|-|18774T|179455207T>G,synonymous|TTN|ENST00000342175|protein_coding|-|11542T|179455207T>G,synonymous|TTN|ENST00000359218|protein_coding|-|11475T|179455207T>G"
179455207,T,A,T,REF_outside_scope,,0,"synonymous|TTN|ENST00000342992|protein_coding|-|17847T|179455207T>A,synonymous|TTN|ENST00000460472|protein_coding|-|11350T|179455207T>A,synonymous|TTN|ENST00000589042|protein_coding|-|20415T|179455207T>A,synonymous|TTN|ENST00000591111|protein_coding|-|18774T|179455207T>A,synonymous|TTN|ENST00000342175|protein_coding|-|11542T|179455207T>A,synonymous|TTN|ENST00000359218|protein_coding|-|11475T|179455207T>A",
179455207,T,C,A,scored,0.0,0,"synonymous|TTN|ENST00000342992|protein_coding|-|17847T|179455207T>C,synonymous|TTN|ENST00000460472|protein_coding|-|11350T|179455207T>C,synonymous|TTN|ENST00000589042|protein_coding|-|20415T|179455207T>C,synonymous|TTN|ENST00000591111|protein_coding|-|18774T|179455207T>C,synonymous|TTN|ENST00000342175|protein_coding|-|11542T|179455207T>C,synonymous|TTN|ENST00000359218|protein_coding|-|11475T|179455207T>C","synonymous|TTN|ENST00000342992|protein_coding|-|17847T|179455207T>A,synonymous|TTN|ENST00000460472|protein_coding|-|11350T|179455207T>A,synonymous|TTN|ENST00000589042|protein_coding|-|20415T|179455207T>A,synonymous|TTN|ENST00000591111|protein_coding|-|18774T|179455207T>A,synonymous|TTN|ENST00000342175|protein_coding|-|11542T|179455207T>A,synonymous|TTN|ENST00000359218|protein_coding|-|11475T|179455207T>A"
179455207,T,C,G,scored,0.0,0,"synonymous|TTN|ENST00000342992|protein_coding|-|17847T|179455207T>C,synonymous|TTN|ENST00000460472|protein_coding|-|11350T|179455207T>C,synonymous|TTN|ENST00000589042|protein_coding|-|20415T|179455207T>C,synonymous|TTN|ENST00000591111|protein_coding|-|18774T|179455207T>C,synonymous|TTN|ENST00000342175|protein_coding|-|11542T|179455207T>C,synonymous|TTN|ENST00000359218|protein_coding|-|11475T|179455207T>C","synonymous|TTN|ENST00000342992|protein_coding|-|17847T|179455207T>G,synonymous|TTN|ENST00000460472|protein_coding|-|11350T|179455207T>G,synonymous|TTN|ENST00000589042|protein_coding|-|20415T|179455207T>G,synonymous|TTN|ENST00000591111|protein_coding|-|18774T|179455207T>G,synonymous|TTN|ENST00000342175|protein_coding|-|11542T|179455207T>G,synonymous|TTN|ENST00000359218|protein_coding|-|11475T|179455207T>G"
179455207,T,C,T,REF_outside_scope,,0,"synonymous|TTN|ENST00000342992|protein_coding|-|17847T|179455207T>C,synonymous|TTN|ENST00000460472|protein_coding|-|11350T|179455207T>C,synonymous|TTN|ENST00000589042|protein_coding|-|20415T|179455207T>C,synonymous|TTN|ENST00000591111|protein_coding|-|18774T|179455207T>C,synonymous|TTN|ENST00000342175|protein_coding|-|11542T|179455207T>C,synonymous|TTN|ENST00000359218|protein_coding|-|11475T|179455207T>C",
179455207,T,G,A,scored,0.0,0,"synonymous|TTN|ENST00000342992|protein_coding|-|17847T|179455207T>G,synonymous|TTN|ENST00000460472|protein_coding|-|11350T|179455207T>G,synonymous|TTN|ENST00000589042|protein_coding|-|20415T|179455207T>G,synonymous|TTN|ENST00000591111|protein_coding|-|18774T|179455207T>G,synonymous|TTN|ENST00000342175|protein_coding|-|11542T|179455207T>G,synonymous|TTN|ENST00000359218|protein_coding|-|11475T|179455207T>G","synonymous|TTN|ENST00000342992|protein_coding|-|17847T|179455207T>A,synonymous|TTN|ENST00000460472|protein_coding|-|11350T|179455207T>A,synonymous|TTN|ENST00000589042|protein_coding|-|20415T|179455207T>A,synonymous|TTN|ENST00000591111|protein_coding|-|18774T|179455207T>A,synonymous|TTN|ENST00000342175|protein_coding|-|11542T|179455207T>A,synonymous|TTN|ENST00000359218|protein_coding|-|11475T|179455207T>A"
179455207,T,G,C,scored,0.0,0,"synonymous|TTN|ENST00000342992|protein_coding|-|17847T|179455207T>G,synonymous|TTN|ENST00000460472|protein_coding|-|11350T|179455207T>G,synonymous|TTN|ENST00000589042|protein_coding|-|20415T|179455207T>G,synonymous|TTN|ENST00000591111|protein_coding|-|18774T|179455207T>G,synonymous|TTN|ENST00000342175|protein_coding|-|11542T|179455207T>G,synonymous|TTN|ENST00000359218|protein_coding|-|11475T|179455207T>G","synonymous|TTN|ENST00000342992|protein_coding|-|17847T|179455207T>C,synonymous|TTN|ENST00000460472|protein_coding|-|11350T|179455207T>C,synonymous|TTN|ENST00000589042|protein_coding|-|20415T|179455207T>C,synonymous|TTN|ENST00000591111|protein_coding|-|18774T|179455207T>C,synonymous|TTN|ENST00000342175|protein_coding|-|11542T|179455207T>C,synonymous|TTN|ENST00000359218|protein_coding|-|11475T|179455207T>C"
179455207,T,G,T,REF_outside_scope,,0,"synonymous|TTN|ENST00000342992|protein_coding|-|17847T|179455207T>G,synonymous|TTN|ENST00000460472|protein_coding|-|11350T|179455207T>G,synonymous|TTN|ENST00000589042|protein_coding|-|20415T|179455207T>G,synonymous|TTN|ENST00000591111|protein_coding|-|18774T|179455207T>G,synonymous|TTN|ENST00000342175|protein_coding|-|11542T|179455207T>G,synonymous|TTN|ENST00000359218|protein_coding|-|11475T|179455207T>G",
179455207,T,T,A,REF_outside_scope,,0,,"synonymous|TTN|ENST00000342992|protein_coding|-|17847T|179455207T>A,synonymous|TTN|ENST00000460472|protein_coding|-|11350T|179455207T>A,synonymous|TTN|ENST00000589042|protein_coding|-|20415T|179455207T>A,synonymous|TTN|ENST00000591111|protein_coding|-|18774T|179455207T>A,synonymous|TTN|ENST00000342175|protein_coding|-|11542T|179455207T>A,synonymous|TTN|ENST00000359218|protein_coding|-|11475T|179455207T>A"
179455207,T,T,C,REF_outside_scope,,0,,"synonymous|TTN|ENST00000342992|protein_coding|-|17847T|179455207T>C,synonymous|TTN|ENST00000460472|protein_coding|-|11350T|179455207T>C,synonymous|TTN|ENST00000589042|protein_coding|-|20415T|179455207T>C,synonymous|TTN|ENST00000591111|protein_coding|-|18774T|179455207T>C,synonymous|TTN|ENST00000342175|protein_coding|-|11542T|179455207T>C,synonymous|TTN|ENST00000359218|protein_coding|-|11475T|179455207T>C"
179455207,T,T,G,REF_outside_scope,,0,,"synonymous|TTN|ENST00000342992|protein_coding|-|17847T|179455207T>G,synonymous|TTN|ENST00000460472|protein_coding|-|11350T|179455207T>G,synonymous|TTN|ENST00000589042|protein_coding|-|20415T|179455207T>G,synonymous|TTN|ENST00000591111|protein_coding|-|18774T|179455207T>G,synonymous|TTN|ENST00000342175|protein_coding|-|11542T|179455207T>G,synonymous|TTN|ENST00000359218|protein_coding|-|11475T|179455207T>G"
179462494,A,A,C,REF_outside_scope,,0,,"missense|TTN|ENST00000342992|protein_coding|-|16537H>16537Q|179462494A>C,missense|TTN|ENST00000460472|protein_coding|-|10040H>10040Q|179462494A>C,missense|TTN|ENST00000589042|protein_coding|-|19105H>19105Q|179462494A>C,missense|TTN|ENST00000591111|protein_coding|-|17464H>17464Q|179462494A>C,missense|TTN|ENST00000342175|protein_coding|-|10232H>10232Q|179462494A>C,missense|TTN|ENST00000359218|protein_coding|-|10165H>10165Q|179462494A>C"
179462494,A,A,G,REF_outside_scope,,0,,"synonymous|TTN|ENST00000342992|protein_coding|-|16537H|179462494A>G,synonymous|TTN|ENST00000460472|protein_coding|-|10040H|179462494A>G,synonymous|TTN|ENST00000589042|protein_coding|-|19105H|179462494A>G,synonymous|TTN|ENST00000591111|protein_coding|-|17464H|179462494A>G,synonymous|TTN|ENST00000342175|protein_coding|-|10232H|179462494A>G,synonymous|TTN|ENST00000359218|protein_coding|-|10165H|179462494A>G"
179462494,A,A,T,REF_outside_scope,,0,,"missense|TTN|ENST00000342992|protein_coding|-|16537H>16537Q|179462494A>T,missense|TTN|ENST00000460472|protein_coding|-|10040H>10040Q|179462494A>T,missense|TTN|ENST00000589042|protein_coding|-|19105H>19105Q|179462494A>T,missense|TTN|ENST00000591111|protein_coding|-|17464H>17464Q|179462494A>T,missense|TTN|ENST00000342175|protein_coding|-|10232H>10232Q|179462494A>T,missense|TTN|ENST00000359218|protein_coding|-|10165H>10165Q|179462494A>T"
179462494,A,C,A,REF_outside_scope,,0,"missense|TTN|ENST00000342992|protein_coding|-|16537H>16537Q|179462494A>C,missense|TTN|ENST00000460472|protein_coding|-|10040H>10040Q|179462494A>C,missense|TTN|ENST00000589042|protein_coding|-|19105H>19105Q|179462494A>C,missense|TTN|ENST00000591111|protein_coding|-|17464H>17464Q|179462494A>C,missense|TTN|ENST00000342175|protein_coding|-|10232H>10232Q|179462494A>C,missense|TTN|ENST00000359218|protein_coding|-|10165H>10165Q|179462494A>C",
179462494,A,C,G,scored,-0.34,6,"missense|TTN|ENST00000342992|protein_coding|-|16537H>16537Q|179462494A>C,missense|TTN|ENST00000460472|protein_coding|-|10040H>10040Q|179462494A>C,missense|TTN|ENST00000589042|protein_coding|-|19105H>19105Q|179462494A>C,missense|TTN|ENST00000591111|protein_coding|-|17464H>17464Q|179462494A>C,missense|TTN|ENST00000342175|protein_coding|-|10232H>10232Q|179462494A>C,missense|TTN|ENST00000359218|protein_coding|-|10165H>10165Q|179462494A>C","synonymous|TTN|ENST00000342992|protein_coding|-|16537H|179462494A>G,synonymous|TTN|ENST00000460472|protein_coding|-|10040H|179462494A>G,synonymous|TTN|ENST00000589042|protein_coding|-|19105H|179462494A>G,synonymous|TTN|ENST00000591111|protein_coding|-|17464H|179462494A>G,synonymous|TTN|ENST00000342175|protein_coding|-|10232H|179462494A>G,synonymous|TTN|ENST00000359218|protein_coding|-|10165H|179462494A>G"
179462494,A,C,T,scored,0.0,0,"missense|TTN|ENST00000342992|protein_coding|-|16537H>16537Q|179462494A>C,missense|TTN|ENST00000460472|protein_coding|-|10040H>10040Q|179462494A>C,missense|TTN|ENST00000589042|protein_coding|-|19105H>19105Q|179462494A>C,missense|TTN|ENST00000591111|protein_coding|-|17464H>17464Q|179462494A>C,missense|TTN|ENST00000342175|protein_coding|-|10232H>10232Q|179462494A>C,missense|TTN|ENST00000359218|protein_coding|-|10165H>10165Q|179462494A>C","missense|TTN|ENST00000342992|protein_coding|-|16537H>16537Q|179462494A>T,missense|TTN|ENST00000460472|protein_coding|-|10040H>10040Q|179462494A>T,missense|TTN|ENST00000589042|protein_coding|-|19105H>19105Q|179462494A>T,missense|TTN|ENST00000591111|protein_coding|-|17464H>17464Q|179462494A>T,missense|TTN|ENST00000342175|protein_coding|-|10232H>10232Q|179462494A>T,missense|TTN|ENST00000359218|protein_coding|-|10165H>10165Q|179462494A>T"
179462494,A,G,A,REF_outside_scope,,0,"synonymous|TTN|ENST00000342992|protein_coding|-|16537H|179462494A>G,synonymous|TTN|ENST00000460472|protein_coding|-|10040H|179462494A>G,synonymous|TTN|ENST00000589042|protein_coding|-|19105H|179462494A>G,synonymous|TTN|ENST00000591111|protein_coding|-|17464H|179462494A>G,synonymous|TTN|ENST00000342175|protein_coding|-|10232H|179462494A>G,synonymous|TTN|ENST00000359218|protein_coding|-|10165H|179462494A>G",
179462494,A,G,C,scored,0.34,0,"synonymous|TTN|ENST00000342992|protein_coding|-|16537H|179462494A>G,synonymous|TTN|ENST00000460472|protein_coding|-|10040H|179462494A>G,synonymous|TTN|ENST00000589042|protein_coding|-|19105H|179462494A>G,synonymous|TTN|ENST00000591111|protein_coding|-|17464H|179462494A>G,synonymous|TTN|ENST00000342175|protein_coding|-|10232H|179462494A>G,synonymous|TTN|ENST00000359218|protein_coding|-|10165H|179462494A>G","missense|TTN|ENST00000342992|protein_coding|-|16537H>16537Q|179462494A>C,missense|TTN|ENST00000460472|protein_coding|-|10040H>10040Q|179462494A>C,missense|TTN|ENST00000589042|protein_coding|-|19105H>19105Q|179462494A>C,missense|TTN|ENST00000591111|protein_coding|-|17464H>17464Q|179462494A>C,missense|TTN|ENST00000342175|protein_coding|-|10232H>10232Q|179462494A>C,missense|TTN|ENST00000359218|protein_coding|-|10165H>10165Q|179462494A>C"
179462494,A,G,T,scored,0.34,0,"synonymous|TTN|ENST00000342992|protein_coding|-|16537H|179462494A>G,synonymous|TTN|ENST00000460472|protein_coding|-|10040H|179462494A>G,synonymous|TTN|ENST00000589042|protein_coding|-|19105H|179462494A>G,synonymous|TTN|ENST00000591111|protein_coding|-|17464H|179462494A>G,synonymous|TTN|ENST00000342175|protein_coding|-|10232H|179462494A>G,synonymous|TTN|ENST00000359218|protein_coding|-|10165H|179462494A>G","missense|TTN|ENST00000342992|protein_coding|-|16537H>16537Q|179462494A>T,missense|TTN|ENST00000460472|protein_coding|-|10040H>10040Q|179462494A>T,missense|TTN|ENST00000589042|protein_coding|-|19105H>19105Q|179462494A>T,missense|TTN|ENST00000591111|protein_coding|-|17464H>17464Q|179462494A>T,missense|TTN|ENST00000342175|protein_coding|-|10232H>10232Q|179462494A>T,missense|TTN|ENST00000359218|protein_coding|-|10165H>10165Q|179462494A>T"
179462494,A,T,A,REF_outside_scope,,0,"missense|TTN|ENST00000342992|protein_coding|-|16537H>16537Q|179462494A>T,missense|TTN|ENST00000460472|protein_coding|-|10040H>10040Q|179462494A>T,missense|TTN|ENST00000589042|protein_coding|-|19105H>19105Q|179462494A>T,missense|TTN|ENST00000591111|protein_coding|-|17464H>17464Q|179462494A>T,missense|TTN|ENST00000342175|protein_coding|-|10232H>10232Q|179462494A>T,missense|TTN|ENST00000359218|protein_coding|-|10165H>10165Q|179462494A>T",
179462494,A,T,C,scored,0.0,0,"missense|TTN|ENST00000342992|protein_coding|-|16537H>16537Q|179462494A>T,missense|TTN|ENST00000460472|protein_coding|-|10040H>10040Q|179462494A>T,missense|TTN|ENST00000589042|protein_coding|-|19105H>19105Q|179462494A>T,missense|TTN|ENST00000591111|protein_coding|-|17464H>17464Q|179462494A>T,missense|TTN|ENST00000342175|protein_coding|-|10232H>10232Q|179462494A>T,missense|TTN|ENST00000359218|protein_coding|-|10165H>10165Q|179462494A>T","missense|TTN|ENST00000342992|protein_coding|-|16537H>16537Q|179462494A>C,missense|TTN|ENST00000460472|protein_coding|-|10040H>10040Q|179462494A>C,missense|TTN|ENST00000589042|protein_coding|-|19105H>19105Q|179462494A>C,missense|TTN|ENST00000591111|protein_coding|-|17464H>17464Q|179462494A>C,missense|TTN|ENST00000342175|protein_coding|-|10232H>10232Q|179462494A>C,missense|TTN|ENST00000359218|protein_coding|-|10165H>10165Q|179462494A>C"
179462494,A,T,G,scored,-0.34,4,"missense|TTN|ENST00000342992|protein_coding|-|16537H>16537Q|179462494A>T,missense|TTN|ENST00000460472|protein_coding|-|10040H>10040Q|179462494A>T,missense|TTN|ENST00000589042|protein_coding|-|19105H>19105Q|179462494A>T,missense|TTN|ENST00000591111|protein_coding|-|17464H>17464Q|179462494A>T,missense|TTN|ENST00000342175|protein_coding|-|10232H>10232Q|179462494A>T,missense|TTN|ENST00000359218|protein_coding|-|10165H>10165Q|179462494A>T","synonymous|TTN|ENST00000342992|protein_coding|-|16537H|179462494A>G,synonymous|TTN|ENST00000460472|protein_coding|-|10040H|179462494A>G,synonymous|TTN|ENST00000589042|protein_coding|-|19105H|179462494A>G,synonymous|TTN|ENST00000591111|protein_coding|-|17464H|179462494A>G,synonymous|TTN|ENST00000342175|protein_coding|-|10232H|179462494A>G,synonymous|TTN|ENST00000359218|protein_coding|-|10165H|179462494A>G"
179464527,T,A,C,scored,0.0,0,"missense|TTN|ENST00000342992|protein_coding|-|16133N>16133Y|179464527T>A,missense|TTN|ENST00000460472|protein_coding|-|9636N>9636Y|179464527T>A,missense|TTN|ENST00000589042|protein_coding|-|18701N>18701Y|179464527T>A,missense|TTN|ENST00000591111|protein_coding|-|17060N>17060Y|179464527T>A,missense|TTN|ENST00000342175|protein_coding|-|9828N>9828Y|179464527T>A,missense|TTN|ENST00000359218|protein_coding|-|9761N>9761Y|179464527T>A","missense|TTN|ENST00000342992|protein_coding|-|16133N>16133D|179464527T>C,missense|TTN|ENST00000460472|protein_coding|-|9636N>9636D|179464527T>C,missense|TTN|ENST00000589042|protein_coding|-|18701N>18701D|179464527T>C,missense|TTN|ENST00000591111|protein_coding|-|17060N>17060D|179464527T>C,missense|TTN|ENST00000342175|protein_coding|-|9828N>9828D|179464527T>C,missense|TTN|ENST00000359218|protein_coding|-|9761N>9761D|179464527T>C"
179464527,T,A,G,scored,0.0,0,"missense|TTN|ENST00000342992|protein_coding|-|16133N>16133Y|179464527T>A,missense|TTN|ENST00000460472|protein_coding|-|9636N>9636Y|179464527T>A,missense|TTN|ENST00000589042|protein_coding|-|18701N>18701Y|179464527T>A,missense|TTN|ENST00000591111|protein_coding|-|17060N>17060Y|179464527T>A,missense|TTN|ENST00000342175|protein_coding|-|9828N>9828Y|179464527T>A,missense|TTN|ENST00000359218|protein_coding|-|9761N>9761Y|179464527T>A","missense|TTN|ENST00000342992|protein_coding|-|16133N>16133H|179464527T>G,missense|TTN|ENST00000460472|protein_coding|-|9636N>9636H|179464527T>G,missense|TTN|ENST00000589042|protein_coding|-|18701N>18701H|179464527T>G,missense|TTN|ENST00000591111|protein_coding|-|17060N>17060H|179464527T>G,missense|TTN|ENST00000342175|protein_coding|-|9828N>9828H|179464527T>G,missense|TTN|ENST00000359218|protein_coding|-|9761N>9761H|179464527T>G"
179464527,T,A,T,REF_outside_scope,,0,"missense|TTN|ENST00000342992|protein_coding|-|16133N>16133Y|179464527T>A,missense|TTN|ENST00000460472|protein_coding|-|9636N>9636Y|179464527T>A,missense|TTN|ENST00000589042|protein_coding|-|18701N>18701Y|179464527T>A,missense|TTN|ENST00000591111|protein_coding|-|17060N>17060Y|179464527T>A,missense|TTN|ENST00000342175|protein_coding|-|9828N>9828Y|179464527T>A,missense|TTN|ENST00000359218|protein_coding|-|9761N>9761Y|179464527T>A",
179464527,T,C,A,scored,0.0,0,"missense|TTN|ENST00000342992|protein_coding|-|16133N>16133D|179464527T>C,missense|TTN|ENST00000460472|protein_coding|-|9636N>9636D|179464527T>C,missense|TTN|ENST00000589042|protein_coding|-|18701N>18701D|179464527T>C,missense|TTN|ENST00000591111|protein_coding|-|17060N>17060D|179464527T>C,missense|TTN|ENST00000342175|protein_coding|-|9828N>9828D|179464527T>C,missense|TTN|ENST00000359218|protein_coding|-|9761N>9761D|179464527T>C","missense|TTN|ENST00000342992|protein_coding|-|16133N>16133Y|179464527T>A,missense|TTN|ENST00000460472|protein_coding|-|9636N>9636Y|179464527T>A,missense|TTN|ENST00000589042|protein_coding|-|18701N>18701Y|179464527T>A,missense|TTN|ENST00000591111|protein_coding|-|17060N>17060Y|179464527T>A,missense|TTN|ENST00000342175|protein_coding|-|9828N>9828Y|179464527T>A,missense|TTN|ENST00000359218|protein_coding|-|9761N>9761Y|179464527T>A"
179464527,T,C,G,scored,0.0,0,"missense|TTN|ENST00000342992|protein_coding|-|16133N>16133D|179464527T>C,missense|TTN|ENST00000460472|protein_coding|-|9636N>9636D|179464527T>C,missense|TTN|ENST00000589042|protein_coding|-|18701N>18701D|179464527T>C,missense|TTN|ENST00000591111|protein_coding|-|17060N>17060D|179464527T>C,missense|TTN|ENST00000342175|protein_coding|-|9828N>9828D|179464527T>C,missense|TTN|ENST00000359218|protein_coding|-|9761N>9761D|179464527T>C","missense|TTN|ENST00000342992|protein_coding|-|16133N>16133H|179464527T>G,missense|TTN|ENST00000460472|protein_coding|-|9636N>9636H|179464527T>G,missense|TTN|ENST00000589042|protein_coding|-|18701N>18701H|179464527T>G,missense|TTN|ENST00000591111|protein_coding|-|17060N>17060H|179464527T>G,missense|TTN|ENST00000342175|protein_coding|-|9828N>9828H|179464527T>G,missense|TTN|ENST00000359218|protein_coding|-|9761N>9761H|179464527T>G"
179464527,T,C,T,REF_outside_scope,,0,"missense|TTN|ENST00000342992|protein_coding|-|16133N>16133D|179464527T>C,missense|TTN|ENST00000460472|protein_coding|-|9636N>9636D|179464527T>C,missense|TTN|ENST00000589042|protein_coding|-|18701N>18701D|179464527T>C,missense|TTN|ENST00000591111|protein_coding|-|17060N>17060D|179464527T>C,missense|TTN|ENST00000342175|protein_coding|-|9828N>9828D|179464527T>C,missense|TTN|ENST00000359218|protein_coding|-|9761N>9761D|179464527T>C",
179464527,T,G,A,scored,0.0,0,"missense|TTN|ENST00000342992|protein_coding|-|16133N>16133H|179464527T>G,missense|TTN|ENST00000460472|protein_coding|-|9636N>9636H|179464527T>G,missense|TTN|ENST00000589042|protein_coding|-|18701N>18701H|179464527T>G,missense|TTN|ENST00000591111|protein_coding|-|17060N>17060H|179464527T>G,missense|TTN|ENST00000342175|protein_coding|-|9828N>9828H|179464527T>G,missense|TTN|ENST00000359218|protein_coding|-|9761N>9761H|179464527T>G","missense|TTN|ENST00000342992|protein_coding|-|16133N>16133Y|179464527T>A,missense|TTN|ENST00000460472|protein_coding|-|9636N>9636Y|179464527T>A,missense|TTN|ENST00000589042|protein_coding|-|18701N>18701Y|179464527T>A,missense|TTN|ENST00000591111|protein_coding|-|17060N>17060Y|179464527T>A,missense|TTN|ENST00000342175|protein_coding|-|9828N>9828Y|179464527T>A,missense|TTN|ENST00000359218|protein_coding|-|9761N>9761Y|179464527T>A"
179464527,T,G,C,scored,0.0,0,"missense|TTN|ENST00000342992|protein_coding|-|16133N>16133H|179464527T>G,missense|TTN|ENST00000460472|protein_coding|-|9636N>9636H|179464527T>G,missense|TTN|ENST00000589042|protein_coding|-|18701N>18701H|179464527T>G,missense|TTN|ENST00000591111|protein_coding|-|17060N>17060H|179464527T>G,missense|TTN|ENST00000342175|protein_coding|-|9828N>9828H|179464527T>G,missense|TTN|ENST00000359218|protein_coding|-|9761N>9761H|179464527T>G","missense|TTN|ENST00000342992|protein_coding|-|16133N>16133D|179464527T>C,missense|TTN|ENST00000460472|protein_coding|-|9636N>9636D|179464527T>C,missense|TTN|ENST00000589042|protein_coding|-|18701N>18701D|179464527T>C,missense|TTN|ENST00000591111|protein_coding|-|17060N>17060D|179464527T>C,missense|TTN|ENST00000342175|protein_coding|-|9828N>9828D|179464527T>C,missense|TTN|ENST00000359218|protein_coding|-|9761N>9761D|179464527T>C"
179464527,T,G,T,REF_outside_scope,,0,"missense|TTN|ENST00000342992|protein_coding|-|16133N>16133H|179464527T>G,missense|TTN|ENST00000460472|protein_coding|-|9636N>9636H|179464527T>G,missense|TTN|ENST00000589042|protein_coding|-|18701N>18701H|179464527T>G,missense|TTN|ENST00000591111|protein_coding|-|17060N>17060H|179464527T>G,missense|TTN|ENST00000342175|protein_coding|-|9828N>9828H|179464527T>G,missense|TTN|ENST00000359218|protein_coding|-|9761N>9761H|179464527T>G",
179464527,T,T,A,REF_outside_scope,,0,,"missense|TTN|ENST00000342992|protein_coding|-|16133N>16133Y|179464527T>A,missense|TTN|ENST00000460472|protein_coding|-|9636N>9636Y|179464527T>A,missense|TTN|ENST00000589042|protein_coding|-|18701N>18701Y|179464527T>A,missense|TTN|ENST00000591111|protein_coding|-|17060N>17060Y|179464527T>A,missense|TTN|ENST00000342175|protein_coding|-|9828N>9828Y|179464527T>A,missense|TTN|ENST00000359218|protein_coding|-|9761N>9761Y|179464527T>A"
179464527,T,T,C,REF_outside_scope,,0,,"missense|TTN|ENST00000342992|protein_coding|-|16133N>16133D|179464527T>C,missense|TTN|ENST00000460472|protein_coding|-|9636N>9636D|179464527T>C,missense|TTN|ENST00000589042|protein_coding|-|18701N>18701D|179464527T>C,missense|TTN|ENST00000591111|protein_coding|-|17060N>17060D|179464527T>C,missense|TTN|ENST00000342175|protein_coding|-|9828N>9828D|179464527T>C,missense|TTN|ENST00000359218|protein_coding|-|9761N>9761D|179464527T>C"
179464527,T,T,G,REF_outside_scope,,0,,"missense|TTN|ENST00000342992|protein_coding|-|16133N>16133H|179464527T>G,missense|TTN|ENST00000460472|protein_coding|-|9636N>9636H|179464527T>G,missense|TTN|ENST00000589042|protein_coding|-|18701N>18701H|179464527T>G,missense|TTN|ENST00000591111|protein_coding|-|17060N>17060H|179464527T>G,missense|TTN|ENST00000342175|protein_coding|-|9828N>9828H|179464527T>G,missense|TTN|ENST00000359218|protein_coding|-|9761N>9761H|179464527T>G"
179497133,C,A,C,REF_outside_scope,,0,"synonymous|TTN|ENST00000342992|protein_coding|-|11928R|179497133C>A,synonymous|TTN|ENST00000460472|protein_coding|-|5431R|179497133C>A,synonymous|TTN|ENST00000589042|protein_coding|-|14496R|179497133C>A,synonymous|TTN|ENST00000591111|protein_coding|-|12855R|179497133C>A,synonymous|TTN|ENST00000342175|protein_coding|-|5623R|179497133C>A,synonymous|TTN|ENST00000359218|protein_coding|-|5556R|179497133C>A",
179497133,C,A,G,scored,0.0,0,"synonymous|TTN|ENST00000342992|protein_coding|-|11928R|179497133C>A,synonymous|TTN|ENST00000460472|protein_coding|-|5431R|179497133C>A,synonymous|TTN|ENST00000589042|protein_coding|-|14496R|179497133C>A,synonymous|TTN|ENST00000591111|protein_coding|-|12855R|179497133C>A,synonymous|TTN|ENST00000342175|protein_coding|-|5623R|179497133C>A,synonymous|TTN|ENST00000359218|protein_coding|-|5556R|179497133C>A","synonymous|TTN|ENST00000342992|protein_coding|-|11928R|179497133C>G,synonymous|TTN|ENST00000460472|protein_coding|-|5431R|179497133C>G,synonymous|TTN|ENST00000589042|protein_coding|-|14496R|179497133C>G,synonymous|TTN|ENST00000591111|protein_coding|-|12855R|179497133C>G,synonymous|TTN|ENST00000342175|protein_coding|-|5623R|179497133C>G,synonymous|TTN|ENST00000359218|protein_coding|-|5556R|179497133C>G"
179497133,C,A,T,scored,0.0,0,"synonymous|TTN|ENST00000342992|protein_coding|-|11928R|179497133C>A,synonymous|TTN|ENST00000460472|protein_coding|-|5431R|179497133C>A,synonymous|TTN|ENST00000589042|protein_coding|-|14496R|179497133C>A,synonymous|TTN|ENST00000591111|protein_coding|-|12855R|179497133C>A,synonymous|TTN|ENST00000342175|protein_coding|-|5623R|179497133C>A,synonymous|TTN|ENST00000359218|protein_coding|-|5556R|179497133C>A","synonymous|TTN|ENST00000342992|protein_coding|-|11928R|179497133C>T,synonymous|TTN|ENST00000460472|protein_coding|-|5431R|179497133C>T,synonymous|TTN|ENST00000589042|protein_coding|-|14496R|179497133C>T,synonymous|TTN|ENST00000591111|protein_coding|-|12855R|179497133C>T,synonymous|TTN|ENST00000342175|protein_coding|-|5623R|179497133C>T,synonymous|TTN|ENST00000359218|protein_coding|-|5556R|179497133C>T"
179497133,C,C,A,REF_outside_scope,,0,,"synonymous|TTN|ENST00000342992|protein_coding|-|11928R|179497133C>A,synonymous|TTN|ENST00000460472|protein_coding|-|5431R|179497133C>A,synonymous|TTN|ENST00000589042|protein_coding|-|14496R|179497133C>A,synonymous|TTN|ENST00000591111|protein_coding|-|12855R|179497133C>A,synonymous|TTN|ENST00000342175|protein_coding|-|5623R|179497133C>A,synonymous|TTN|ENST00000359218|protein_coding|-|5556R|179497133C>A"
179497133,C,C,G,REF_outside_scope,,0,,"synonymous|TTN|ENST00000342992|protein_coding|-|11928R|179497133C>G,synonymous|TTN|ENST00000460472|protein_coding|-|5431R|179497133C>G,synonymous|TTN|ENST00000589042|protein_coding|-|14496R|179497133C>G,synonymous|TTN|ENST00000591111|protein_coding|-|12855R|179497133C>G,synonymous|TTN|ENST00000342175|protein_coding|-|5623R|179497133C>G,synonymous|TTN|ENST00000359218|protein_coding|-|5556R|179497133C>G"
179497133,C,C,T,REF_outside_scope,,0,,"synonymous|TTN|ENST00000342992|protein_coding|-|11928R|179497133C>T,synonymous|TTN|ENST00000460472|protein_coding|-|5431R|179497133C>T,synonymous|TTN|ENST00000589042|protein_coding|-|14496R|179497133C>T,synonymous|TTN|ENST00000591111|protein_coding|-|12855R|179497133C>T,synonymous|TTN|ENST00000342175|protein_coding|-|5623R|179497133C>T,synonymous|TTN|ENST00000359218|protein_coding|-|5556R|179497133C>T"
179497133,C,G,A,scored,0.0,0,"synonymous|TTN|ENST00000342992|protein_coding|-|11928R|179497133C>G,synonymous|TTN|ENST00000460472|protein_coding|-|5431R|179497133C>G,synonymous|TTN|ENST00000589042|protein_coding|-|14496R|179497133C>G,synonymous|TTN|ENST00000591111|protein_coding|-|12855R|179497133C>G,synonymous|TTN|ENST00000342175|protein_coding|-|5623R|179497133C>G,synonymous|TTN|ENST00000359218|protein_coding|-|5556R|179497133C>G","synonymous|TTN|ENST00000342992|protein_coding|-|11928R|179497133C>A,synonymous|TTN|ENST00000460472|protein_coding|-|5431R|179497133C>A,synonymous|TTN|ENST00000589042|protein_coding|-|14496R|179497133C>A,synonymous|TTN|ENST00000591111|protein_coding|-|12855R|179497133C>A,synonymous|TTN|ENST00000342175|protein_coding|-|5623R|179497133C>A,synonymous|TTN|ENST00000359218|protein_coding|-|5556R|179497133C>A"
179497133,C,G,C,REF_outside_scope,,0,"synonymous|TTN|ENST00000342992|protein_coding|-|11928R|179497133C>G,synonymous|TTN|ENST00000460472|protein_coding|-|5431R|179497133C>G,synonymous|TTN|ENST00000589042|protein_coding|-|14496R|179497133C>G,synonymous|TTN|ENST00000591111|protein_coding|-|12855R|179497133C>G,synonymous|TTN|ENST00000342175|protein_coding|-|5623R|179497133C>G,synonymous|TTN|ENST00000359218|protein_coding|-|5556R|179497133C>G",
179497133,C,G,T,scored,0.0,0,"synonymous|TTN|ENST00000342992|protein_coding|-|11928R|179497133C>G,synonymous|TTN|ENST00000460472|protein_coding|-|5431R|179497133C>G,synonymous|TTN|ENST00000589042|protein_coding|-|14496R|179497133C>G,synonymous|TTN|ENST00000591111|protein_coding|-|12855R|179497133C>G,synonymous|TTN|ENST00000342175|protein_coding|-|5623R|179497133C>G,synonymous|TTN|ENST00000359218|protein_coding|-|5556R|179497133C>G","synonymous|TTN|ENST00000342992|protein_coding|-|11928R|179497133C>T,synonymous|TTN|ENST00000460472|protein_coding|-|5431R|179497133C>T,synonymous|TTN|ENST00000589042|protein_coding|-|14496R|179497133C>T,synonymous|TTN|ENST00000591111|protein_coding|-|12855R|179497133C>T,synonymous|TTN|ENST00000342175|protein_coding|-|5623R|179497133C>T,synonymous|TTN|ENST00000359218|protein_coding|-|5556R|179497133C>T"
179497133,C,T,A,scored,0.0,0,"synonymous|TTN|ENST00000342992|protein_coding|-|11928R|179497133C>T,synonymous|TTN|ENST00000460472|protein_coding|-|5431R|179497133C>T,synonymous|TTN|ENST00000589042|protein_coding|-|14496R|179497133C>T,synonymous|TTN|ENST00000591111|protein_coding|-|12855R|179497133C>T,synonymous|TTN|ENST00000342175|protein_coding|-|5623R|179497133C>T,synonymous|TTN|ENST00000359218|protein_coding|-|5556R|179497133C>T","synonymous|TTN|ENST00000342992|protein_coding|-|11928R|179497133C>A,synonymous|TTN|ENST00000460472|protein_coding|-|5431R|179497133C>A,synonymous|TTN|ENST00000589042|protein_coding|-|14496R|179497133C>A,synonymous|TTN|ENST00000591111|protein_coding|-|12855R|179497133C>A,synonymous|TTN|ENST00000342175|protein_coding|-|5623R|179497133C>A,synonymous|TTN|ENST00000359218|protein_coding|-|5556R|179497133C>A"
179497133,C,T,C,REF_outside_scope,,0,"synonymous|TTN|ENST00000342992|protein_coding|-|11928R|179497133C>T,synonymous|TTN|ENST00000460472|protein_coding|-|5431R|179497133C>T,synonymous|TTN|ENST00000589042|protein_coding|-|14496R|179497133C>T,synonymous|TTN|ENST00000591111|protein_coding|-|12855R|179497133C>T,synonymous|TTN|ENST00000342175|protein_coding|-|5623R|179497133C>T,synonymous|TTN|ENST00000359218|protein_coding|-|5556R|179497133C>T",
179497133,C,T,G,scored,0.0,0,"synonymous|TTN|ENST00000342992|protein_coding|-|11928R|179497133C>T,synonymous|TTN|ENST00000460472|protein_coding|-|5431R|179497133C>T,synonymous|TTN|ENST00000589042|protein_coding|-|14496R|179497133C>T,synonymous|TTN|ENST00000591111|protein_coding|-|12855R|179497133C>T,synonymous|TTN|ENST00000342175|protein_coding|-|5623R|179497133C>T,synonymous|TTN|ENST00000359218|protein_coding|-|5556R|179497133C>T","synonymous|TTN|ENST00000342992|protein_coding|-|11928R|179497133C>G,synonymous|TTN|ENST00000460472|protein_coding|-|5431R|179497133C>G,synonymous|TTN|ENST00000589042|protein_coding|-|14496R|179497133C>G,synonymous|TTN|ENST00000591111|protein_coding|-|12855R|179497133C>G,synonymous|TTN|ENST00000342175|protein_coding|-|5623R|179497133C>G,synonymous|TTN|ENST00000359218|protein_coding|-|5556R|179497133C>G"
179543217,C,A,C,REF_outside_scope,,0,"missense|TTN|ENST00000342992|protein_coding|-|10034E>10034D|179543217C>A,missense|TTN|ENST00000589042|protein_coding|-|11278E>11278D|179543217C>A,missense|TTN|ENST00000591111|protein_coding|-|10961E>10961D|179543217C>A,missense|TTN|ENST00000414766|protein_coding|-|702E>702D|179543217C>A",
179543217,C,A,G,scored,0.0,0,"missense|TTN|ENST00000342992|protein_coding|-|10034E>10034D|179543217C>A,missense|TTN|ENST00000589042|protein_coding|-|11278E>11278D|179543217C>A,missense|TTN|ENST00000591111|protein_coding|-|10961E>10961D|179543217C>A,missense|TTN|ENST00000414766|protein_coding|-|702E>702D|179543217C>A","missense|TTN|ENST00000342992|protein_coding|-|10034E>10034D|179543217C>G,missense|TTN|ENST00000589042|protein_coding|-|11278E>11278D|179543217C>G,missense|TTN|ENST00000591111|protein_coding|-|10961E>10961D|179543217C>G,missense|TTN|ENST00000414766|protein_coding|-|702E>702D|179543217C>G"
179543217,C,A,T,scored,-0.34,5,"missense|TTN|ENST00000342992|protein_coding|-|10034E>10034D|179543217C>A,missense|TTN|ENST00000589042|protein_coding|-|11278E>11278D|179543217C>A,missense|TTN|ENST00000591111|protein_coding|-|10961E>10961D|179543217C>A,missense|TTN|ENST00000414766|protein_coding|-|702E>702D|179543217C>A","synonymous|TTN|ENST00000342992|protein_coding|-|10034E|179543217C>T,synonymous|TTN|ENST00000589042|protein_coding|-|11278E|179543217C>T,synonymous|TTN|ENST00000591111|protein_coding|-|10961E|179543217C>T,synonymous|TTN|ENST00000414766|protein_coding|-|702E|179543217C>T"
179543217,C,C,A,REF_outside_scope,,0,,"missense|TTN|ENST00000342992|protein_coding|-|10034E>10034D|179543217C>A,missense|TTN|ENST00000589042|protein_coding|-|11278E>11278D|179543217C>A,missense|TTN|ENST00000591111|protein_coding|-|10961E>10961D|179543217C>A,missense|TTN|ENST00000414766|protein_coding|-|702E>702D|179543217C>A"
179543217,C,C,G,REF_outside_scope,,0,,"missense|TTN|ENST00000342992|protein_coding|-|10034E>10034D|179543217C>G,missense|TTN|ENST00000589042|protein_coding|-|11278E>11278D|179543217C>G,missense|TTN|ENST00000591111|protein_coding|-|10961E>10961D|179543217C>G,missense|TTN|ENST00000414766|protein_coding|-|702E>702D|179543217C>G"
179543217,C,C,T,REF_outside_scope,,0,,"synonymous|TTN|ENST00000342992|protein_coding|-|10034E|179543217C>T,synonymous|TTN|ENST00000589042|protein_coding|-|11278E|179543217C>T,synonymous|TTN|ENST00000591111|protein_coding|-|10961E|179543217C>T,synonymous|TTN|ENST00000414766|protein_coding|-|702E|179543217C>T"
179543217,C,G,A,scored,0.0,0,"missense|TTN|ENST00000342992|protein_coding|-|10034E>10034D|179543217C>G,missense|TTN|ENST00000589042|protein_coding|-|11278E>11278D|179543217C>G,missense|TTN|ENST00000591111|protein_coding|-|10961E>10961D|179543217C>G,missense|TTN|ENST00000414766|protein_coding|-|702E>702D|179543217C>G","missense|TTN|ENST00000342992|protein_coding|-|10034E>10034D|179543217C>A,missense|TTN|ENST00000589042|protein_coding|-|11278E>11278D|179543217C>A,missense|TTN|ENST00000591111|protein_coding|-|10961E>10961D|179543217C>A,missense|TTN|ENST00000414766|protein_coding|-|702E>702D|179543217C>A"
179543217,C,G,C,REF_outside_scope,,0,"missense|TTN|ENST00000342992|protein_coding|-|10034E>10034D|179543217C>G,missense|TTN|ENST00000589042|protein_coding|-|11278E>11278D|179543217C>G,missense|TTN|ENST00000591111|protein_coding|-|10961E>10961D|179543217C>G,missense|TTN|ENST00000414766|protein_coding|-|702E>702D|179543217C>G",
179543217,C,G,T,scored,-0.34,5,"missense|TTN|ENST00000342992|protein_coding|-|10034E>10034D|179543217C>G,missense|TTN|ENST00000589042|protein_coding|-|11278E>11278D|179543217C>G,missense|TTN|ENST00000591111|protein_coding|-|10961E>10961D|179543217C>G,missense|TTN|ENST00000414766|protein_coding|-|702E>702D|179543217C>G","synonymous|TTN|ENST00000342992|protein_coding|-|10034E|179543217C>T,synonymous|TTN|ENST00000589042|protein_coding|-|11278E|179543217C>T,synonymous|TTN|ENST00000591111|protein_coding|-|10961E|179543217C>T,synonymous|TTN|ENST00000414766|protein_coding|-|702E|179543217C>T"
179543217,C,T,A,scored,0.34,0,"synonymous|TTN|ENST00000342992|protein_coding|-|10034E|179543217C>T,synonymous|TTN|ENST00000589042|protein_coding|-|11278E|179543217C>T,synonymous|TTN|ENST00000591111|protein_coding|-|10961E|179543217C>T,synonymous|TTN|ENST00000414766|protein_coding|-|702E|179543217C>T","missense|TTN|ENST00000342992|protein_coding|-|10034E>10034D|179543217C>A,missense|TTN|ENST00000589042|protein_coding|-|11278E>11278D|179543217C>A,missense|TTN|ENST00000591111|protein_coding|-|10961E>10961D|179543217C>A,missense|TTN|ENST00000414766|protein_coding|-|702E>702D|179543217C>A"
179543217,C,T,C,REF_outside_scope,,0,"synonymous|TTN|ENST00000342992|protein_coding|-|10034E|179543217C>T,synonymous|TTN|ENST00000589042|protein_coding|-|11278E|179543217C>T,synonymous|TTN|ENST00000591111|protein_coding|-|10961E|179543217C>T,synonymous|TTN|ENST00000414766|protein_coding|-|702E|179543217C>T",
179543217,C,T,G,scored,0.34,0,"synonymous|TTN|ENST00000342992|protein_coding|-|10034E|179543217C>T,synonymous|TTN|ENST00000589042|protein_coding|-|11278E|179543217C>T,synonymous|TTN|ENST00000591111|protein_coding|-|10961E|179543217C>T,synonymous|TTN|ENST00000414766|protein_coding|-|702E|179543217C>T","missense|TTN|ENST00000342992|protein_coding|-|10034E>10034D|179543217C>G,missense|TTN|ENST00000589042|protein_coding|-|11278E>11278D|179543217C>G,missense|TTN|ENST00000591111|protein_coding|-|10961E>10961D|179543217C>G,missense|TTN|ENST00000414766|protein_coding|-|702E>702D|179543217C>G"
179545859,C,A,C,REF_outside_scope,,0,"missense|TTN|ENST00000342992|protein_coding|-|9852R>9852L|179545859C>A,missense|TTN|ENST00000589042|protein_coding|-|11096R>11096L|179545859C>A,missense|TTN|ENST00000591111|protein_coding|-|10779R>10779L|179545859C>A",
179545859,C,A,G,scored,0.0,0,"missense|TTN|ENST00000342992|protein_coding|-|9852R>9852L|179545859C>A,missense|TTN|ENST00000589042|protein_coding|-|11096R>11096L|179545859C>A,missense|TTN|ENST00000591111|protein_coding|-|10779R>10779L|179545859C>A","missense|TTN|ENST00000342992|protein_coding|-|9852R>9852P|179545859C>G,missense|TTN|ENST00000589042|protein_coding|-|11096R>11096P|179545859C>G,missense|TTN|ENST00000591111|protein_coding|-|10779R>10779P|179545859C>G"
179545859,C,A,T,scored,0.0,0,"missense|TTN|ENST00000342992|protein_coding|-|9852R>9852L|179545859C>A,missense|TTN|ENST00000589042|protein_coding|-|11096R>11096L|179545859C>A,missense|TTN|ENST00000591111|protein_coding|-|10779R>10779L|179545859C>A","missense|TTN|ENST00000342992|protein_coding|-|9852R>9852H|179545859C>T,missense|TTN|ENST00000589042|protein_coding|-|11096R>11096H|179545859C>T,missense|TTN|ENST00000591111|protein_coding|-|10779R>10779H|179545859C>T"
179545859,C,C,A,REF_outside_scope,,0,,"missense|TTN|ENST00000342992|protein_coding|-|9852R>9852L|179545859C>A,missense|TTN|ENST00000589042|protein_coding|-|11096R>11096L|179545859C>A,missense|TTN|ENST00000591111|protein_coding|-|10779R>10779L|179545859C>A"
179545859,C,C,G,REF_outside_scope,,0,,"missense|TTN|ENST00000342992|protein_coding|-|9852R>9852P|179545859C>G,missense|TTN|ENST00000589042|protein_coding|-|11096R>11096P|179545859C>G,missense|TTN|ENST00000591111|protein_coding|-|10779R>10779P|179545859C>G"
179545859,C,C,T,REF_outside_scope,,0,,"missense|TTN|ENST00000342992|protein_coding|-|9852R>9852H|179545859C>T,missense|TTN|ENST00000589042|protein_coding|-|11096R>11096H|179545859C>T,missense|TTN|ENST00000591111|protein_coding|-|10779R>10779H|179545859C>T"
179545859,C,G,A,scored,0.0,0,"missense|TTN|ENST00000342992|protein_coding|-|9852R>9852P|179545859C>G,missense|TTN|ENST00000589042|protein_coding|-|11096R>11096P|179545859C>G,missense|TTN|ENST00000591111|protein_coding|-|10779R>10779P|179545859C>G","missense|TTN|ENST00000342992|protein_coding|-|9852R>9852L|179545859C>A,missense|TTN|ENST00000589042|protein_coding|-|11096R>11096L|179545859C>A,missense|TTN|ENST00000591111|protein_coding|-|10779R>10779L|179545859C>A"
179545859,C,G,C,REF_outside_scope,,0,"missense|TTN|ENST00000342992|protein_coding|-|9852R>9852P|179545859C>G,missense|TTN|ENST00000589042|protein_coding|-|11096R>11096P|179545859C>G,missense|TTN|ENST00000591111|protein_coding|-|10779R>10779P|179545859C>G",
179545859,C,G,T,scored,0.0,0,"missense|TTN|ENST00000342992|protein_coding|-|9852R>9852P|179545859C>G,missense|TTN|ENST00000589042|protein_coding|-|11096R>11096P|179545859C>G,missense|TTN|ENST00000591111|protein_coding|-|10779R>10779P|179545859C>G","missense|TTN|ENST00000342992|protein_coding|-|9852R>9852H|179545859C>T,missense|TTN|ENST00000589042|protein_coding|-|11096R>11096H|179545859C>T,missense|TTN|ENST00000591111|protein_coding|-|10779R>10779H|179545859C>T"
179545859,C,T,A,scored,0.0,0,"missense|TTN|ENST00000342992|protein_coding|-|9852R>9852H|179545859C>T,missense|TTN|ENST00000589042|protein_coding|-|11096R>11096H|179545859C>T,missense|TTN|ENST00000591111|protein_coding|-|10779R>10779H|179545859C>T","missense|TTN|ENST00000342992|protein_coding|-|9852R>9852L|179545859C>A,missense|TTN|ENST00000589042|protein_coding|-|11096R>11096L|179545859C>A,missense|TTN|ENST00000591111|protein_coding|-|10779R>10779L|179545859C>A"
179545859,C,T,C,REF_outside_scope,,0,"missense|TTN|ENST00000342992|protein_coding|-|9852R>9852H|179545859C>T,missense|TTN|ENST00000589042|protein_coding|-|11096R>11096H|179545859C>T,missense|TTN|ENST00000591111|protein_coding|-|10779R>10779H|179545859C>T",
179545859,C,T,G,scored,0.0,0,"missense|TTN|ENST00000342992|protein_coding|-|9852R>9852H|179545859C>T,missense|TTN|ENST00000589042|protein_coding|-|11096R>11096H|179545859C>T,missense|TTN|ENST00000591111|protein_coding|-|10779R>10779H|179545859C>T","missense|TTN|ENST00000342992|protein_coding|-|9852R>9852P|179545859C>G,missense|TTN|ENST00000589042|protein_coding|-|11096R>11096P|179545859C>G,missense|TTN|ENST00000591111|protein_coding|-|10779R>10779P|179545859C>G"
179554305,C,A,C,REF_outside_scope,,0,"stop_gained|TTN|ENST00000342992|protein_coding|-|9378G>9378*|179554305C>A,stop_gained|TTN|ENST00000589042|protein_coding|-|10622G>10622*|179554305C>A,stop_gained|TTN|ENST00000591111|protein_coding|-|10305G>10305*|179554305C>A,stop_gained|TTN|ENST00000414766|protein_coding|-|500G>500*|179554305C>A",
179554305,C,A,G,scored,-0.33,9,"stop_gained|TTN|ENST00000342992|protein_coding|-|9378G>9378*|179554305C>A,stop_gained|TTN|ENST00000589042|protein_coding|-|10622G>10622*|179554305C>A,stop_gained|TTN|ENST00000591111|protein_coding|-|10305G>10305*|179554305C>A,stop_gained|TTN|ENST00000414766|protein_coding|-|500G>500*|179554305C>A","missense|TTN|ENST00000342992|protein_coding|-|9378G>9378R|179554305C>G,missense|TTN|ENST00000589042|protein_coding|-|10622G>10622R|179554305C>G,missense|TTN|ENST00000591111|protein_coding|-|10305G>10305R|179554305C>G,missense|TTN|ENST00000414766|protein_coding|-|500G>500R|179554305C>G"
179554305,C,A,T,scored,-0.33,0,"stop_gained|TTN|ENST00000342992|protein_coding|-|9378G>9378*|179554305C>A,stop_gained|TTN|ENST00000589042|protein_coding|-|10622G>10622*|179554305C>A,stop_gained|TTN|ENST00000591111|protein_coding|-|10305G>10305*|179554305C>A,stop_gained|TTN|ENST00000414766|protein_coding|-|500G>500*|179554305C>A","missense|TTN|ENST00000342992|protein_coding|-|9378G>9378R|179554305C>T,missense|TTN|ENST00000589042|protein_coding|-|10622G>10622R|179554305C>T,missense|TTN|ENST00000591111|protein_coding|-|10305G>10305R|179554305C>T,missense|TTN|ENST00000414766|protein_coding|-|500G>500R|179554305C>T"
179554305,C,C,A,REF_outside_scope,,0,,"stop_gained|TTN|ENST00000342992|protein_coding|-|9378G>9378*|179554305C>A,stop_gained|TTN|ENST00000589042|protein_coding|-|10622G>10622*|179554305C>A,stop_gained|TTN|ENST00000591111|protein_coding|-|10305G>10305*|179554305C>A,stop_gained|TTN|ENST00000414766|protein_coding|-|500G>500*|179554305C>A"
179554305,C,C,G,REF_outside_scope,,0,,"missense|TTN|ENST00000342992|protein_coding|-|9378G>9378R|179554305C>G,missense|TTN|ENST00000589042|protein_coding|-|10622G>10622R|179554305C>G,missense|TTN|ENST00000591111|protein_coding|-|10305G>10305R|179554305C>G,missense|TTN|ENST00000414766|protein_coding|-|500G>500R|179554305C>G"
179554305,C,C,T,REF_outside_scope,,0,,"missense|TTN|ENST00000342992|protein_coding|-|9378G>9378R|179554305C>T,missense|TTN|ENST00000589042|protein_coding|-|10622G>10622R|179554305C>T,missense|TTN|ENST00000591111|protein_coding|-|10305G>10305R|179554305C>T,missense|TTN|ENST00000414766|protein_coding|-|500G>500R|179554305C>T"
179554305,C,G,A,scored,0.33,0,"missense|TTN|ENST00000342992|protein_coding|-|9378G>9378R|179554305C>G,missense|TTN|ENST00000589042|protein_coding|-|10622G>10622R|179554305C>G,missense|TTN|ENST00000591111|protein_coding|-|10305G>10305R|179554305C>G,missense|TTN|ENST00000414766|protein_coding|-|500G>500R|179554305C>G","stop_gained|TTN|ENST00000342992|protein_coding|-|9378G>9378*|179554305C>A,stop_gained|TTN|ENST00000589042|protein_coding|-|10622G>10622*|179554305C>A,stop_gained|TTN|ENST00000591111|protein_coding|-|10305G>10305*|179554305C>A,stop_gained|TTN|ENST00000414766|protein_coding|-|500G>500*|179554305C>A"
179554305,C,G,C,REF_outside_scope,,0,"missense|TTN|ENST00000342992|protein_coding|-|9378G>9378R|179554305C>G,missense|TTN|ENST00000589042|protein_coding|-|10622G>10622R|179554305C>G,missense|TTN|ENST00000591111|protein_coding|-|10305G>10305R|179554305C>G,missense|TTN|ENST00000414766|protein_coding|-|500G>500R|179554305C>G",
179554305,C,G,T,scored,0.0,0,"missense|TTN|ENST00000342992|protein_coding|-|9378G>9378R|179554305C>G,missense|TTN|ENST00000589042|protein_coding|-|10622G>10622R|179554305C>G,missense|TTN|ENST00000591111|protein_coding|-|10305G>10305R|179554305C>G,missense|TTN|ENST00000414766|protein_coding|-|500G>500R|179554305C>G","missense|TTN|ENST00000342992|protein_coding|-|9378G>9378R|179554305C>T,missense|TTN|ENST00000589042|protein_coding|-|10622G>10622R|179554305C>T,missense|TTN|ENST00000591111|protein_coding|-|10305G>10305R|179554305C>T,missense|TTN|ENST00000414766|protein_coding|-|500G>500R|179554305C>T"
179554305,C,T,A,scored,0.33,0,"missense|TTN|ENST00000342992|protein_coding|-|9378G>9378R|179554305C>T,missense|TTN|ENST00000589042|protein_coding|-|10622G>10622R|179554305C>T,missense|TTN|ENST00000591111|protein_coding|-|10305G>10305R|179554305C>T,missense|TTN|ENST00000414766|protein_coding|-|500G>500R|179554305C>T","stop_gained|TTN|ENST00000342992|protein_coding|-|9378G>9378*|179554305C>A,stop_gained|TTN|ENST00000589042|protein_coding|-|10622G>10622*|179554305C>A,stop_gained|TTN|ENST00000591111|protein_coding|-|10305G>10305*|179554305C>A,stop_gained|TTN|ENST00000414766|protein_coding|-|500G>500*|179554305C>A"
179554305,C,T,C,REF_outside_scope,,0,"missense|TTN|ENST00000342992|protein_coding|-|9378G>9378R|179554305C>T,missense|TTN|ENST00000589042|protein_coding|-|10622G>10622R|179554305C>T,missense|TTN|ENST00000591111|protein_coding|-|10305G>10305R|179554305C>T,missense|TTN|ENST00000414766|protein_coding|-|500G>500R|179554305C>T",
179554305,C,T,G,scored,0.0,0,"missense|TTN|ENST00000342992|protein_coding|-|9378G>9378R|179554305C>T,missense|TTN|ENST00000589042|protein_coding|-|10622G>10622R|179554305C>T,missense|TTN|ENST00000591111|protein_coding|-|10305G>10305R|179554305C>T,missense|TTN|ENST00000414766|protein_coding|-|500G>500R|179554305C>T","missense|TTN|ENST00000342992|protein_coding|-|9378G>9378R|179554305C>G,missense|TTN|ENST00000589042|protein_coding|-|10622G>10622R|179554305C>G,missense|TTN|ENST00000591111|protein_coding|-|10305G>10305R|179554305C>G,missense|TTN|ENST00000414766|protein_coding|-|500G>500R|179554305C>G"
179558366,T,A,C,scored,0.0,0,"missense|TTN|ENST00000342992|protein_coding|-|9278I>9278F|179558366T>A,missense|TTN|ENST00000589042|protein_coding|-|10522I>10522F|179558366T>A,missense|TTN|ENST00000591111|protein_coding|-|10205I>10205F|179558366T>A,missense|TTN|ENST00000414766|protein_coding|-|400I>400F|179558366T>A","missense|TTN|ENST00000342992|protein_coding|-|9278I>9278V|179558366T>C,missense|TTN|ENST00000589042|protein_coding|-|10522I>10522V|179558366T>C,missense|TTN|ENST00000591111|protein_coding|-|10205I>10205V|179558366T>C,missense|TTN|ENST00000414766|protein_coding|-|400I>400V|179558366T>C"
179558366,T,A,G,scored,0.0,0,"missense|TTN|ENST00000342992|protein_coding|-|9278I>9278F|179558366T>A,missense|TTN|ENST00000589042|protein_coding|-|10522I>10522F|179558366T>A,missense|TTN|ENST00000591111|protein_coding|-|10205I>10205F|179558366T>A,missense|TTN|ENST00000414766|protein_coding|-|400I>400F|179558366T>A","missense|TTN|ENST00000342992|protein_coding|-|9278I>9278L|179558366T>G,missense|TTN|ENST00000589042|protein_coding|-|10522I>10522L|179558366T>G,missense|TTN|ENST00000591111|protein_coding|-|10205I>10205L|179558366T>G,missense|TTN|ENST00000414766|protein_coding|-|400I>400L|179558366T>G"
179558366,T,A,T,REF_outside_scope,,0,"missense|TTN|ENST00000342992|protein_coding|-|9278I>9278F|179558366T>A,missense|TTN|ENST00000589042|protein_coding|-|10522I>10522F|179558366T>A,missense|TTN|ENST00000591111|protein_coding|-|10205I>10205F|179558366T>A,missense|TTN|ENST00000414766|protein_coding|-|400I>400F|179558366T>A",
179558366,T,C,A,scored,0.0,0,"missense|TTN|ENST00000342992|protein_coding|-|9278I>9278V|179558366T>C,missense|TTN|ENST00000589042|protein_coding|-|10522I>10522V|179558366T>C,missense|TTN|ENST00000591111|protein_coding|-|10205I>10205V|179558366T>C,missense|TTN|ENST00000414766|protein_coding|-|400I>400V|179558366T>C","missense|TTN|ENST00000342992|protein_coding|-|9278I>9278F|179558366T>A,missense|TTN|ENST00000589042|protein_coding|-|10522I>10522F|179558366T>A,missense|TTN|ENST00000591111|protein_coding|-|10205I>10205F|179558366T>A,missense|TTN|ENST00000414766|protein_coding|-|400I>400F|179558366T>A"
179558366,T,C,G,scored,0.0,0,"missense|TTN|ENST00000342992|protein_coding|-|9278I>9278V|179558366T>C,missense|TTN|ENST00000589042|protein_coding|-|10522I>10522V|179558366T>C,missense|TTN|ENST00000591111|protein_coding|-|10205I>10205V|179558366T>C,missense|TTN|ENST00000414766|protein_coding|-|400I>400V|179558366T>C","missense|TTN|ENST00000342992|protein_coding|-|9278I>9278L|179558366T>G,missense|TTN|ENST00000589042|protein_coding|-|10522I>10522L|179558366T>G,missense|TTN|ENST00000591111|protein_coding|-|10205I>10205L|179558366T>G,missense|TTN|ENST00000414766|protein_coding|-|400I>400L|179558366T>G"
179558366,T,C,T,REF_outside_scope,,0,"missense|TTN|ENST00000342992|protein_coding|-|9278I>9278V|179558366T>C,missense|TTN|ENST00000589042|protein_coding|-|10522I>10522V|179558366T>C,missense|TTN|ENST00000591111|protein_coding|-|10205I>10205V|179558366T>C,missense|TTN|ENST00000414766|protein_coding|-|400I>400V|179558366T>C",
179558366,T,G,A,scored,0.0,0,"missense|TTN|ENST00000342992|protein_coding|-|9278I>9278L|179558366T>G,missense|TTN|ENST00000589042|protein_coding|-|10522I>10522L|179558366T>G,missense|TTN|ENST00000591111|protein_coding|-|10205I>10205L|179558366T>G,missense|TTN|ENST00000414766|protein_coding|-|400I>400L|179558366T>G","missense|TTN|ENST00000342992|protein_coding|-|9278I>9278F|179558366T>A,missense|TTN|ENST00000589042|protein_coding|-|10522I>10522F|179558366T>A,missense|TTN|ENST00000591111|protein_coding|-|10205I>10205F|179558366T>A,missense|TTN|ENST00000414766|protein_coding|-|400I>400F|179558366T>A"
179558366,T,G,C,scored,0.0,0,"missense|TTN|ENST00000342992|protein_coding|-|9278I>9278L|179558366T>G,missense|TTN|ENST00000589042|protein_coding|-|10522I>10522L|179558366T>G,missense|TTN|ENST00000591111|protein_coding|-|10205I>10205L|179558366T>G,missense|TTN|ENST00000414766|protein_coding|-|400I>400L|179558366T>G","missense|TTN|ENST00000342992|protein_coding|-|9278I>9278V|179558366T>C,missense|TTN|ENST00000589042|protein_coding|-|10522I>10522V|179558366T>C,missense|TTN|ENST00000591111|protein_coding|-|10205I>10205V|179558366T>C,missense|TTN|ENST00000414766|protein_coding|-|400I>400V|179558366T>C"
179558366,T,G,T,REF_outside_scope,,0,"missense|TTN|ENST00000342992|protein_coding|-|9278I>9278L|179558366T>G,missense|TTN|ENST00000589042|protein_coding|-|10522I>10522L|179558366T>G,missense|TTN|ENST00000591111|protein_coding|-|10205I>10205L|179558366T>G,missense|TTN|ENST00000414766|protein_coding|-|400I>400L|179558366T>G",
179558366,T,T,A,REF_outside_scope,,0,,"missense|TTN|ENST00000342992|protein_coding|-|9278I>9278F|179558366T>A,missense|TTN|ENST00000589042|protein_coding|-|10522I>10522F|179558366T>A,missense|TTN|ENST00000591111|protein_coding|-|10205I>10205F|179558366T>A,missense|TTN|ENST00000414766|protein_coding|-|400I>400F|179558366T>A"
179558366,T,T,C,REF_outside_scope,,0,,"missense|TTN|ENST00000342992|protein_coding|-|9278I>9278V|179558366T>C,missense|TTN|ENST00000589042|protein_coding|-|10522I>10522V|179558366T>C,missense|TTN|ENST00000591111|protein_coding|-|10205I>10205V|179558366T>C,missense|TTN|ENST00000414766|protein_coding|-|400I>400V|179558366T>C"
179558366,T,T,G,REF_outside_scope,,0,,"missense|TTN|ENST00000342992|protein_coding|-|9278I>9278L|179558366T>G,missense|TTN|ENST00000589042|protein_coding|-|10522I>10522L|179558366T>G,missense|TTN|ENST00000591111|protein_coding|-|10205I>10205L|179558366T>G,missense|TTN|ENST00000414766|protein_coding|-|400I>400L|179558366T>G"
179578730,G,A,C,scored,0.0,0,"synonymous|TTN|ENST00000342992|protein_coding|-|7641S|179578730G>A,synonymous|TTN|ENST00000589042|protein_coding|-|8885S|179578730G>A,synonymous|TTN|ENST00000591111|protein_coding|-|8568S|179578730G>A","synonymous|TTN|ENST00000342992|protein_coding|-|7641S|179578730G>C,synonymous|TTN|ENST00000589042|protein_coding|-|8885S|179578730G>C,synonymous|TTN|ENST00000591111|protein_coding|-|8568S|179578730G>C"
179578730,G,A,G,REF_outside_scope,,0,"synonymous|TTN|ENST00000342992|protein_coding|-|7641S|179578730G>A,synonymous|TTN|ENST00000589042|protein_coding|-|8885S|179578730G>A,synonymous|TTN|ENST00000591111|protein_coding|-|8568S|179578730G>A",
179578730,G,A,T,scored,0.0,0,"synonymous|TTN|ENST00000342992|protein_coding|-|7641S|179578730G>A,synonymous|TTN|ENST00000589042|protein_coding|-|8885S|179578730G>A,synonymous|TTN|ENST00000591111|protein_coding|-|8568S|179578730G>A","synonymous|TTN|ENST00000342992|protein_coding|-|7641S|179578730G>T,synonymous|TTN|ENST00000589042|protein_coding|-|8885S|179578730G>T,synonymous|TTN|ENST00000591111|protein_coding|-|8568S|179578730G>T"
179578730,G,C,A,scored,0.0,0,"synonymous|TTN|ENST00000342992|protein_coding|-|7641S|179578730G>C,synonymous|TTN|ENST00000589042|protein_coding|-|8885S|179578730G>C,synonymous|TTN|ENST00000591111|protein_coding|-|8568S|179578730G>C","synonymous|TTN|ENST00000342992|protein_coding|-|7641S|179578730G>A,synonymous|TTN|ENST00000589042|protein_coding|-|8885S|179578730G>A,synonymous|TTN|ENST00000591111|protein_coding|-|8568S|179578730G>A"
179578730,G,C,G,REF_outside_scope,,0,"synonymous|TTN|ENST00000342992|protein_coding|-|7641S|179578730G>C,synonymous|TTN|ENST00000589042|protein_coding|-|8885S|179578730G>C,synonymous|TTN|ENST00000591111|protein_coding|-|8568S|179578730G>C",
179578730,G,C,T,scored,0.0,0,"synonymous|TTN|ENST00000342992|protein_coding|-|7641S|179578730G>C,synonymous|TTN|ENST00000589042|protein_coding|-|8885S|179578730G>C,synonymous|TTN|ENST00000591111|protein_coding|-|8568S|179578730G>C","synonymous|TTN|ENST00000342992|protein_coding|-|7641S|179578730G>T,synonymous|TTN|ENST00000589042|protein_coding|-|8885S|179578730G>T,synonymous|TTN|ENST00000591111|protein_coding|-|8568S|179578730G>T"
179578730,G,G,A,REF_outside_scope,,0,,"synonymous|TTN|ENST00000342992|protein_coding|-|7641S|179578730G>A,synonymous|TTN|ENST00000589042|protein_coding|-|8885S|179578730G>A,synonymous|TTN|ENST00000591111|protein_coding|-|8568S|179578730G>A"
179578730,G,G,C,REF_outside_scope,,0,,"synonymous|TTN|ENST00000342992|protein_coding|-|7641S|179578730G>C,synonymous|TTN|ENST00000589042|protein_coding|-|8885S|179578730G>C,synonymous|TTN|ENST00000591111|protein_coding|-|8568S|179578730G>C"
179578730,G,G,T,REF_outside_scope,,0,,"synonymous|TTN|ENST00000342992|protein_coding|-|7641S|179578730G>T,synonymous|TTN|ENST00000589042|protein_coding|-|8885S|179578730G>T,synonymous|TTN|ENST00000591111|protein_coding|-|8568S|179578730G>T"
179578730,G,T,A,scored,0.0,0,"synonymous|TTN|ENST00000342992|protein_coding|-|7641S|179578730G>T,synonymous|TTN|ENST00000589042|protein_coding|-|8885S|179578730G>T,synonymous|TTN|ENST00000591111|protein_coding|-|8568S|179578730G>T","synonymous|TTN|ENST00000342992|protein_coding|-|7641S|179578730G>A,synonymous|TTN|ENST00000589042|protein_coding|-|8885S|179578730G>A,synonymous|TTN|ENST00000591111|protein_coding|-|8568S|179578730G>A"
179578730,G,T,C,scored,0.0,0,"synonymous|TTN|ENST00000342992|protein_coding|-|7641S|179578730G>T,synonymous|TTN|ENST00000589042|protein_coding|-|8885S|179578730G>T,synonymous|TTN|ENST00000591111|protein_coding|-|8568S|179578730G>T","synonymous|TTN|ENST00000342992|protein_coding|-|7641S|179578730G>C,synonymous|TTN|ENST00000589042|protein_coding|-|8885S|179578730G>C,synonymous|TTN|ENST00000591111|protein_coding|-|8568S|179578730G>C"
179578730,G,T,G,REF_outside_scope,,0,"synonymous|TTN|ENST00000342992|protein_coding|-|7641S|179578730G>T,synonymous|TTN|ENST00000589042|protein_coding|-|8885S|179578730G>T,synonymous|TTN|ENST00000591111|protein_coding|-|8568S|179578730G>T",
179579093,T,A,C,scored,0.0,0,"missense|TTN|ENST00000342992|protein_coding|-|7559N>7559I|179579093T>A,missense|TTN|ENST00000589042|protein_coding|-|8803N>8803I|179579093T>A,missense|TTN|ENST00000591111|protein_coding|-|8486N>8486I|179579093T>A","missense|TTN|ENST00000342992|protein_coding|-|7559N>7559S|179579093T>C,missense|TTN|ENST00000589042|protein_coding|-|8803N>8803S|179579093T>C,missense|TTN|ENST00000591111|protein_coding|-|8486N>8486S|179579093T>C"
179579093,T,A,G,scored,0.0,0,"missense|TTN|ENST00000342992|protein_coding|-|7559N>7559I|179579093T>A,missense|TTN|ENST00000589042|protein_coding|-|8803N>8803I|179579093T>A,missense|TTN|ENST00000591111|protein_coding|-|8486N>8486I|179579093T>A","missense|TTN|ENST00000342992|protein_coding|-|7559N>7559T|179579093T>G,missense|TTN|ENST00000589042|protein_coding|-|8803N>8803T|179579093T>G,missense|TTN|ENST00000591111|protein_coding|-|8486N>8486T|179579093T>G"
179579093,T,A,T,REF_outside_scope,,0,"missense|TTN|ENST00000342992|protein_coding|-|7559N>7559I|179579093T>A,missense|TTN|ENST00000589042|protein_coding|-|8803N>8803I|179579093T>A,missense|TTN|ENST00000591111|protein_coding|-|8486N>8486I|179579093T>A",
179579093,T,C,A,scored,0.0,0,"missense|TTN|ENST00000342992|protein_coding|-|7559N>7559S|179579093T>C,missense|TTN|ENST00000589042|protein_coding|-|8803N>8803S|179579093T>C,missense|TTN|ENST00000591111|protein_coding|-|8486N>8486S|179579093T>C","missense|TTN|ENST00000342992|protein_coding|-|7559N>7559I|179579093T>A,missense|TTN|ENST00000589042|protein_coding|-|8803N>8803I|179579093T>A,missense|TTN|ENST00000591111|protein_coding|-|8486N>8486I|179579093T>A"
179579093,T,C,G,scored,0.0,0,"missense|TTN|ENST00000342992|protein_coding|-|7559N>7559S|179579093T>C,missense|TTN|ENST00000589042|protein_coding|-|8803N>8803S|179579093T>C,missense|TTN|ENST00000591111|protein_coding|-|8486N>8486S|179579093T>C","missense|TTN|ENST00000342992|protein_coding|-|7559N>7559T|179579093T>G,missense|TTN|ENST00000589042|protein_coding|-|8803N>8803T|179579093T>G,missense|TTN|ENST00000591111|protein_coding|-|8486N>8486T|179579093T>G"
179579093,T,C,T,REF_outside_scope,,0,"missense|TTN|ENST00000342992|protein_coding|-|7559N>7559S|179579093T>C,missense|TTN|ENST00000589042|protein_coding|-|8803N>8803S|179579093T>C,missense|TTN|ENST00000591111|protein_coding|-|8486N>8486S|179579093T>C",
179579093,T,G,A,scored,0.0,0,"missense|TTN|ENST00000342992|protein_coding|-|7559N>7559T|179579093T>G,missense|TTN|ENST00000589042|protein_coding|-|8803N>8803T|179579093T>G,missense|TTN|ENST00000591111|protein_coding|-|8486N>8486T|179579093T>G","missense|TTN|ENST00000342992|protein_coding|-|7559N>7559I|179579093T>A,missense|TTN|ENST00000589042|protein_coding|-|8803N>8803I|179579093T>A,missense|TTN|ENST00000591111|protein_coding|-|8486N>8486I|179579093T>A"
179579093,T,G,C,scored,0.0,0,"missense|TTN|ENST00000342992|protein_coding|-|7559N>7559T|179579093T>G,missense|TTN|ENST00000589042|protein_coding|-|8803N>8803T|179579093T>G,missense|TTN|ENST00000591111|protein_coding|-|8486N>8486T|179579093T>G","missense|TTN|ENST00000342992|protein_coding|-|7559N>7559S|179579093T>C,missense|TTN|ENST00000589042|protein_coding|-|8803N>8803S|179579093T>C,missense|TTN|ENST00000591111|protein_coding|-|8486N>8486S|179579093T>C"
179579093,T,G,T,REF_outside_scope,,0,"missense|TTN|ENST00000342992|protein_coding|-|7559N>7559T|179579093T>G,missense|TTN|ENST00000589042|protein_coding|-|8803N>8803T|179579093T>G,missense|TTN|ENST00000591111|protein_coding|-|8486N>8486T|179579093T>G",
179579093,T,T,A,REF_outside_scope,,0,,"missense|TTN|ENST00000342992|protein_coding|-|7559N>7559I|179579093T>A,missense|TTN|ENST00000589042|protein_coding|-|8803N>8803I|179579093T>A,missense|TTN|ENST00000591111|protein_coding|-|8486N>8486I|179579093T>A"
179579093,T,T,C,REF_outside_scope,,0,,"missense|TTN|ENST00000342992|protein_coding|-|7559N>7559S|179579093T>C,missense|TTN|ENST00000589042|protein_coding|-|8803N>8803S|179579093T>C,missense|TTN|ENST00000591111|protein_coding|-|8486N>8486S|179579093T>C"
179579093,T,T,G,REF_outside_scope,,0,,"missense|TTN|ENST00000342992|protein_coding|-|7559N>7559T|179579093T>G,missense|TTN|ENST00000589042|protein_coding|-|8803N>8803T|179579093T>G,missense|TTN|ENST00000591111|protein_coding|-|8486N>8486T|179579093T>G"
179579212,T,A,C,scored,-0.34,3,"missense|TTN|ENST00000342992|protein_coding|-|7519E>7519D|179579212T>A,missense|TTN|ENST00000589042|protein_coding|-|8763E>8763D|179579212T>A,missense|TTN|ENST00000591111|protein_coding|-|8446E>8446D|179579212T>A","synonymous|TTN|ENST00000342992|protein_coding|-|7519E|179579212T>C,synonymous|TTN|ENST00000589042|protein_coding|-|8763E|179579212T>C,synonymous|TTN|ENST00000591111|protein_coding|-|8446E|179579212T>C"
179579212,T,A,G,scored,0.0,0,"missense|TTN|ENST00000342992|protein_coding|-|7519E>7519D|179579212T>A,missense|TTN|ENST00000589042|protein_coding|-|8763E>8763D|179579212T>A,missense|TTN|ENST00000591111|protein_coding|-|8446E>8446D|179579212T>A","missense|TTN|ENST00000342992|protein_coding|-|7519E>7519D|179579212T>G,missense|TTN|ENST00000589042|protein_coding|-|8763E>8763D|179579212T>G,missense|TTN|ENST00000591111|protein_coding|-|8446E>8446D|179579212T>G"
179579212,T,A,T,REF_outside_scope,,0,"missense|TTN|ENST00000342992|protein_coding|-|7519E>7519D|179579212T>A,missense|TTN|ENST00000589042|protein_coding|-|8763E>8763D|179579212T>A,missense|TTN|ENST00000591111|protein_coding|-|8446E>8446D|179579212T>A",
179579212,T,C,A,scored,0.34,0,"synonymous|TTN|ENST00000342992|protein_coding|-|7519E|179579212T>C,synonymous|TTN|ENST00000589042|protein_coding|-|8763E|179579212T>C,synonymous|TTN|ENST00000591111|protein_coding|-|8446E|179579212T>C","missense|TTN|ENST00000342992|protein_coding|-|7519E>7519D|179579212T>A,missense|TTN|ENST00000589042|protein_coding|-|8763E>8763D|179579212T>A,missense|TTN|ENST00000591111|protein_coding|-|8446E>8446D|179579212T>A"
179579212,T,C,G,scored,0.34,0,"synonymous|TTN|ENST00000342992|protein_coding|-|7519E|179579212T>C,synonymous|TTN|ENST00000589042|protein_coding|-|8763E|179579212T>C,synonymous|TTN|ENST00000591111|protein_coding|-|8446E|179579212T>C","missense|TTN|ENST00000342992|protein_coding|-|7519E>7519D|179579212T>G,missense|TTN|ENST00000589042|protein_coding|-|8763E>8763D|179579212T>G,missense|TTN|ENST00000591111|protein_coding|-|8446E>8446D|179579212T>G"
179579212,T,C,T,REF_outside_scope,,0,"synonymous|TTN|ENST00000342992|protein_coding|-|7519E|179579212T>C,synonymous|TTN|ENST00000589042|protein_coding|-|8763E|179579212T>C,synonymous|TTN|ENST00000591111|protein_coding|-|8446E|179579212T>C",
179579212,T,G,A,scored,0.0,0,"missense|TTN|ENST00000342992|protein_coding|-|7519E>7519D|179579212T>G,missense|TTN|ENST00000589042|protein_coding|-|8763E>8763D|179579212T>G,missense|TTN|ENST00000591111|protein_coding|-|8446E>8446D|179579212T>G","missense|TTN|ENST00000342992|protein_coding|-|7519E>7519D|179579212T>A,missense|TTN|ENST00000589042|protein_coding|-|8763E>8763D|179579212T>A,missense|TTN|ENST00000591111|protein_coding|-|8446E>8446D|179579212T>A"
179579212,T,G,C,scored,-0.34,7,"missense|TTN|ENST00000342992|protein_coding|-|7519E>7519D|179579212T>G,missense|TTN|ENST00000589042|protein_coding|-|8763E>8763D|179579212T>G,missense|TTN|ENST00000591111|protein_coding|-|8446E>8446D|179579212T>G","synonymous|TTN|ENST00000342992|protein_coding|-|7519E|179579212T>C,synonymous|TTN|ENST00000589042|protein_coding|-|8763E|179579212T>C,synonymous|TTN|ENST00000591111|protein_coding|-|8446E|179579212T>C"
179579212,T,G,T,REF_outside_scope,,0,"missense|TTN|ENST00000342992|protein_coding|-|7519E>7519D|179579212T>G,missense|TTN|ENST00000589042|protein_coding|-|8763E>8763D|179579212T>G,missense|TTN|ENST00000591111|protein_coding|-|8446E>8446D|179579212T>G",
179579212,T,T,A,REF_outside_scope,,0,,"missense|TTN|ENST00000342992|protein_coding|-|7519E>7519D|179579212T>A,missense|TTN|ENST00000589042|protein_coding|-|8763E>8763D|179579212T>A,missense|TTN|ENST00000591111|protein_coding|-|8446E>8446D|179579212T>A"
179579212,T,T,C,REF_outside_scope,,0,,"synonymous|TTN|ENST00000342992|protein_coding|-|7519E|179579212T>C,synonymous|TTN|ENST00000589042|protein_coding|-|8763E|179579212T>C,synonymous|TTN|ENST00000591111|protein_coding|-|8446E|179579212T>C"
179579212,T,T,G,REF_outside_scope,,0,,"missense|TTN|ENST00000342992|protein_coding|-|7519E>7519D|179579212T>G,missense|TTN|ENST00000589042|protein_coding|-|8763E>8763D|179579212T>G,missense|TTN|ENST00000591111|protein_coding|-|8446E>8446D|179579212T>G"
179579822,T,A,C,scored,0.0,0,"synonymous|TTN|ENST00000342992|protein_coding|-|7453L|179579822T>A,synonymous|TTN|ENST00000589042|protein_coding|-|8697L|179579822T>A,synonymous|TTN|ENST00000591111|protein_coding|-|8380L|179579822T>A","synonymous|TTN|ENST00000342992|protein_coding|-|7453L|179579822T>C,synonymous|TTN|ENST00000589042|protein_coding|-|8697L|179579822T>C,synonymous|TTN|ENST00000591111|protein_coding|-|8380L|179579822T>C"
179579822,T,A,G,scored,0.0,0,"synonymous|TTN|ENST00000342992|protein_coding|-|7453L|179579822T>A,synonymous|TTN|ENST00000589042|protein_coding|-|8697L|179579822T>A,synonymous|TTN|ENST00000591111|protein_coding|-|8380L|179579822T>A","synonymous|TTN|ENST00000342992|protein_coding|-|7453L|179579822T>G,synonymous|TTN|ENST00000589042|protein_coding|-|8697L|179579822T>G,synonymous|TTN|ENST00000591111|protein_coding|-|8380L|179579822T>G"
179579822,T,A,T,REF_outside_scope,,0,"synonymous|TTN|ENST00000342992|protein_coding|-|7453L|179579822T>A,synonymous|TTN|ENST00000589042|protein_coding|-|8697L|179579822T>A,synonymous|TTN|ENST00000591111|protein_coding|-|8380L|179579822T>A",
179579822,T,C,A,scored,0.0,0,"synonymous|TTN|ENST00000342992|protein_coding|-|7453L|179579822T>C,synonymous|TTN|ENST00000589042|protein_coding|-|8697L|179579822T>C,synonymous|TTN|ENST00000591111|protein_coding|-|8380L|179579822T>C","synonymous|TTN|ENST00000342992|protein_coding|-|7453L|179579822T>A,synonymous|TTN|ENST00000589042|protein_coding|-|8697L|179579822T>A,synonymous|TTN|ENST00000591111|protein_coding|-|8380L|179579822T>A"
179579822,T,C,G,scored,0.0,0,"synonymous|TTN|ENST00000342992|protein_coding|-|7453L|179579822T>C,synonymous|TTN|ENST00000589042|protein_coding|-|8697L|179579822T>C,synonymous|TTN|ENST00000591111|protein_coding|-|8380L|179579822T>C","synonymous|TTN|ENST00000342992|protein_coding|-|7453L|179579822T>G,synonymous|TTN|ENST00000589042|protein_coding|-|8697L|179579822T>G,synonymous|TTN|ENST00000591111|protein_coding|-|8380L|179579822T>G"
179579822,T,C,T,REF_outside_scope,,0,"synonymous|TTN|ENST00000342992|protein_coding|-|7453L|179579822T>C,synonymous|TTN|ENST00000589042|protein_coding|-|8697L|179579822T>C,synonymous|TTN|ENST00000591111|protein_coding|-|8380L|179579822T>C",
179579822,T,G,A,scored,0.0,0,"synonymous|TTN|ENST00000342992|protein_coding|-|7453L|179579822T>G,synonymous|TTN|ENST00000589042|protein_coding|-|8697L|179579822T>G,synonymous|TTN|ENST00000591111|protein_coding|-|8380L|179579822T>G","synonymous|TTN|ENST00000342992|protein_coding|-|7453L|179579822T>A,synonymous|TTN|ENST00000589042|protein_coding|-|8697L|179579822T>A,synonymous|TTN|ENST00000591111|protein_coding|-|8380L|179579822T>A"
179579822,T,G,C,scored,0.0,0,"synonymous|TTN|ENST00000342992|protein_coding|-|7453L|179579822T>G,synonymous|TTN|ENST00000589042|protein_coding|-|8697L|179579822T>G,synonymous|TTN|ENST00000591111|protein_coding|-|8380L|179579822T>G","synonymous|TTN|ENST00000342992|protein_coding|-|7453L|179579822T>C,synonymous|TTN|ENST00000589042|protein_coding|-|8697L|179579822T>C,synonymous|TTN|ENST00000591111|protein_coding|-|8380L|179579822T>C"
179579822,T,G,T,REF_outside_scope,,0,"synonymous|TTN|ENST00000342992|protein_coding|-|7453L|179579822T>G,synonymous|TTN|ENST00000589042|protein_coding|-|8697L|179579822T>G,synonymous|TTN|ENST00000591111|protein_coding|-|8380L|179579822T>G",
179579822,T,T,A,REF_outside_scope,,0,,"synonymous|TTN|ENST00000342992|protein_coding|-|7453L|179579822T>A,synonymous|TTN|ENST00000589042|protein_coding|-|8697L|179579822T>A,synonymous|TTN|ENST00000591111|protein_coding|-|8380L|179579822T>A"
179579822,T,T,C,REF_outside_scope,,0,,"synonymous|TTN|ENST00000342992|protein_coding|-|7453L|179579822T>C,synonymous|TTN|ENST00000589042|protein_coding|-|8697L|179579822T>C,synonymous|TTN|ENST00000591111|protein_coding|-|8380L|179579822T>C"
179579822,T,T,G,REF_outside_scope,,0,,"synonymous|TTN|ENST00000342992|protein_coding|-|7453L|179579822T>G,synonymous|TTN|ENST00000589042|protein_coding|-|8697L|179579822T>G,synonymous|TTN|ENST00000591111|protein_coding|-|8380L|179579822T>G"
179582327,C,A,C,REF_outside_scope,,0,"missense|TTN|ENST00000342992|protein_coding|-|7181S>7181I|179582327C>A,missense|TTN|ENST00000589042|protein_coding|-|8425S>8425I|179582327C>A,missense|TTN|ENST00000591111|protein_coding|-|8108S>8108I|179582327C>A",
179582327,C,A,G,scored,0.0,0,"missense|TTN|ENST00000342992|protein_coding|-|7181S>7181I|179582327C>A,missense|TTN|ENST00000589042|protein_coding|-|8425S>8425I|179582327C>A,missense|TTN|ENST00000591111|protein_coding|-|8108S>8108I|179582327C>A","missense|TTN|ENST00000342992|protein_coding|-|7181S>7181T|179582327C>G,missense|TTN|ENST00000589042|protein_coding|-|8425S>8425T|179582327C>G,missense|TTN|ENST00000591111|protein_coding|-|8108S>8108T|179582327C>G"
179582327,C,A,T,scored,0.0,0,"missense|TTN|ENST00000342992|protein_coding|-|7181S>7181I|179582327C>A,missense|TTN|ENST00000589042|protein_coding|-|8425S>8425I|179582327C>A,missense|TTN|ENST00000591111|protein_coding|-|8108S>8108I|179582327C>A","missense|TTN|ENST00000342992|protein_coding|-|7181S>7181N|179582327C>T,missense|TTN|ENST00000589042|protein_coding|-|8425S>8425N|179582327C>T,missense|TTN|ENST00000591111|protein_coding|-|8108S>8108N|179582327C>T"
179582327,C,C,A,REF_outside_scope,,0,,"missense|TTN|ENST00000342992|protein_coding|-|7181S>7181I|179582327C>A,missense|TTN|ENST00000589042|protein_coding|-|8425S>8425I|179582327C>A,missense|TTN|ENST00000591111|protein_coding|-|8108S>8108I|179582327C>A"
179582327,C,C,G,REF_outside_scope,,0,,"missense|TTN|ENST00000342992|protein_coding|-|7181S>7181T|179582327C>G,missense|TTN|ENST00000589042|protein_coding|-|8425S>8425T|179582327C>G,missense|TTN|ENST00000591111|protein_coding|-|8108S>8108T|179582327C>G"
179582327,C,C,T,REF_outside_scope,,0,,"missense|TTN|ENST00000342992|protein_coding|-|7181S>7181N|179582327C>T,missense|TTN|ENST00000589042|protein_coding|-|8425S>8425N|179582327C>T,missense|TTN|ENST00000591111|protein_coding|-|8108S>8108N|179582327C>T"
179582327,C,G,A,scored,0.0,0,"missense|TTN|ENST00000342992|protein_coding|-|7181S>7181T|179582327C>G,missense|TTN|ENST00000589042|protein_coding|-|8425S>8425T|179582327C>G,missense|TTN|ENST00000591111|protein_coding|-|8108S>8108T|179582327C>G","missense|TTN|ENST00000342992|protein_coding|-|7181S>7181I|179582327C>A,missense|TTN|ENST00000589042|protein_coding|-|8425S>8425I|179582327C>A,missense|TTN|ENST00000591111|protein_coding|-|8108S>8108I|179582327C>A"
179582327,C,G,C,REF_outside_scope,,0,"missense|TTN|ENST00000342992|protein_coding|-|7181S>7181T|179582327C>G,missense|TTN|ENST00000589042|protein_coding|-|8425S>8425T|179582327C>G,missense|TTN|ENST00000591111|protein_coding|-|8108S>8108T|179582327C>G",
179582327,C,G,T,scored,0.0,0,"missense|TTN|ENST00000342992|protein_coding|-|7181S>7181T|179582327C>G,missense|TTN|ENST00000589042|protein_coding|-|8425S>8425T|179582327C>G,missense|TTN|ENST00000591111|protein_coding|-|8108S>8108T|179582327C>G","missense|TTN|ENST00000342992|protein_coding|-|7181S>7181N|179582327C>T,missense|TTN|ENST00000589042|protein_coding|-|8425S>8425N|179582327C>T,missense|TTN|ENST00000591111|protein_coding|-|8108S>8108N|179582327C>T"
179582327,C,T,A,scored,0.0,0,"missense|TTN|ENST00000342992|protein_coding|-|7181S>7181N|179582327C>T,missense|TTN|ENST00000589042|protein_coding|-|8425S>8425N|179582327C>T,missense|TTN|ENST00000591111|protein_coding|-|8108S>8108N|179582327C>T","missense|TTN|ENST00000342992|protein_coding|-|7181S>7181I|179582327C>A,missense|TTN|ENST00000589042|protein_coding|-|8425S>8425I|179582327C>A,missense|TTN|ENST00000591111|protein_coding|-|8108S>8108I|179582327C>A"
179582327,C,T,C,REF_outside_scope,,0,"missense|TTN|ENST00000342992|protein_coding|-|7181S>7181N|179582327C>T,missense|TTN|ENST00000589042|protein_coding|-|8425S>8425N|179582327C>T,missense|TTN|ENST00000591111|protein_coding|-|8108S>8108N|179582327C>T",
179582327,C,T,G,scored,0.0,0,"missense|TTN|ENST00000342992|protein_coding|-|7181S>7181N|179582327C>T,missense|TTN|ENST00000589042|protein_coding|-|8425S>8425N|179582327C>T,missense|TTN|ENST00000591111|protein_coding|-|8108S>8108N|179582327C>T","missense|TTN|ENST00000342992|protein_coding|-|7181S>7181T|179582327C>G,missense|TTN|ENST00000589042|protein_coding|-|8425S>8425T|179582327C>G,missense|TTN|ENST00000591111|protein_coding|-|8108S>8108T|179582327C>G"
179582537,G,A,C,scored,0.0,0,"splice_region|TTN|ENST00000342992|protein_coding,missense|TTN|ENST00000342992|protein_coding|-|7111A>7111V|179582537G>A,splice_region|TTN|ENST00000589042|protein_coding,missense|TTN|ENST00000589042|protein_coding|-|8355A>8355V|179582537G>A,splice_region|TTN|ENST00000591111|protein_coding,missense|TTN|ENST00000591111|protein_coding|-|8038A>8038V|179582537G>A","splice_region|TTN|ENST00000342992|protein_coding,missense|TTN|ENST00000342992|protein_coding|-|7111A>7111G|179582537G>C,splice_region|TTN|ENST00000589042|protein_coding,missense|TTN|ENST00000589042|protein_coding|-|8355A>8355G|179582537G>C,splice_region|TTN|ENST00000591111|protein_coding,missense|TTN|ENST00000591111|protein_coding|-|8038A>8038G|179582537G>C"
179582537,G,A,G,REF_outside_scope,,0,"splice_region|TTN|ENST00000342992|protein_coding,missense|TTN|ENST00000342992|protein_coding|-|7111A>7111V|179582537G>A,splice_region|TTN|ENST00000589042|protein_coding,missense|TTN|ENST00000589042|protein_coding|-|8355A>8355V|179582537G>A,splice_region|TTN|ENST00000591111|protein_coding,missense|TTN|ENST00000591111|protein_coding|-|8038A>8038V|179582537G>A",
179582537,G,A,T,scored,0.0,0,"splice_region|TTN|ENST00000342992|protein_coding,missense|TTN|ENST00000342992|protein_coding|-|7111A>7111V|179582537G>A,splice_region|TTN|ENST00000589042|protein_coding,missense|TTN|ENST00000589042|protein_coding|-|8355A>8355V|179582537G>A,splice_region|TTN|ENST00000591111|protein_coding,missense|TTN|ENST00000591111|protein_coding|-|8038A>8038V|179582537G>A","splice_region|TTN|ENST00000342992|protein_coding,missense|TTN|ENST00000342992|protein_coding|-|7111A>7111E|179582537G>T,splice_region|TTN|ENST00000589042|protein_coding,missense|TTN|ENST00000589042|protein_coding|-|8355A>8355E|179582537G>T,splice_region|TTN|ENST00000591111|protein_coding,missense|TTN|ENST00000591111|protein_coding|-|8038A>8038E|179582537G>T"
179582537,G,C,A,scored,0.0,0,"splice_region|TTN|ENST00000342992|protein_coding,missense|TTN|ENST00000342992|protein_coding|-|7111A>7111G|179582537G>C,splice_region|TTN|ENST00000589042|protein_coding,missense|TTN|ENST00000589042|protein_coding|-|8355A>8355G|179582537G>C,splice_region|TTN|ENST00000591111|protein_coding,missense|TTN|ENST00000591111|protein_coding|-|8038A>8038G|179582537G>C","splice_region|TTN|ENST00000342992|protein_coding,missense|TTN|ENST00000342992|protein_coding|-|7111A>7111V|179582537G>A,splice_region|TTN|ENST00000589042|protein_coding,missense|TTN|ENST00000589042|protein_coding|-|8355A>8355V|179582537G>A,splice_region|TTN|ENST00000591111|protein_coding,missense|TTN|ENST00000591111|protein_coding|-|8038A>8038V|179582537G>A"
179582537,G,C,G,REF_outside_scope,,0,"splice_region|TTN|ENST00000342992|protein_coding,missense|TTN|ENST00000342992|protein_coding|-|7111A>7111G|179582537G>C,splice_region|TTN|ENST00000589042|protein_coding,missense|TTN|ENST00000589042|protein_coding|-|8355A>8355G|179582537G>C,splice_region|TTN|ENST00000591111|protein_coding,missense|TTN|ENST00000591111|protein_coding|-|8038A>8038G|179582537G>C",
179582537,G,C,T,scored,0.0,0,"splice_region|TTN|ENST00000342992|protein_coding,missense|TTN|ENST00000342992|protein_coding|-|7111A>7111G|179582537G>C,splice_region|TTN|ENST00000589042|protein_coding,missense|TTN|ENST00000589042|protein_coding|-|8355A>8355G|179582537G>C,splice_region|TTN|ENST00000591111|protein_coding,missense|TTN|ENST00000591111|protein_coding|-|8038A>8038G|179582537G>C","splice_region|TTN|ENST00000342992|protein_coding,missense|TTN|ENST00000342992|protein_coding|-|7111A>7111E|179582537G>T,splice_region|TTN|ENST00000589042|protein_coding,missense|TTN|ENST00000589042|protein_coding|-|8355A>8355E|179582537G>T,splice_region|TTN|ENST00000591111|protein_coding,missense|TTN|ENST00000591111|protein_coding|-|8038A>8038E|179582537G>T"
179582537,G,G,A,REF_outside_scope,,0,,"splice_region|TTN|ENST00000342992|protein_coding,missense|TTN|ENST00000342992|protein_coding|-|7111A>7111V|179582537G>A,splice_region|TTN|ENST00000589042|protein_coding,missense|TTN|ENST00000589042|protein_coding|-|8355A>8355V|179582537G>A,splice_region|TTN|ENST00000591111|protein_coding,missense|TTN|ENST00000591111|protein_coding|-|8038A>8038V|179582537G>A"
179582537,G,G,C,REF_outside_scope,,0,,"splice_region|TTN|ENST00000342992|protein_coding,missense|TTN|ENST00000342992|protein_coding|-|7111A>7111G|179582537G>C,splice_region|TTN|ENST00000589042|protein_coding,missense|TTN|ENST00000589042|protein_coding|-|8355A>8355G|179582537G>C,splice_region|TTN|ENST00000591111|protein_coding,missense|TTN|ENST00000591111|protein_coding|-|8038A>8038G|179582537G>C"
179582537,G,G,T,REF_outside_scope,,0,,"splice_region|TTN|ENST00000342992|protein_coding,missense|TTN|ENST00000342992|protein_coding|-|7111A>7111E|179582537G>T,splice_region|TTN|ENST00000589042|protein_coding,missense|TTN|ENST00000589042|protein_coding|-|8355A>8355E|179582537G>T,splice_region|TTN|ENST00000591111|protein_coding,missense|TTN|ENST00000591111|protein_coding|-|8038A>8038E|179582537G>T"
179582537,G,T,A,scored,0.0,0,"splice_region|TTN|ENST00000342992|protein_coding,missense|TTN|ENST00000342992|protein_coding|-|7111A>7111E|179582537G>T,splice_region|TTN|ENST00000589042|protein_coding,missense|TTN|ENST00000589042|protein_coding|-|8355A>8355E|179582537G>T,splice_region|TTN|ENST00000591111|protein_coding,missense|TTN|ENST00000591111|protein_coding|-|8038A>8038E|179582537G>T","splice_region|TTN|ENST00000342992|protein_coding,missense|TTN|ENST00000342992|protein_coding|-|7111A>7111V|179582537G>A,splice_region|TTN|ENST00000589042|protein_coding,missense|TTN|ENST00000589042|protein_coding|-|8355A>8355V|179582537G>A,splice_region|TTN|ENST00000591111|protein_coding,missense|TTN|ENST00000591111|protein_coding|-|8038A>8038V|179582537G>A"
179582537,G,T,C,scored,0.0,0,"splice_region|TTN|ENST00000342992|protein_coding,missense|TTN|ENST00000342992|protein_coding|-|7111A>7111E|179582537G>T,splice_region|TTN|ENST00000589042|protein_coding,missense|TTN|ENST00000589042|protein_coding|-|8355A>8355E|179582537G>T,splice_region|TTN|ENST00000591111|protein_coding,missense|TTN|ENST00000591111|protein_coding|-|8038A>8038E|179582537G>T","splice_region|TTN|ENST00000342992|protein_coding,missense|TTN|ENST00000342992|protein_coding|-|7111A>7111G|179582537G>C,splice_region|TTN|ENST00000589042|protein_coding,missense|TTN|ENST00000589042|protein_coding|-|8355A>8355G|179582537G>C,splice_region|TTN|ENST00000591111|protein_coding,missense|TTN|ENST00000591111|protein_coding|-|8038A>8038G|179582537G>C"
179582537,G,T,G,REF_outside_scope,,0,"splice_region|TTN|ENST00000342992|protein_coding,missense|TTN|ENST00000342992|protein_coding|-|7111A>7111E|179582537G>T,splice_region|TTN|ENST00000589042|protein_coding,missense|TTN|ENST00000589042|protein_coding|-|8355A>8355E|179582537G>T,splice_region|TTN|ENST00000591111|protein_coding,missense|TTN|ENST00000591111|protein_coding|-|8038A>8038E|179582537G>T",
179583496,T,A,C,scored,0.0,0,"missense|TTN|ENST00000342992|protein_coding|-|6900E>6900V|179583496T>A,missense|TTN|ENST00000589042|protein_coding|-|8144E>8144V|179583496T>A,missense|TTN|ENST00000591111|protein_coding|-|7827E>7827V|179583496T>A","missense|TTN|ENST00000342992|protein_coding|-|6900E>6900G|179583496T>C,missense|TTN|ENST00000589042|protein_coding|-|8144E>8144G|179583496T>C,missense|TTN|ENST00000591111|protein_coding|-|7827E>7827G|179583496T>C"
179583496,T,A,G,scored,0.0,0,"missense|TTN|ENST00000342992|protein_coding|-|6900E>6900V|179583496T>A,missense|TTN|ENST00000589042|protein_coding|-|8144E>8144V|179583496T>A,missense|TTN|ENST00000591111|protein_coding|-|7827E>7827V|179583496T>A","missense|TTN|ENST00000342992|protein_coding|-|6900E>6900A|179583496T>G,missense|TTN|ENST00000589042|protein_coding|-|8144E>8144A|179583496T>G,missense|TTN|ENST00000591111|protein_coding|-|7827E>7827A|179583496T>G"
179583496,T,A,T,REF_outside_scope,,0,"missense|TTN|ENST00000342992|protein_coding|-|6900E>6900V|179583496T>A,missense|TTN|ENST00000589042|protein_coding|-|8144E>8144V|179583496T>A,missense|TTN|ENST00000591111|protein_coding|-|7827E>7827V|179583496T>A",
179583496,T,C,A,scored,0.0,0,"missense|TTN|ENST00000342992|protein_coding|-|6900E>6900G|179583496T>C,missense|TTN|ENST00000589042|protein_coding|-|8144E>8144G|179583496T>C,missense|TTN|ENST00000591111|protein_coding|-|7827E>7827G|179583496T>C","missense|TTN|ENST00000342992|protein_coding|-|6900E>6900V|179583496T>A,missense|TTN|ENST00000589042|protein_coding|-|8144E>8144V|179583496T>A,missense|TTN|ENST00000591111|protein_coding|-|7827E>7827V|179583496T>A"
179583496,T,C,G,scored,0.0,0,"missense|TTN|ENST00000342992|protein_coding|-|6900E>6900G|179583496T>C,missense|TTN|ENST00000589042|protein_coding|-|8144E>8144G|179583496T>C,missense|TTN|ENST00000591111|protein_coding|-|7827E>7827G|179583496T>C","missense|TTN|ENST00000342992|protein_coding|-|6900E>6900A|179583496T>G,missense|TTN|ENST00000589042|protein_coding|-|8144E>8144A|179583496T>G,missense|TTN|ENST00000591111|protein_coding|-|7827E>7827A|179583496T>G"
179583496,T,C,T,REF_outside_scope,,0,"missense|TTN|ENST00000342992|protein_coding|-|6900E>6900G|179583496T>C,missense|TTN|ENST00000589042|protein_coding|-|8144E>8144G|179583496T>C,missense|TTN|ENST00000591111|protein_coding|-|7827E>7827G|179583496T>C",
179583496,T,G,A,scored,0.0,0,"missense|TTN|ENST00000342992|protein_coding|-|6900E>6900A|179583496T>G,missense|TTN|ENST00000589042|protein_coding|-|8144E>8144A|179583496T>G,missense|TTN|ENST00000591111|protein_coding|-|7827E>7827A|179583496T>G","missense|TTN|ENST00000342992|protein_coding|-|6900E>6900V|179583496T>A,missense|TTN|ENST00000589042|protein_coding|-|8144E>8144V|179583496T>A,missense|TTN|ENST00000591111|protein_coding|-|7827E>7827V|179583496T>A"
179583496,T,G,C,scored,0.0,0,"missense|TTN|ENST00000342992|protein_coding|-|6900E>6900A|179583496T>G,missense|TTN|ENST00000589042|protein_coding|-|8144E>8144A|179583496T>G,missense|TTN|ENST00000591111|protein_coding|-|7827E>7827A|179583496T>G","missense|TTN|ENST00000342992|protein_coding|-|6900E>6900G|179583496T>C,missense|TTN|ENST00000589042|protein_coding|-|8144E>8144G|179583496T>C,missense|TTN|ENST00000591111|protein_coding|-|7827E>7827G|179583496T>C"
179583496,T,G,T,REF_outside_scope,,0,"missense|TTN|ENST00000342992|protein_coding|-|6900E>6900A|179583496T>G,missense|TTN|ENST00000589042|protein_coding|-|8144E>8144A|179583496T>G,missense|TTN|ENST00000591111|protein_coding|-|7827E>7827A|179583496T>G",
179583496,T,T,A,REF_outside_scope,,0,,"missense|TTN|ENST00000342992|protein_coding|-|6900E>6900V|179583496T>A,missense|TTN|ENST00000589042|protein_coding|-|8144E>8144V|179583496T>A,missense|TTN|ENST00000591111|protein_coding|-|7827E>7827V|179583496T>A"
179583496,T,T,C,REF_outside_scope,,0,,"missense|TTN|ENST00000342992|protein_coding|-|6900E>6900G|179583496T>C,missense|TTN|ENST00000589042|protein_coding|-|8144E>8144G|179583496T>C,missense|TTN|ENST00000591111|protein_coding|-|7827E>7827G|179583496T>C"
179583496,T,T,G,REF_outside_scope,,0,,"missense|TTN|ENST00000342992|protein_coding|-|6900E>6900A|179583496T>G,missense|TTN|ENST00000589042|protein_coding|-|8144E>8144A|179583496T>G,missense|TTN|ENST00000591111|protein_coding|-|7827E>7827A|179583496T>G"
179585266,C,A,C,REF_outside_scope,,0,"missense|TTN|ENST00000342992|protein_coding|-|6497Q>6497H|179585266C>A,missense|TTN|ENST00000589042|protein_coding|-|7741Q>7741H|179585266C>A,missense|TTN|ENST00000591111|protein_coding|-|7424Q>7424H|179585266C>A",
179585266,C,A,G,scored,0.0,0,"missense|TTN|ENST00000342992|protein_coding|-|6497Q>6497H|179585266C>A,missense|TTN|ENST00000589042|protein_coding|-|7741Q>7741H|179585266C>A,missense|TTN|ENST00000591111|protein_coding|-|7424Q>7424H|179585266C>A","missense|TTN|ENST00000342992|protein_coding|-|6497Q>6497H|179585266C>G,missense|TTN|ENST00000589042|protein_coding|-|7741Q>7741H|179585266C>G,missense|TTN|ENST00000591111|protein_coding|-|7424Q>7424H|179585266C>G"
179585266,C,A,T,scored,-0.34,4,"missense|TTN|ENST00000342992|protein_coding|-|6497Q>6497H|179585266C>A,missense|TTN|ENST00000589042|protein_coding|-|7741Q>7741H|179585266C>A,missense|TTN|ENST00000591111|protein_coding|-|7424Q>7424H|179585266C>A","synonymous|TTN|ENST00000342992|protein_coding|-|6497Q|179585266C>T,synonymous|TTN|ENST00000589042|protein_coding|-|7741Q|179585266C>T,synonymous|TTN|ENST00000591111|protein_coding|-|7424Q|179585266C>T"
179585266,C,C,A,REF_outside_scope,,0,,"missense|TTN|ENST00000342992|protein_coding|-|6497Q>6497H|179585266C>A,missense|TTN|ENST00000589042|protein_coding|-|7741Q>7741H|179585266C>A,missense|TTN|ENST00000591111|protein_coding|-|7424Q>7424H|179585266C>A"
179585266,C,C,G,REF_outside_scope,,0,,"missense|TTN|ENST00000342992|protein_coding|-|6497Q>6497H|179585266C>G,missense|TTN|ENST00000589042|protein_coding|-|7741Q>7741H|179585266C>G,missense|TTN|ENST00000591111|protein_coding|-|7424Q>7424H|179585266C>G"
179585266,C,C,T,REF_outside_scope,,0,,"synonymous|TTN|ENST00000342992|protein_coding|-|6497Q|179585266C>T,synonymous|TTN|ENST00000589042|protein_coding|-|7741Q|179585266C>T,synonymous|TTN|ENST00000591111|protein_coding|-|7424Q|179585266C>T"
179585266,C,G,A,scored,0.0,0,"missense|TTN|ENST00000342992|protein_coding|-|6497Q>6497H|179585266C>G,missense|TTN|ENST00000589042|protein_coding|-|7741Q>7741H|179585266C>G,missense|TTN|ENST00000591111|protein_coding|-|7424Q>7424H|179585266C>G","missense|TTN|ENST00000342992|protein_coding|-|6497Q>6497H|179585266C>A,missense|TTN|ENST00000589042|protein_coding|-|7741Q>7741H|179585266C>A,missense|TTN|ENST00000591111|protein_coding|-|7424Q>7424H|179585266C>A"
179585266,C,G,C,REF_outside_scope,,0,"missense|TTN|ENST00000342992|protein_coding|-|6497Q>6497H|179585266C>G,missense|TTN|ENST00000589042|protein_coding|-|7741Q>7741H|179585266C>G,missense|TTN|ENST00000591111|protein_coding|-|7424Q>7424H|179585266C>G",
179585266,C,G,T,scored,-0.34,6,"missense|TTN|ENST00000342992|protein_coding|-|6497Q>6497H|179585266C>G,missense|TTN|ENST00000589042|protein_coding|-|7741Q>7741H|179585266C>G,missense|TTN|ENST00000591111|protein_coding|-|7424Q>7424H|179585266C>G","synonymous|TTN|ENST00000342992|protein_coding|-|6497Q|179585266C>T,synonymous|TTN|ENST00000589042|protein_coding|-|7741Q|179585266C>T,synonymous|TTN|ENST00000591111|protein_coding|-|7424Q|179585266C>T"
179585266,C,T,A,scored,0.34,0,"synonymous|TTN|ENST00000342992|protein_coding|-|6497Q|179585266C>T,synonymous|TTN|ENST00000589042|protein_coding|-|7741Q|179585266C>T,synonymous|TTN|ENST00000591111|protein_coding|-|7424Q|179585266C>T","missense|TTN|ENST00000342992|protein_coding|-|6497Q>6497H|179585266C>A,missense|TTN|ENST00000589042|protein_coding|-|7741Q>7741H|179585266C>A,missense|TTN|ENST00000591111|protein_coding|-|7424Q>7424H|179585266C>A"
179585266,C,T,C,REF_outside_scope,,0,"synonymous|TTN|ENST00000342992|protein_coding|-|6497Q|179585266C>T,synonymous|TTN|ENST00000589042|protein_coding|-|7741Q|179585266C>T,synonymous|TTN|ENST00000591111|protein_coding|-|7424Q|179585266C>T",
179585266,C,T,G,scored,0.34,0,"synonymous|TTN|ENST00000342992|protein_coding|-|6497Q|179585266C>T,synonymous|TTN|ENST00000589042|protein_coding|-|7741Q|179585266C>T,synonymous|TTN|ENST00000591111|protein_coding|-|7424Q|179585266C>T","missense|TTN|ENST00000342992|protein_coding|-|6497Q>6497H|179585266C>G,missense|TTN|ENST00000589042|protein_coding|-|7741Q>7741H|179585266C>G,missense|TTN|ENST00000591111|protein_coding|-|7424Q>7424H|179585266C>G"
179587130,C,A,C,REF_outside_scope,,0,"missense|TTN|ENST00000342992|protein_coding|-|6218D>6218Y|179587130C>A,missense|TTN|ENST00000589042|protein_coding|-|7462D>7462Y|179587130C>A,missense|TTN|ENST00000591111|protein_coding|-|7145D>7145Y|179587130C>A",
179587130,C,A,G,scored,0.0,0,"missense|TTN|ENST00000342992|protein_coding|-|6218D>6218Y|179587130C>A,missense|TTN|ENST00000589042|protein_coding|-|7462D>7462Y|179587130C>A,missense|TTN|ENST00000591111|protein_coding|-|7145D>7145Y|179587130C>A","missense|TTN|ENST00000342992|protein_coding|-|6218D>6218H|179587130C>G,missense|TTN|ENST00000589042|protein_coding|-|7462D>7462H|179587130C>G,missense|TTN|ENST00000591111|protein_coding|-|7145D>7145H|179587130C>G"
179587130,C,A,T,scored,0.0,0,"missense|TTN|ENST00000342992|protein_coding|-|6218D>6218Y|179587130C>A,missense|TTN|ENST00000589042|protein_coding|-|7462D>7462Y|179587130C>A,missense|TTN|ENST00000591111|protein_coding|-|7145D>7145Y|179587130C>A","missense|TTN|ENST00000342992|protein_coding|-|6218D>6218N|179587130C>T,missense|TTN|ENST00000589042|protein_coding|-|7462D>7462N|179587130C>T,missense|TTN|ENST00000591111|protein_coding|-|7145D>7145N|179587130C>T"
179587130,C,C,A,REF_outside_scope,,0,,"missense|TTN|ENST00000342992|protein_coding|-|6218D>6218Y|179587130C>A,missense|TTN|ENST00000589042|protein_coding|-|7462D>7462Y|179587130C>A,missense|TTN|ENST00000591111|protein_coding|-|7145D>7145Y|179587130C>A"
179587130,C,C,G,REF_outside_scope,,0,,"missense|TTN|ENST00000342992|protein_coding|-|6218D>6218H|179587130C>G,missense|TTN|ENST00000589042|protein_coding|-|7462D>7462H|179587130C>G,missense|TTN|ENST00000591111|protein_coding|-|7145D>7145H|179587130C>G"
179587130,C,C,T,REF_outside_scope,,0,,"missense|TTN|ENST00000342992|protein_coding|-|6218D>6218N|179587130C>T,missense|TTN|ENST00000589042|protein_coding|-|7462D>7462N|179587130C>T,missense|TTN|ENST00000591111|protein_coding|-|7145D>7145N|179587130C>T"
179587130,C,G,A,scored,0.0,0,"missense|TTN|ENST00000342992|protein_coding|-|6218D>6218H|179587130C>G,missense|TTN|ENST00000589042|protein_coding|-|7462D>7462H|179587130C>G,missense|TTN|ENST00000591111|protein_coding|-|7145D>7145H|179587130C>G","missense|TTN|ENST00000342992|protein_coding|-|6218D>6218Y|179587130C>A,missense|TTN|ENST00000589042|protein_coding|-|7462D>7462Y|179587130C>A,missense|TTN|ENST00000591111|protein_coding|-|7145D>7145Y|179587130C>A"
179587130,C,G,C,REF_outside_scope,,0,"missense|TTN|ENST00000342992|protein_coding|-|6218D>6218H|179587130C>G,missense|TTN|ENST00000589042|protein_coding|-|7462D>7462H|179587130C>G,missense|TTN|ENST00000591111|protein_coding|-|7145D>7145H|179587130C>G",
179587130,C,G,T,scored,0.0,0,"missense|TTN|ENST00000342992|protein_coding|-|6218D>6218H|179587130C>G,missense|TTN|ENST00000589042|protein_coding|-|7462D>7462H|179587130C>G,missense|TTN|ENST00000591111|protein_coding|-|7145D>7145H|179587130C>G","missense|TTN|ENST00000342992|protein_coding|-|6218D>6218N|179587130C>T,missense|TTN|ENST00000589042|protein_coding|-|7462D>7462N|179587130C>T,missense|TTN|ENST00000591111|protein_coding|-|7145D>7145N|179587130C>T"
179587130,C,T,A,scored,0.0,0,"missense|TTN|ENST00000342992|protein_coding|-|6218D>6218N|179587130C>T,missense|TTN|ENST00000589042|protein_coding|-|7462D>7462N|179587130C>T,missense|TTN|ENST00000591111|protein_coding|-|7145D>7145N|179587130C>T","missense|TTN|ENST00000342992|protein_coding|-|6218D>6218Y|179587130C>A,missense|TTN|ENST00000589042|protein_coding|-|7462D>7462Y|179587130C>A,missense|TTN|ENST00000591111|protein_coding|-|7145D>7145Y|179587130C>A"
179587130,C,T,C,REF_outside_scope,,0,"missense|TTN|ENST00000342992|protein_coding|-|6218D>6218N|179587130C>T,missense|TTN|ENST00000589042|protein_coding|-|7462D>7462N|179587130C>T,missense|TTN|ENST00000591111|protein_coding|-|7145D>7145N|179587130C>T",
179587130,C,T,G,scored,0.0,0,"missense|TTN|ENST00000342992|protein_coding|-|6218D>6218N|179587130C>T,missense|TTN|ENST00000589042|protein_coding|-|7462D>7462N|179587130C>T,missense|TTN|ENST00000591111|protein_coding|-|7145D>7145N|179587130C>T","missense|TTN|ENST00000342992|protein_coding|-|6218D>6218H|179587130C>G,missense|TTN|ENST00000589042|protein_coding|-|7462D>7462H|179587130C>G,missense|TTN|ENST00000591111|protein_coding|-|7145D>7145H|179587130C>G"
179598228,A,A,C,REF_outside_scope,,0,,"missense|TTN|ENST00000342992|protein_coding|-|4020I>4020M|179598228A>C,missense|TTN|ENST00000589042|protein_coding|-|5264I>5264M|179598228A>C,missense|TTN|ENST00000591111|protein_coding|-|4947I>4947M|179598228A>C"
179598228,A,A,G,REF_outside_scope,,0,,"synonymous|TTN|ENST00000342992|protein_coding|-|4020I|179598228A>G,synonymous|TTN|ENST00000589042|protein_coding|-|5264I|179598228A>G,synonymous|TTN|ENST00000591111|protein_coding|-|4947I|179598228A>G"
179598228,A,A,T,REF_outside_scope,,0,,"synonymous|TTN|ENST00000342992|protein_coding|-|4020I|179598228A>T,synonymous|TTN|ENST00000589042|protein_coding|-|5264I|179598228A>T,synonymous|TTN|ENST00000591111|protein_coding|-|4947I|179598228A>T"
179598228,A,C,A,REF_outside_scope,,0,"missense|TTN|ENST00000342992|protein_coding|-|4020I>4020M|179598228A>C,missense|TTN|ENST00000589042|protein_coding|-|5264I>5264M|179598228A>C,missense|TTN|ENST00000591111|protein_coding|-|4947I>4947M|179598228A>C",
179598228,A,C,G,scored,-0.34,6,"missense|TTN|ENST00000342992|protein_coding|-|4020I>4020M|179598228A>C,missense|TTN|ENST00000589042|protein_coding|-|5264I>5264M|179598228A>C,missense|TTN|ENST00000591111|protein_coding|-|4947I>4947M|179598228A>C","synonymous|TTN|ENST00000342992|protein_coding|-|4020I|179598228A>G,synonymous|TTN|ENST00000589042|protein_coding|-|5264I|179598228A>G,synonymous|TTN|ENST00000591111|protein_coding|-|4947I|179598228A>G"
179598228,A,C,T,scored,-0.34,0,"missense|TTN|ENST00000342992|protein_coding|-|4020I>4020M|179598228A>C,missense|TTN|ENST00000589042|protein_coding|-|5264I>5264M|179598228A>C,missense|TTN|ENST00000591111|protein_coding|-|4947I>4947M|179598228A>C","synonymous|TTN|ENST00000342992|protein_coding|-|4020I|179598228A>T,synonymous|TTN|ENST00000589042|protein_coding|-|5264I|179598228A>T,synonymous|TTN|ENST00000591111|protein_coding|-|4947I|179598228A>T"
179598228,A,G,A,REF_outside_scope,,0,"synonymous|TTN|ENST00000342992|protein_coding|-|4020I|179598228A>G,synonymous|TTN|ENST00000589042|protein_coding|-|5264I|179598228A>G,synonymous|TTN|ENST00000591111|protein_coding|-|4947I|179598228A>G",
179598228,A,G,C,scored,0.34,0,"synonymous|TTN|ENST00000342992|protein_coding|-|4020I|179598228A>G,synonymous|TTN|ENST00000589042|protein_coding|-|5264I|179598228A>G,synonymous|TTN|ENST00000591111|protein_coding|-|4947I|179598228A>G","missense|TTN|ENST00000342992|protein_coding|-|4020I>4020M|179598228A>C,missense|TTN|ENST00000589042|protein_coding|-|5264I>5264M|179598228A>C,missense|TTN|ENST00000591111|protein_coding|-|4947I>4947M|179598228A>C"
179598228,A,G,T,scored,0.0,0,"synonymous|TTN|ENST00000342992|protein_coding|-|4020I|179598228A>G,synonymous|TTN|ENST00000589042|protein_coding|-|5264I|179598228A>G,synonymous|TTN|ENST00000591111|protein_coding|-|4947I|179598228A>G","synonymous|TTN|ENST00000342992|protein_coding|-|4020I|179598228A>T,synonymous|TTN|ENST00000589042|protein_coding|-|5264I|179598228A>T,synonymous|TTN|ENST00000591111|protein_coding|-|4947I|179598228A>T"
179598228,A,T,A,REF_outside_scope,,0,"synonymous|TTN|ENST00000342992|protein_coding|-|4020I|179598228A>T,synonymous|TTN|ENST00000589042|protein_coding|-|5264I|179598228A>T,synonymous|TTN|ENST00000591111|protein_coding|-|4947I|179598228A>T",
179598228,A,T,C,scored,0.34,0,"synonymous|TTN|ENST00000342992|protein_coding|-|4020I|179598228A>T,synonymous|TTN|ENST00000589042|protein_coding|-|5264I|179598228A>T,synonymous|TTN|ENST00000591111|protein_coding|-|4947I|179598228A>T","missense|TTN|ENST00000342992|protein_coding|-|4020I>4020M|179598228A>C,missense|TTN|ENST00000589042|protein_coding|-|5264I>5264M|179598228A>C,missense|TTN|ENST00000591111|protein_coding|-|4947I>4947M|179598228A>C"
179598228,A,T,G,scored,0.0,0,"synonymous|TTN|ENST00000342992|protein_coding|-|4020I|179598228A>T,synonymous|TTN|ENST00000589042|protein_coding|-|5264I|179598228A>T,synonymous|TTN|ENST00000591111|protein_coding|-|4947I|179598228A>T","synonymous|TTN|ENST00000342992|protein_coding|-|4020I|179598228A>G,synonymous|TTN|ENST00000589042|protein_coding|-|5264I|179598228A>G,synonymous|TTN|ENST00000591111|protein_coding|-|4947I|179598228A>G"
179600563,G,A,C,scored,0.0,0,"synonymous|TTN|ENST00000342992|protein_coding|-|3626S|179600563G>A,synonymous|TTN|ENST00000589042|protein_coding|-|4870S|179600563G>A,synonymous|TTN|ENST00000591111|protein_coding|-|4553S|179600563G>A","synonymous|TTN|ENST00000342992|protein_coding|-|3626S|179600563G>C,synonymous|TTN|ENST00000589042|protein_coding|-|4870S|179600563G>C,synonymous|TTN|ENST00000591111|protein_coding|-|4553S|179600563G>C"
179600563,G,A,G,REF_outside_scope,,0,"synonymous|TTN|ENST00000342992|protein_coding|-|3626S|179600563G>A,synonymous|TTN|ENST00000589042|protein_coding|-|4870S|179600563G>A,synonymous|TTN|ENST00000591111|protein_coding|-|4553S|179600563G>A",
179600563,G,A,T,scored,0.0,0,"synonymous|TTN|ENST00000342992|protein_coding|-|3626S|179600563G>A,synonymous|TTN|ENST00000589042|protein_coding|-|4870S|179600563G>A,synonymous|TTN|ENST00000591111|protein_coding|-|4553S|179600563G>A","synonymous|TTN|ENST00000342992|protein_coding|-|3626S|179600563G>T,synonymous|TTN|ENST00000589042|protein_coding|-|4870S|179600563G>T,synonymous|TTN|ENST00000591111|protein_coding|-|4553S|179600563G>T"
179600563,G,C,A,scored,0.0,0,"synonymous|TTN|ENST00000342992|protein_coding|-|3626S|179600563G>C,synonymous|TTN|ENST00000589042|protein_coding|-|4870S|179600563G>C,synonymous|TTN|ENST00000591111|protein_coding|-|4553S|179600563G>C","synonymous|TTN|ENST00000342992|protein_coding|-|3626S|179600563G>A,synonymous|TTN|ENST00000589042|protein_coding|-|4870S|179600563G>A,synonymous|TTN|ENST00000591111|protein_coding|-|4553S|179600563G>A"
179600563,G,C,G,REF_outside_scope,,0,"synonymous|TTN|ENST00000342992|protein_coding|-|3626S|179600563G>C,synonymous|TTN|ENST00000589042|protein_coding|-|4870S|179600563G>C,synonymous|TTN|ENST00000591111|protein_coding|-|4553S|179600563G>C",
179600563,G,C,T,scored,0.0,0,"synonymous|TTN|ENST00000342992|protein_coding|-|3626S|179600563G>C,synonymous|TTN|ENST00000589042|protein_coding|-|4870S|179600563G>C,synonymous|TTN|ENST00000591111|protein_coding|-|4553S|179600563G>C","synonymous|TTN|ENST00000342992|protein_coding|-|3626S|179600563G>T,synonymous|TTN|ENST00000589042|protein_coding|-|4870S|179600563G>T,synonymous|TTN|ENST00000591111|protein_coding|-|4553S|179600563G>T"
179600563,G,G,A,REF_outside_scope,,0,,"synonymous|TTN|ENST00000342992|protein_coding|-|3626S|179600563G>A,synonymous|TTN|ENST00000589042|protein_coding|-|4870S|179600563G>A,synonymous|TTN|ENST00000591111|protein_coding|-|4553S|179600563G>A"
179600563,G,G,C,REF_outside_scope,,0,,"synonymous|TTN|ENST00000342992|protein_coding|-|3626S|179600563G>C,synonymous|TTN|ENST00000589042|protein_coding|-|4870S|179600563G>C,synonymous|TTN|ENST00000591111|protein_coding|-|4553S|179600563G>C"
179600563,G,G,T,REF_outside_scope,,0,,"synonymous|TTN|ENST00000342992|protein_coding|-|3626S|179600563G>T,synonymous|TTN|ENST00000589042|protein_coding|-|4870S|179600563G>T,synonymous|TTN|ENST00000591111|protein_coding|-|4553S|179600563G>T"
179600563,G,T,A,scored,0.0,0,"synonymous|TTN|ENST00000342992|protein_coding|-|3626S|179600563G>T,synonymous|TTN|ENST00000589042|protein_coding|-|4870S|179600563G>T,synonymous|TTN|ENST00000591111|protein_coding|-|4553S|179600563G>T","synonymous|TTN|ENST00000342992|protein_coding|-|3626S|179600563G>A,synonymous|TTN|ENST00000589042|protein_coding|-|4870S|179600563G>A,synonymous|TTN|ENST00000591111|protein_coding|-|4553S|179600563G>A"
179600563,G,T,C,scored,0.0,0,"synonymous|TTN|ENST00000342992|protein_coding|-|3626S|179600563G>T,synonymous|TTN|ENST00000589042|protein_coding|-|4870S|179600563G>T,synonymous|TTN|ENST00000591111|protein_coding|-|4553S|179600563G>T","synonymous|TTN|ENST00000342992|protein_coding|-|3626S|179600563G>C,synonymous|TTN|ENST00000589042|protein_coding|-|4870S|179600563G>C,synonymous|TTN|ENST00000591111|protein_coding|-|4553S|179600563G>C"
179600563,G,T,G,REF_outside_scope,,0,"synonymous|TTN|ENST00000342992|protein_coding|-|3626S|179600563G>T,synonymous|TTN|ENST00000589042|protein_coding|-|4870S|179600563G>T,synonymous|TTN|ENST00000591111|protein_coding|-|4553S|179600563G>T",
179605180,C,A,C,REF_outside_scope,,0,"synonymous|TTN|ENST00000460472|protein_coding|-|3897A|179605180C>A,synonymous|TTN|ENST00000589042|protein_coding|-|4260A|179605180C>A,synonymous|TTN|ENST00000591111|protein_coding|-|3943A|179605180C>A,synonymous|TTN|ENST00000342175|protein_coding|-|4089A|179605180C>A,synonymous|TTN|ENST00000359218|protein_coding|-|4022A|179605180C>A",
179605180,C,A,G,scored,0.0,0,"synonymous|TTN|ENST00000460472|protein_coding|-|3897A|179605180C>A,synonymous|TTN|ENST00000589042|protein_coding|-|4260A|179605180C>A,synonymous|TTN|ENST00000591111|protein_coding|-|3943A|179605180C>A,synonymous|TTN|ENST00000342175|protein_coding|-|4089A|179605180C>A,synonymous|TTN|ENST00000359218|protein_coding|-|4022A|179605180C>A","synonymous|TTN|ENST00000460472|protein_coding|-|3897A|179605180C>G,synonymous|TTN|ENST00000589042|protein_coding|-|4260A|179605180C>G,synonymous|TTN|ENST00000591111|protein_coding|-|3943A|179605180C>G,synonymous|TTN|ENST00000342175|protein_coding|-|4089A|179605180C>G,synonymous|TTN|ENST00000359218|protein_coding|-|4022A|179605180C>G"
179605180,C,A,T,scored,0.0,0,"synonymous|TTN|ENST00000460472|protein_coding|-|3897A|179605180C>A,synonymous|TTN|ENST00000589042|protein_coding|-|4260A|179605180C>A,synonymous|TTN|ENST00000591111|protein_coding|-|3943A|179605180C>A,synonymous|TTN|ENST00000342175|protein_coding|-|4089A|179605180C>A,synonymous|TTN|ENST00000359218|protein_coding|-|4022A|179605180C>A","synonymous|TTN|ENST00000460472|protein_coding|-|3897A|179605180C>T,synonymous|TTN|ENST00000589042|protein_coding|-|4260A|179605180C>T,synonymous|TTN|ENST00000591111|protein_coding|-|3943A|179605180C>T,synonymous|TTN|ENST00000342175|protein_coding|-|4089A|179605180C>T,synonymous|TTN|ENST00000359218|protein_coding|-|4022A|179605180C>T"
179605180,C,C,A,REF_outside_scope,,0,,"synonymous|TTN|ENST00000460472|protein_coding|-|3897A|179605180C>A,synonymous|TTN|ENST00000589042|protein_coding|-|4260A|179605180C>A,synonymous|TTN|ENST00000591111|protein_coding|-|3943A|179605180C>A,synonymous|TTN|ENST00000342175|protein_coding|-|4089A|179605180C>A,synonymous|TTN|ENST00000359218|protein_coding|-|4022A|179605180C>A"
179605180,C,C,G,REF_outside_scope,,0,,"synonymous|TTN|ENST00000460472|protein_coding|-|3897A|179605180C>G,synonymous|TTN|ENST00000589042|protein_coding|-|4260A|179605180C>G,synonymous|TTN|ENST00000591111|protein_coding|-|3943A|179605180C>G,synonymous|TTN|ENST00000342175|protein_coding|-|4089A|179605180C>G,synonymous|TTN|ENST00000359218|protein_coding|-|4022A|179605180C>G"
179605180,C,C,T,REF_outside_scope,,0,,"synonymous|TTN|ENST00000460472|protein_coding|-|3897A|179605180C>T,synonymous|TTN|ENST00000589042|protein_coding|-|4260A|179605180C>T,synonymous|TTN|ENST00000591111|protein_coding|-|3943A|179605180C>T,synonymous|TTN|ENST00000342175|protein_coding|-|4089A|179605180C>T,synonymous|TTN|ENST00000359218|protein_coding|-|4022A|179605180C>T"
179605180,C,G,A,scored,0.0,0,"synonymous|TTN|ENST00000460472|protein_coding|-|3897A|179605180C>G,synonymous|TTN|ENST00000589042|protein_coding|-|4260A|179605180C>G,synonymous|TTN|ENST00000591111|protein_coding|-|3943A|179605180C>G,synonymous|TTN|ENST00000342175|protein_coding|-|4089A|179605180C>G,synonymous|TTN|ENST00000359218|protein_coding|-|4022A|179605180C>G","synonymous|TTN|ENST00000460472|protein_coding|-|3897A|179605180C>A,synonymous|TTN|ENST00000589042|protein_coding|-|4260A|179605180C>A,synonymous|TTN|ENST00000591111|protein_coding|-|3943A|179605180C>A,synonymous|TTN|ENST00000342175|protein_coding|-|4089A|179605180C>A,synonymous|TTN|ENST00000359218|protein_coding|-|4022A|179605180C>A"
179605180,C,G,C,REF_outside_scope,,0,"synonymous|TTN|ENST00000460472|protein_coding|-|3897A|179605180C>G,synonymous|TTN|ENST00000589042|protein_coding|-|4260A|179605180C>G,synonymous|TTN|ENST00000591111|protein_coding|-|3943A|179605180C>G,synonymous|TTN|ENST00000342175|protein_coding|-|4089A|179605180C>G,synonymous|TTN|ENST00000359218|protein_coding|-|4022A|179605180C>G",
179605180,C,G,T,scored,0.0,0,"synonymous|TTN|ENST00000460472|protein_coding|-|3897A|179605180C>G,synonymous|TTN|ENST00000589042|protein_coding|-|4260A|179605180C>G,synonymous|TTN|ENST00000591111|protein_coding|-|3943A|179605180C>G,synonymous|TTN|ENST00000342175|protein_coding|-|4089A|179605180C>G,synonymous|TTN|ENST00000359218|protein_coding|-|4022A|179605180C>G","synonymous|TTN|ENST00000460472|protein_coding|-|3897A|179605180C>T,synonymous|TTN|ENST00000589042|protein_coding|-|4260A|179605180C>T,synonymous|TTN|ENST00000591111|protein_coding|-|3943A|179605180C>T,synonymous|TTN|ENST00000342175|protein_coding|-|4089A|179605180C>T,synonymous|TTN|ENST00000359218|protein_coding|-|4022A|179605180C>T"
179605180,C,T,A,scored,0.0,0,"synonymous|TTN|ENST00000460472|protein_coding|-|3897A|179605180C>T,synonymous|TTN|ENST00000589042|protein_coding|-|4260A|179605180C>T,synonymous|TTN|ENST00000591111|protein_coding|-|3943A|179605180C>T,synonymous|TTN|ENST00000342175|protein_coding|-|4089A|179605180C>T,synonymous|TTN|ENST00000359218|protein_coding|-|4022A|179605180C>T","synonymous|TTN|ENST00000460472|protein_coding|-|3897A|179605180C>A,synonymous|TTN|ENST00000589042|protein_coding|-|4260A|179605180C>A,synonymous|TTN|ENST00000591111|protein_coding|-|3943A|179605180C>A,synonymous|TTN|ENST00000342175|protein_coding|-|4089A|179605180C>A,synonymous|TTN|ENST00000359218|protein_coding|-|4022A|179605180C>A"
179605180,C,T,C,REF_outside_scope,,0,"synonymous|TTN|ENST00000460472|protein_coding|-|3897A|179605180C>T,synonymous|TTN|ENST00000589042|protein_coding|-|4260A|179605180C>T,synonymous|TTN|ENST00000591111|protein_coding|-|3943A|179605180C>T,synonymous|TTN|ENST00000342175|protein_coding|-|4089A|179605180C>T,synonymous|TTN|ENST00000359218|protein_coding|-|4022A|179605180C>T",
179605180,C,T,G,scored,0.0,0,"synonymous|TTN|ENST00000460472|protein_coding|-|3897A|179605180C>T,synonymous|TTN|ENST00000589042|protein_coding|-|4260A|179605180C>T,synonymous|TTN|ENST00000591111|protein_coding|-|3943A|179605180C>T,synonymous|TTN|ENST00000342175|protein_coding|-|4089A|179605180C>T,synonymous|TTN|ENST00000359218|protein_coding|-|4022A|179605180C>T","synonymous|TTN|ENST00000460472|protein_coding|-|3897A|179605180C>G,synonymous|TTN|ENST00000589042|protein_coding|-|4260A|179605180C>G,synonymous|TTN|ENST00000591111|protein_coding|-|3943A|179605180C>G,synonymous|TTN|ENST00000342175|protein_coding|-|4089A|179605180C>G,synonymous|TTN|ENST00000359218|protein_coding|-|4022A|179605180C>G"
179614952,A,A,C,REF_outside_scope,,0,,missense|TTN|ENST00000360870|protein_coding|-|4059L>4059V|179614952A>C
179614952,A,A,G,REF_outside_scope,,0,,synonymous|TTN|ENST00000360870|protein_coding|-|4059L|179614952A>G
179614952,A,A,T,REF_outside_scope,,0,,missense|TTN|ENST00000360870|protein_coding|-|4059L>4059I|179614952A>T
179614952,A,C,A,REF_outside_scope,,0,missense|TTN|ENST00000360870|protein_coding|-|4059L>4059V|179614952A>C,
179614952,A,C,G,scored,-0.34,6,missense|TTN|ENST00000360870|protein_coding|-|4059L>4059V|179614952A>C,synonymous|TTN|ENST00000360870|protein_coding|-|4059L|179614952A>G
179614952,A,C,T,scored,0.0,0,missense|TTN|ENST00000360870|protein_coding|-|4059L>4059V|179614952A>C,missense|TTN|ENST00000360870|protein_coding|-|4059L>4059I|179614952A>T
179614952,A,G,A,REF_outside_scope,,0,synonymous|TTN|ENST00000360870|protein_coding|-|4059L|179614952A>G,
179614952,A,G,C,scored,0.34,0,synonymous|TTN|ENST00000360870|protein_coding|-|4059L|179614952A>G,missense|TTN|ENST00000360870|protein_coding|-|4059L>4059V|179614952A>C
179614952,A,G,T,scored,0.34,0,synonymous|TTN|ENST00000360870|protein_coding|-|4059L|179614952A>G,missense|TTN|ENST00000360870|protein_coding|-|4059L>4059I|179614952A>T
179614952,A,T,A,REF_outside_scope,,0,missense|TTN|ENST00000360870|protein_coding|-|4059L>4059I|179614952A>T,
179614952,A,T,C,scored,0.0,0,missense|TTN|ENST00000360870|protein_coding|-|4059L>4059I|179614952A>T,missense|TTN|ENST00000360870|protein_coding|-|4059L>4059V|179614952A>C
179614952,A,T,G,scored,-0.34,4,missense|TTN|ENST00000360870|protein_coding|-|4059L>4059I|179614952A>T,synonymous|TTN|ENST00000360870|protein_coding|-|4059L|179614952A>G
179615887,T,A,C,scored,0.0,0,missense|TTN|ENST00000360870|protein_coding|-|3747D>3747V|179615887T>A,missense|TTN|ENST00000360870|protein_coding|-|3747D>3747G|179615887T>C
179615887,T,A,G,scored,0.0,0,missense|TTN|ENST00000360870|protein_coding|-|3747D>3747V|179615887T>A,missense|TTN|ENST00000360870|protein_coding|-|3747D>3747A|179615887T>G
179615887,T,A,T,REF_outside_scope,,0,missense|TTN|ENST00000360870|protein_coding|-|3747D>3747V|179615887T>A,
179615887,T,C,A,scored,0.0,0,missense|TTN|ENST00000360870|protein_coding|-|3747D>3747G|179615887T>C,missense|TTN|ENST00000360870|protein_coding|-|3747D>3747V|179615887T>A
179615887,T,C,G,scored,0.0,0,missense|TTN|ENST00000360870|protein_coding|-|3747D>3747G|179615887T>C,missense|TTN|ENST00000360870|protein_coding|-|3747D>3747A|179615887T>G
179615887,T,C,T,REF_outside_scope,,0,missense|TTN|ENST00000360870|protein_coding|-|3747D>3747G|179615887T>C,
179615887,T,G,A,scored,0.0,0,missense|TTN|ENST00000360870|protein_coding|-|3747D>3747A|179615887T>G,missense|TTN|ENST00000360870|protein_coding|-|3747D>3747V|179615887T>A
179615887,T,G,C,scored,0.0,0,missense|TTN|ENST00000360870|protein_coding|-|3747D>3747A|179615887T>G,missense|TTN|ENST00000360870|protein_coding|-|3747D>3747G|179615887T>C
179615887,T,G,T,REF_outside_scope,,0,missense|TTN|ENST00000360870|protein_coding|-|3747D>3747A|179615887T>G,
179615887,T,T,A,REF_outside_scope,,0,,missense|TTN|ENST00000360870|protein_coding|-|3747D>3747V|179615887T>A
179615887,T,T,C,REF_outside_scope,,0,,missense|TTN|ENST00000360870|protein_coding|-|3747D>3747G|179615887T>C
179615887,T,T,G,REF_outside_scope,,0,,missense|TTN|ENST00000360870|protein_coding|-|3747D>3747A|179615887T>G
179615931,C,A,C,REF_outside_scope,,0,missense|TTN|ENST00000360870|protein_coding|-|3732L>3732F|179615931C>A,
179615931,C,A,G,scored,0.0,0,missense|TTN|ENST00000360870|protein_coding|-|3732L>3732F|179615931C>A,missense|TTN|ENST00000360870|protein_coding|-|3732L>3732F|179615931C>G
179615931,C,A,T,scored,-0.34,5,missense|TTN|ENST00000360870|protein_coding|-|3732L>3732F|179615931C>A,synonymous|TTN|ENST00000360870|protein_coding|-|3732L|179615931C>T
179615931,C,C,A,REF_outside_scope,,0,,missense|TTN|ENST00000360870|protein_coding|-|3732L>3732F|179615931C>A
179615931,C,C,G,REF_outside_scope,,0,,missense|TTN|ENST00000360870|protein_coding|-|3732L>3732F|179615931C>G
179615931,C,C,T,REF_outside_scope,,0,,synonymous|TTN|ENST00000360870|protein_coding|-|3732L|179615931C>T
179615931,C,G,A,scored,0.0,0,missense|TTN|ENST00000360870|protein_coding|-|3732L>3732F|179615931C>G,missense|TTN|ENST00000360870|protein_coding|-|3732L>3732F|179615931C>A
179615931,C,G,C,REF_outside_scope,,0,missense|TTN|ENST00000360870|protein_coding|-|3732L>3732F|179615931C>G,
179615931,C,G,T,scored,-0.34,0,missense|TTN|ENST00000360870|protein_coding|-|3732L>3732F|179615931C>G,synonymous|TTN|ENST00000360870|protein_coding|-|3732L|179615931C>T
179615931,C,T,A,scored,0.34,0,synonymous|TTN|ENST00000360870|protein_coding|-|3732L|179615931C>T,missense|TTN|ENST00000360870|protein_coding|-|3732L>3732F|179615931C>A
179615931,C,T,C,REF_outside_scope,,0,synonymous|TTN|ENST00000360870|protein_coding|-|3732L|179615931C>T,
179615931,C,T,G,scored,0.34,0,synonymous|TTN|ENST00000360870|protein_coding|-|3732L|179615931C>T,missense|TTN|ENST00000360870|protein_coding|-|3732L>3732F|179615931C>G
179615994,T,A,C,scored,0.0,0,synonymous|TTN|ENST00000360870|protein_coding|-|3711T|179615994T>A,synonymous|TTN|ENST00000360870|protein_coding|-|3711T|179615994T>C
179615994,T,A,G,scored,0.0,0,synonymous|TTN|ENST00000360870|protein_coding|-|3711T|179615994T>A,synonymous|TTN|ENST00000360870|protein_coding|-|3711T|179615994T>G
179615994,T,A,T,REF_outside_scope,,0,synonymous|TTN|ENST00000360870|protein_coding|-|3711T|179615994T>A,
179615994,T,C,A,scored,0.0,0,synonymous|TTN|ENST00000360870|protein_coding|-|3711T|179615994T>C,synonymous|TTN|ENST00000360870|protein_coding|-|3711T|179615994T>A
179615994,T,C,G,scored,0.0,0,synonymous|TTN|ENST00000360870|protein_coding|-|3711T|179615994T>C,synonymous|TTN|ENST00000360870|protein_coding|-|3711T|179615994T>G
179615994,T,C,T,REF_outside_scope,,0,synonymous|TTN|ENST00000360870|protein_coding|-|3711T|179615994T>C,
179615994,T,G,A,scored,0.0,0,synonymous|TTN|ENST00000360870|protein_coding|-|3711T|179615994T>G,synonymous|TTN|ENST00000360870|protein_coding|-|3711T|179615994T>A
179615994,T,G,C,scored,0.0,0,synonymous|TTN|ENST00000360870|protein_coding|-|3711T|179615994T>G,synonymous|TTN|ENST00000360870|protein_coding|-|3711T|179615994T>C
179615994,T,G,T,REF_outside_scope,,0,synonymous|TTN|ENST00000360870|protein_coding|-|3711T|179615994T>G,
179615994,T,T,A,REF_outside_scope,,0,,synonymous|TTN|ENST00000360870|protein_coding|-|3711T|179615994T>A
179615994,T,T,C,REF_outside_scope,,0,,synonymous|TTN|ENST00000360870|protein_coding|-|3711T|179615994T>C
179615994,T,T,G,REF_outside_scope,,0,,synonymous|TTN|ENST00000360870|protein_coding|-|3711T|179615994T>G
179620951,C,A,C,REF_outside_scope,,0,"splice_region|TTN|ENST00000589042|protein_coding,missense|TTN|ENST00000589042|protein_coding|-|3751G>3751V|179620951C>A,splice_region|TTN|ENST00000342175|protein_coding,missense|TTN|ENST00000342175|protein_coding|-|3580G>3580V|179620951C>A",
179620951,C,A,G,scored,0.0,0,"splice_region|TTN|ENST00000589042|protein_coding,missense|TTN|ENST00000589042|protein_coding|-|3751G>3751V|179620951C>A,splice_region|TTN|ENST00000342175|protein_coding,missense|TTN|ENST00000342175|protein_coding|-|3580G>3580V|179620951C>A","splice_region|TTN|ENST00000589042|protein_coding,missense|TTN|ENST00000589042|protein_coding|-|3751G>3751A|179620951C>G,splice_region|TTN|ENST00000342175|protein_coding,missense|TTN|ENST00000342175|protein_coding|-|3580G>3580A|179620951C>G"
179620951,C,A,T,scored,0.0,0,"splice_region|TTN|ENST00000589042|protein_coding,missense|TTN|ENST00000589042|protein_coding|-|3751G>3751V|179620951C>A,splice_region|TTN|ENST00000342175|protein_coding,missense|TTN|ENST00000342175|protein_coding|-|3580G>3580V|179620951C>A","splice_region|TTN|ENST00000589042|protein_coding,missense|TTN|ENST00000589042|protein_coding|-|3751G>3751D|179620951C>T,splice_region|TTN|ENST00000342175|protein_coding,missense|TTN|ENST00000342175|protein_coding|-|3580G>3580D|179620951C>T"
179620951,C,C,A,REF_outside_scope,,0,,"splice_region|TTN|ENST00000589042|protein_coding,missense|TTN|ENST00000589042|protein_coding|-|3751G>3751V|179620951C>A,splice_region|TTN|ENST00000342175|protein_coding,missense|TTN|ENST00000342175|protein_coding|-|3580G>3580V|179620951C>A"
179620951,C,C,G,REF_outside_scope,,0,,"splice_region|TTN|ENST00000589042|protein_coding,missense|TTN|ENST00000589042|protein_coding|-|3751G>3751A|179620951C>G,splice_region|TTN|ENST00000342175|protein_coding,missense|TTN|ENST00000342175|protein_coding|-|3580G>3580A|179620951C>G"
179620951,C,C,T,REF_outside_scope,,0,,"splice_region|TTN|ENST00000589042|protein_coding,missense|TTN|ENST00000589042|protein_coding|-|3751G>3751D|179620951C>T,splice_region|TTN|ENST00000342175|protein_coding,missense|TTN|ENST00000342175|protein_coding|-|3580G>3580D|179620951C>T"
179620951,C,G,A,scored,0.0,0,"splice_region|TTN|ENST00000589042|protein_coding,missense|TTN|ENST00000589042|protein_coding|-|3751G>3751A|179620951C>G,splice_region|TTN|ENST00000342175|protein_coding,missense|TTN|ENST00000342175|protein_coding|-|3580G>3580A|179620951C>G","splice_region|TTN|ENST00000589042|protein_coding,missense|TTN|ENST00000589042|protein_coding|-|3751G>3751V|179620951C>A,splice_region|TTN|ENST00000342175|protein_coding,missense|TTN|ENST00000342175|protein_coding|-|3580G>3580V|179620951C>A"
179620951,C,G,C,REF_outside_scope,,0,"splice_region|TTN|ENST00000589042|protein_coding,missense|TTN|ENST00000589042|protein_coding|-|3751G>3751A|179620951C>G,splice_region|TTN|ENST00000342175|protein_coding,missense|TTN|ENST00000342175|protein_coding|-|3580G>3580A|179620951C>G",
179620951,C,G,T,scored,0.0,0,"splice_region|TTN|ENST00000589042|protein_coding,missense|TTN|ENST00000589042|protein_coding|-|3751G>3751A|179620951C>G,splice_region|TTN|ENST00000342175|protein_coding,missense|TTN|ENST00000342175|protein_coding|-|3580G>3580A|179620951C>G","splice_region|TTN|ENST00000589042|protein_coding,missense|TTN|ENST00000589042|protein_coding|-|3751G>3751D|179620951C>T,splice_region|TTN|ENST00000342175|protein_coding,missense|TTN|ENST00000342175|protein_coding|-|3580G>3580D|179620951C>T"
179620951,C,T,A,scored,0.0,0,"splice_region|TTN|ENST00000589042|protein_coding,missense|TTN|ENST00000589042|protein_coding|-|3751G>3751D|179620951C>T,splice_region|TTN|ENST00000342175|protein_coding,missense|TTN|ENST00000342175|protein_coding|-|3580G>3580D|179620951C>T","splice_region|TTN|ENST00000589042|protein_coding,missense|TTN|ENST00000589042|protein_coding|-|3751G>3751V|179620951C>A,splice_region|TTN|ENST00000342175|protein_coding,missense|TTN|ENST00000342175|protein_coding|-|3580G>3580V|179620951C>A"
179620951,C,T,C,REF_outside_scope,,0,"splice_region|TTN|ENST00000589042|protein_coding,missense|TTN|ENST00000589042|protein_coding|-|3751G>3751D|179620951C>T,splice_region|TTN|ENST00000342175|protein_coding,missense|TTN|ENST00000342175|protein_coding|-|3580G>3580D|179620951C>T",
179620951,C,T,G,scored,0.0,0,"splice_region|TTN|ENST00000589042|protein_coding,missense|TTN|ENST00000589042|protein_coding|-|3751G>3751D|179620951C>T,splice_region|TTN|ENST00000342175|protein_coding,missense|TTN|ENST00000342175|protein_coding|-|3580G>3580D|179620951C>T","splice_region|TTN|ENST00000589042|protein_coding,missense|TTN|ENST00000589042|protein_coding|-|3751G>3751A|179620951C>G,splice_region|TTN|ENST00000342175|protein_coding,missense|TTN|ENST00000342175|protein_coding|-|3580G>3580A|179620951C>G"
179621477,C,A,C,REF_outside_scope,,0,"missense|TTN|ENST00000589042|protein_coding|-|3576A>3576S|179621477C>A,missense|TTN|ENST00000342175|protein_coding|-|3405A>3405S|179621477C>A",
179621477,C,A,G,scored,0.0,0,"missense|TTN|ENST00000589042|protein_coding|-|3576A>3576S|179621477C>A,missense|TTN|ENST00000342175|protein_coding|-|3405A>3405S|179621477C>A","missense|TTN|ENST00000589042|protein_coding|-|3576A>3576P|179621477C>G,missense|TTN|ENST00000342175|protein_coding|-|3405A>3405P|179621477C>G"
179621477,C,A,T,scored,0.0,0,"missense|TTN|ENST00000589042|protein_coding|-|3576A>3576S|179621477C>A,missense|TTN|ENST00000342175|protein_coding|-|3405A>3405S|179621477C>A","missense|TTN|ENST00000589042|protein_coding|-|3576A>3576T|179621477C>T,missense|TTN|ENST00000342175|protein_coding|-|3405A>3405T|179621477C>T"
179621477,C,C,A,REF_outside_scope,,0,,"missense|TTN|ENST00000589042|protein_coding|-|3576A>3576S|179621477C>A,missense|TTN|ENST00000342175|protein_coding|-|3405A>3405S|179621477C>A"
179621477,C,C,G,REF_outside_scope,,0,,"missense|TTN|ENST00000589042|protein_coding|-|3576A>3576P|179621477C>G,missense|TTN|ENST00000342175|protein_coding|-|3405A>3405P|179621477C>G"
179621477,C,C,T,REF_outside_scope,,0,,"missense|TTN|ENST00000589042|protein_coding|-|3576A>3576T|179621477C>T,missense|TTN|ENST00000342175|protein_coding|-|3405A>3405T|179621477C>T"
179621477,C,G,A,scored,0.0,0,"missense|TTN|ENST00000589042|protein_coding|-|3576A>3576P|179621477C>G,missense|TTN|ENST00000342175|protein_coding|-|3405A>3405P|179621477C>G","missense|TTN|ENST00000589042|protein_coding|-|3576A>3576S|179621477C>A,missense|TTN|ENST00000342175|protein_coding|-|3405A>3405S|179621477C>A"
179621477,C,G,C,REF_outside_scope,,0,"missense|TTN|ENST00000589042|protein_coding|-|3576A>3576P|179621477C>G,missense|TTN|ENST00000342175|protein_coding|-|3405A>3405P|179621477C>G",
179621477,C,G,T,scored,0.0,0,"missense|TTN|ENST00000589042|protein_coding|-|3576A>3576P|179621477C>G,missense|TTN|ENST00000342175|protein_coding|-|3405A>3405P|179621477C>G","missense|TTN|ENST00000589042|protein_coding|-|3576A>3576T|179621477C>T,missense|TTN|ENST00000342175|protein_coding|-|3405A>3405T|179621477C>T"
179621477,C,T,A,scored,0.0,0,"missense|TTN|ENST00000589042|protein_coding|-|3576A>3576T|179621477C>T,missense|TTN|ENST00000342175|protein_coding|-|3405A>3405T|179621477C>T","missense|TTN|ENST00000589042|protein_coding|-|3576A>3576S|179621477C>A,missense|TTN|ENST00000342175|protein_coding|-|3405A>3405S|179621477C>A"
179621477,C,T,C,REF_outside_scope,,0,"missense|TTN|ENST00000589042|protein_coding|-|3576A>3576T|179621477C>T,missense|TTN|ENST00000342175|protein_coding|-|3405A>3405T|179621477C>T",
179621477,C,T,G,scored,0.0,0,"missense|TTN|ENST00000589042|protein_coding|-|3576A>3576T|179621477C>T,missense|TTN|ENST00000342175|protein_coding|-|3405A>3405T|179621477C>T","missense|TTN|ENST00000589042|protein_coding|-|3576A>3576P|179621477C>G,missense|TTN|ENST00000342175|protein_coding|-|3405A>3405P|179621477C>G"
179623758,C,A,C,REF_outside_scope,,0,"missense|TTN|ENST00000342992|protein_coding|-|3419S>3419I|179623758C>A,missense|TTN|ENST00000460472|protein_coding|-|3373S>3373I|179623758C>A,missense|TTN|ENST00000589042|protein_coding|-|3419S>3419I|179623758C>A,missense|TTN|ENST00000591111|protein_coding|-|3419S>3419I|179623758C>A,missense|TTN|ENST00000342175|protein_coding|-|3373S>3373I|179623758C>A,missense|TTN|ENST00000359218|protein_coding|-|3373S>3373I|179623758C>A,missense|TTN|ENST00000360870|protein_coding|-|3419S>3419I|179623758C>A",
179623758,C,A,G,scored,0.0,0,"missense|TTN|ENST00000342992|protein_coding|-|3419S>3419I|179623758C>A,missense|TTN|ENST00000460472|protein_coding|-|3373S>3373I|179623758C>A,missense|TTN|ENST00000589042|protein_coding|-|3419S>3419I|179623758C>A,missense|TTN|ENST00000591111|protein_coding|-|3419S>3419I|179623758C>A,missense|TTN|ENST00000342175|protein_coding|-|3373S>3373I|179623758C>A,missense|TTN|ENST00000359218|protein_coding|-|3373S>3373I|179623758C>A,missense|TTN|ENST00000360870|protein_coding|-|3419S>3419I|179623758C>A","missense|TTN|ENST00000342992|protein_coding|-|3419S>3419T|179623758C>G,missense|TTN|ENST00000460472|protein_coding|-|3373S>3373T|179623758C>G,missense|TTN|ENST00000589042|protein_coding|-|3419S>3419T|179623758C>G,missense|TTN|ENST00000591111|protein_coding|-|3419S>3419T|179623758C>G,missense|TTN|ENST00000342175|protein_coding|-|3373S>3373T|179623758C>G,missense|TTN|ENST00000359218|protein_coding|-|3373S>3373T|179623758C>G,missense|TTN|ENST00000360870|protein_coding|-|3419S>3419T|179623758C>G"
179623758,C,A,T,scored,0.0,0,"missense|TTN|ENST00000342992|protein_coding|-|3419S>3419I|179623758C>A,missense|TTN|ENST00000460472|protein_coding|-|3373S>3373I|179623758C>A,missense|TTN|ENST00000589042|protein_coding|-|3419S>3419I|179623758C>A,missense|TTN|ENST00000591111|protein_coding|-|3419S>3419I|179623758C>A,missense|TTN|ENST00000342175|protein_coding|-|3373S>3373I|179623758C>A,missense|TTN|ENST00000359218|protein_coding|-|3373S>3373I|179623758C>A,missense|TTN|ENST00000360870|protein_coding|-|3419S>3419I|179623758C>A","missense|TTN|ENST00000342992|protein_coding|-|3419S>3419N|179623758C>T,missense|TTN|ENST00000460472|protein_coding|-|3373S>3373N|179623758C>T,missense|TTN|ENST00000589042|protein_coding|-|3419S>3419N|179623758C>T,missense|TTN|ENST00000591111|protein_coding|-|3419S>3419N|179623758C>T,missense|TTN|ENST00000342175|protein_coding|-|3373S>3373N|179623758C>T,missense|TTN|ENST00000359218|protein_coding|-|3373S>3373N|179623758C>T,missense|TTN|ENST00000360870|protein_coding|-|3419S>3419N|179623758C>T"
179623758,C,C,A,REF_outside_scope,,0,,"missense|TTN|ENST00000342992|protein_coding|-|3419S>3419I|179623758C>A,missense|TTN|ENST00000460472|protein_coding|-|3373S>3373I|179623758C>A,missense|TTN|ENST00000589042|protein_coding|-|3419S>3419I|179623758C>A,missense|TTN|ENST00000591111|protein_coding|-|3419S>3419I|179623758C>A,missense|TTN|ENST00000342175|protein_coding|-|3373S>3373I|179623758C>A,missense|TTN|ENST00000359218|protein_coding|-|3373S>3373I|179623758C>A,missense|TTN|ENST00000360870|protein_coding|-|3419S>3419I|179623758C>A"
179623758,C,C,G,REF_outside_scope,,0,,"missense|TTN|ENST00000342992|protein_coding|-|3419S>3419T|179623758C>G,missense|TTN|ENST00000460472|protein_coding|-|3373S>3373T|179623758C>G,missense|TTN|ENST00000589042|protein_coding|-|3419S>3419T|179623758C>G,missense|TTN|ENST00000591111|protein_coding|-|3419S>3419T|179623758C>G,missense|TTN|ENST00000342175|protein_coding|-|3373S>3373T|179623758C>G,missense|TTN|ENST00000359218|protein_coding|-|3373S>3373T|179623758C>G,missense|TTN|ENST00000360870|protein_coding|-|3419S>3419T|179623758C>G"
179623758,C,C,T,REF_outside_scope,,0,,"missense|TTN|ENST00000342992|protein_coding|-|3419S>3419N|179623758C>T,missense|TTN|ENST00000460472|protein_coding|-|3373S>3373N|179623758C>T,missense|TTN|ENST00000589042|protein_coding|-|3419S>3419N|179623758C>T,missense|TTN|ENST00000591111|protein_coding|-|3419S>3419N|179623758C>T,missense|TTN|ENST00000342175|protein_coding|-|3373S>3373N|179623758C>T,missense|TTN|ENST00000359218|protein_coding|-|3373S>3373N|179623758C>T,missense|TTN|ENST00000360870|protein_coding|-|3419S>3419N|179623758C>T"
179623758,C,G,A,scored,0.0,0,"missense|TTN|ENST00000342992|protein_coding|-|3419S>3419T|179623758C>G,missense|TTN|ENST00000460472|protein_coding|-|3373S>3373T|179623758C>G,missense|TTN|ENST00000589042|protein_coding|-|3419S>3419T|179623758C>G,missense|TTN|ENST00000591111|protein_coding|-|3419S>3419T|179623758C>G,missense|TTN|ENST00000342175|protein_coding|-|3373S>3373T|179623758C>G,missense|TTN|ENST00000359218|protein_coding|-|3373S>3373T|179623758C>G,missense|TTN|ENST00000360870|protein_coding|-|3419S>3419T|179623758C>G","missense|TTN|ENST00000342992|protein_coding|-|3419S>3419I|179623758C>A,missense|TTN|ENST00000460472|protein_coding|-|3373S>3373I|179623758C>A,missense|TTN|ENST00000589042|protein_coding|-|3419S>3419I|179623758C>A,missense|TTN|ENST00000591111|protein_coding|-|3419S>3419I|179623758C>A,missense|TTN|ENST00000342175|protein_coding|-|3373S>3373I|179623758C>A,missense|TTN|ENST00000359218|protein_coding|-|3373S>3373I|179623758C>A,missense|TTN|ENST00000360870|protein_coding|-|3419S>3419I|179623758C>A"
179623758,C,G,C,REF_outside_scope,,0,"missense|TTN|ENST00000342992|protein_coding|-|3419S>3419T|179623758C>G,missense|TTN|ENST00000460472|protein_coding|-|3373S>3373T|179623758C>G,missense|TTN|ENST00000589042|protein_coding|-|3419S>3419T|179623758C>G,missense|TTN|ENST00000591111|protein_coding|-|3419S>3419T|179623758C>G,missense|TTN|ENST00000342175|protein_coding|-|3373S>3373T|179623758C>G,missense|TTN|ENST00000359218|protein_coding|-|3373S>3373T|179623758C>G,missense|TTN|ENST00000360870|protein_coding|-|3419S>3419T|179623758C>G",
179623758,C,G,T,scored,0.0,0,"missense|TTN|ENST00000342992|protein_coding|-|3419S>3419T|179623758C>G,missense|TTN|ENST00000460472|protein_coding|-|3373S>3373T|179623758C>G,missense|TTN|ENST00000589042|protein_coding|-|3419S>3419T|179623758C>G,missense|TTN|ENST00000591111|protein_coding|-|3419S>3419T|179623758C>G,missense|TTN|ENST00000342175|protein_coding|-|3373S>3373T|179623758C>G,missense|TTN|ENST00000359218|protein_coding|-|3373S>3373T|179623758C>G,missense|TTN|ENST00000360870|protein_coding|-|3419S>3419T|179623758C>G","missense|TTN|ENST00000342992|protein_coding|-|3419S>3419N|179623758C>T,missense|TTN|ENST00000460472|protein_coding|-|3373S>3373N|179623758C>T,missense|TTN|ENST00000589042|protein_coding|-|3419S>3419N|179623758C>T,missense|TTN|ENST00000591111|protein_coding|-|3419S>3419N|179623758C>T,missense|TTN|ENST00000342175|protein_coding|-|3373S>3373N|179623758C>T,missense|TTN|ENST00000359218|protein_coding|-|3373S>3373N|179623758C>T,missense|TTN|ENST00000360870|protein_coding|-|3419S>3419N|179623758C>T"
179623758,C,T,A,scored,0.0,0,"missense|TTN|ENST00000342992|protein_coding|-|3419S>3419N|179623758C>T,missense|TTN|ENST00000460472|protein_coding|-|3373S>3373N|179623758C>T,missense|TTN|ENST00000589042|protein_coding|-|3419S>3419N|179623758C>T,missense|TTN|ENST00000591111|protein_coding|-|3419S>3419N|179623758C>T,missense|TTN|ENST00000342175|protein_coding|-|3373S>3373N|179623758C>T,missense|TTN|ENST00000359218|protein_coding|-|3373S>3373N|179623758C>T,missense|TTN|ENST00000360870|protein_coding|-|3419S>3419N|179623758C>T","missense|TTN|ENST00000342992|protein_coding|-|3419S>3419I|179623758C>A,missense|TTN|ENST00000460472|protein_coding|-|3373S>3373I|179623758C>A,missense|TTN|ENST00000589042|protein_coding|-|3419S>3419I|179623758C>A,missense|TTN|ENST00000591111|protein_coding|-|3419S>3419I|179623758C>A,missense|TTN|ENST00000342175|protein_coding|-|3373S>3373I|179623758C>A,missense|TTN|ENST00000359218|protein_coding|-|3373S>3373I|179623758C>A,missense|TTN|ENST00000360870|protein_coding|-|3419S>3419I|179623758C>A"
179623758,C,T,C,REF_outside_scope,,0,"missense|TTN|ENST00000342992|protein_coding|-|3419S>3419N|179623758C>T,missense|TTN|ENST00000460472|protein_coding|-|3373S>3373N|179623758C>T,missense|TTN|ENST00000589042|protein_coding|-|3419S>3419N|179623758C>T,missense|TTN|ENST00000591111|protein_coding|-|3419S>3419N|179623758C>T,missense|TTN|ENST00000342175|protein_coding|-|3373S>3373N|179623758C>T,missense|TTN|ENST00000359218|protein_coding|-|3373S>3373N|179623758C>T,missense|TTN|ENST00000360870|protein_coding|-|3419S>3419N|179623758C>T",
179623758,C,T,G,scored,0.0,0,"missense|TTN|ENST00000342992|protein_coding|-|3419S>3419N|179623758C>T,missense|TTN|ENST00000460472|protein_coding|-|3373S>3373N|179623758C>T,missense|TTN|ENST00000589042|protein_coding|-|3419S>3419N|179623758C>T,missense|TTN|ENST00000591111|protein_coding|-|3419S>3419N|179623758C>T,missense|TTN|ENST00000342175|protein_coding|-|3373S>3373N|179623758C>T,missense|TTN|ENST00000359218|protein_coding|-|3373S>3373N|179623758C>T,missense|TTN|ENST00000360870|protein_coding|-|3419S>3419N|179623758C>T","missense|TTN|ENST00000342992|protein_coding|-|3419S>3419T|179623758C>G,missense|TTN|ENST00000460472|protein_coding|-|3373S>3373T|179623758C>G,missense|TTN|ENST00000589042|protein_coding|-|3419S>3419T|179623758C>G,missense|TTN|ENST00000591111|protein_coding|-|3419S>3419T|179623758C>G,missense|TTN|ENST00000342175|protein_coding|-|3373S>3373T|179623758C>G,missense|TTN|ENST00000359218|protein_coding|-|3373S>3373T|179623758C>G,missense|TTN|ENST00000360870|protein_coding|-|3419S>3419T|179623758C>G"
179629363,T,A,C,scored,-0.34,7,"missense|TTN|ENST00000342992|protein_coding|-|3293E>3293D|179629363T>A,missense|TTN|ENST00000460472|protein_coding|-|3247E>3247D|179629363T>A,missense|TTN|ENST00000589042|protein_coding|-|3293E>3293D|179629363T>A,missense|TTN|ENST00000591111|protein_coding|-|3293E>3293D|179629363T>A,missense|TTN|ENST00000342175|protein_coding|-|3247E>3247D|179629363T>A,missense|TTN|ENST00000359218|protein_coding|-|3247E>3247D|179629363T>A,missense|TTN|ENST00000360870|protein_coding|-|3293E>3293D|179629363T>A","synonymous|TTN|ENST00000342992|protein_coding|-|3293E|179629363T>C,synonymous|TTN|ENST00000460472|protein_coding|-|3247E|179629363T>C,synonymous|TTN|ENST00000589042|protein_coding|-|3293E|179629363T>C,synonymous|TTN|ENST00000591111|protein_coding|-|3293E|179629363T>C,synonymous|TTN|ENST00000342175|protein_coding|-|3247E|179629363T>C,synonymous|TTN|ENST00000359218|protein_coding|-|3247E|179629363T>C,synonymous|TTN|ENST00000360870|protein_coding|-|3293E|179629363T>C"
179629363,T,A,G,scored,0.0,0,"missense|TTN|ENST00000342992|protein_coding|-|3293E>3293D|179629363T>A,missense|TTN|ENST00000460472|protein_coding|-|3247E>3247D|179629363T>A,missense|TTN|ENST00000589042|protein_coding|-|3293E>3293D|179629363T>A,missense|TTN|ENST00000591111|protein_coding|-|3293E>3293D|179629363T>A,missense|TTN|ENST00000342175|protein_coding|-|3247E>3247D|179629363T>A,missense|TTN|ENST00000359218|protein_coding|-|3247E>3247D|179629363T>A,missense|TTN|ENST00000360870|protein_coding|-|3293E>3293D|179629363T>A","missense|TTN|ENST00000342992|protein_coding|-|3293E>3293D|179629363T>G,missense|TTN|ENST00000460472|protein_coding|-|3247E>3247D|179629363T>G,missense|TTN|ENST00000589042|protein_coding|-|3293E>3293D|179629363T>G,missense|TTN|ENST00000591111|protein_coding|-|3293E>3293D|179629363T>G,missense|TTN|ENST00000342175|protein_coding|-|3247E>3247D|179629363T>G,missense|TTN|ENST00000359218|protein_coding|-|3247E>3247D|179629363T>G,missense|TTN|ENST00000360870|protein_coding|-|3293E>3293D|179629363T>G"
179629363,T,A,T,REF_outside_scope,,0,"missense|TTN|ENST00000342992|protein_coding|-|3293E>3293D|179629363T>A,missense|TTN|ENST00000460472|protein_coding|-|3247E>3247D|179629363T>A,missense|TTN|ENST00000589042|protein_coding|-|3293E>3293D|179629363T>A,missense|TTN|ENST00000591111|protein_coding|-|3293E>3293D|179629363T>A,missense|TTN|ENST00000342175|protein_coding|-|3247E>3247D|179629363T>A,missense|TTN|ENST00000359218|protein_coding|-|3247E>3247D|179629363T>A,missense|TTN|ENST00000360870|protein_coding|-|3293E>3293D|179629363T>A",
179629363,T,C,A,scored,0.34,0,"synonymous|TTN|ENST00000342992|protein_coding|-|3293E|179629363T>C,synonymous|TTN|ENST00000460472|protein_coding|-|3247E|179629363T>C,synonymous|TTN|ENST00000589042|protein_coding|-|3293E|179629363T>C,synonymous|TTN|ENST00000591111|protein_coding|-|3293E|179629363T>C,synonymous|TTN|ENST00000342175|protein_coding|-|3247E|179629363T>C,synonymous|TTN|ENST00000359218|protein_coding|-|3247E|179629363T>C,synonymous|TTN|ENST00000360870|protein_coding|-|3293E|179629363T>C","missense|TTN|ENST00000342992|protein_coding|-|3293E>3293D|179629363T>A,missense|TTN|ENST00000460472|protein_coding|-|3247E>3247D|179629363T>A,missense|TTN|ENST00000589042|protein_coding|-|3293E>3293D|179629363T>A,missense|TTN|ENST00000591111|protein_coding|-|3293E>3293D|179629363T>A,missense|TTN|ENST00000342175|protein_coding|-|3247E>3247D|179629363T>A,missense|TTN|ENST00000359218|protein_coding|-|3247E>3247D|179629363T>A,missense|TTN|ENST00000360870|protein_coding|-|3293E>3293D|179629363T>A"
179629363,T,C,G,scored,0.34,0,"synonymous|TTN|ENST00000342992|protein_coding|-|3293E|179629363T>C,synonymous|TTN|ENST00000460472|protein_coding|-|3247E|179629363T>C,synonymous|TTN|ENST00000589042|protein_coding|-|3293E|179629363T>C,synonymous|TTN|ENST00000591111|protein_coding|-|3293E|179629363T>C,synonymous|TTN|ENST00000342175|protein_coding|-|3247E|179629363T>C,synonymous|TTN|ENST00000359218|protein_coding|-|3247E|179629363T>C,synonymous|TTN|ENST00000360870|protein_coding|-|3293E|179629363T>C","missense|TTN|ENST00000342992|protein_coding|-|3293E>3293D|179629363T>G,missense|TTN|ENST00000460472|protein_coding|-|3247E>3247D|179629363T>G,missense|TTN|ENST00000589042|protein_coding|-|3293E>3293D|179629363T>G,missense|TTN|ENST00000591111|protein_coding|-|3293E>3293D|179629363T>G,missense|TTN|ENST00000342175|protein_coding|-|3247E>3247D|179629363T>G,missense|TTN|ENST00000359218|protein_coding|-|3247E>3247D|179629363T>G,missense|TTN|ENST00000360870|protein_coding|-|3293E>3293D|179629363T>G"
179629363,T,C,T,REF_outside_scope,,0,"synonymous|TTN|ENST00000342992|protein_coding|-|3293E|179629363T>C,synonymous|TTN|ENST00000460472|protein_coding|-|3247E|179629363T>C,synonymous|TTN|ENST00000589042|protein_coding|-|3293E|179629363T>C,synonymous|TTN|ENST00000591111|protein_coding|-|3293E|179629363T>C,synonymous|TTN|ENST00000342175|protein_coding|-|3247E|179629363T>C,synonymous|TTN|ENST00000359218|protein_coding|-|3247E|179629363T>C,synonymous|TTN|ENST00000360870|protein_coding|-|3293E|179629363T>C",
179629363,T,G,A,scored,0.0,0,"missense|TTN|ENST00000342992|protein_coding|-|3293E>3293D|179629363T>G,missense|TTN|ENST00000460472|protein_coding|-|3247E>3247D|179629363T>G,missense|TTN|ENST00000589042|protein_coding|-|3293E>3293D|179629363T>G,missense|TTN|ENST00000591111|protein_coding|-|3293E>3293D|179629363T>G,missense|TTN|ENST00000342175|protein_coding|-|3247E>3247D|179629363T>G,missense|TTN|ENST00000359218|protein_coding|-|3247E>3247D|179629363T>G,missense|TTN|ENST00000360870|protein_coding|-|3293E>3293D|179629363T>G","missense|TTN|ENST00000342992|protein_coding|-|3293E>3293D|179629363T>A,missense|TTN|ENST00000460472|protein_coding|-|3247E>3247D|179629363T>A,missense|TTN|ENST00000589042|protein_coding|-|3293E>3293D|179629363T>A,missense|TTN|ENST00000591111|protein_coding|-|3293E>3293D|179629363T>A,missense|TTN|ENST00000342175|protein_coding|-|3247E>3247D|179629363T>A,missense|TTN|ENST00000359218|protein_coding|-|3247E>3247D|179629363T>A,missense|TTN|ENST00000360870|protein_coding|-|3293E>3293D|179629363T>A"
179629363,T,G,C,scored,-0.34,3,"missense|TTN|ENST00000342992|protein_coding|-|3293E>3293D|179629363T>G,missense|TTN|ENST00000460472|protein_coding|-|3247E>3247D|179629363T>G,missense|TTN|ENST00000589042|protein_coding|-|3293E>3293D|179629363T>G,missense|TTN|ENST00000591111|protein_coding|-|3293E>3293D|179629363T>G,missense|TTN|ENST00000342175|protein_coding|-|3247E>3247D|179629363T>G,missense|TTN|ENST00000359218|protein_coding|-|3247E>3247D|179629363T>G,missense|TTN|ENST00000360870|protein_coding|-|3293E>3293D|179629363T>G","synonymous|TTN|ENST00000342992|protein_coding|-|3293E|179629363T>C,synonymous|TTN|ENST00000460472|protein_coding|-|3247E|179629363T>C,synonymous|TTN|ENST00000589042|protein_coding|-|3293E|179629363T>C,synonymous|TTN|ENST00000591111|protein_coding|-|3293E|179629363T>C,synonymous|TTN|ENST00000342175|protein_coding|-|3247E|179629363T>C,synonymous|TTN|ENST00000359218|protein_coding|-|3247E|179629363T>C,synonymous|TTN|ENST00000360870|protein_coding|-|3293E|179629363T>C"
179629363,T,G,T,REF_outside_scope,,0,"missense|TTN|ENST00000342992|protein_coding|-|3293E>3293D|179629363T>G,missense|TTN|ENST00000460472|protein_coding|-|3247E>3247D|179629363T>G,missense|TTN|ENST00000589042|protein_coding|-|3293E>3293D|179629363T>G,missense|TTN|ENST00000591111|protein_coding|-|3293E>3293D|179629363T>G,missense|TTN|ENST00000342175|protein_coding|-|3247E>3247D|179629363T>G,missense|TTN|ENST00000359218|protein_coding|-|3247E>3247D|179629363T>G,missense|TTN|ENST00000360870|protein_coding|-|3293E>3293D|179629363T>G",
179629363,T,T,A,REF_outside_scope,,0,,"missense|TTN|ENST00000342992|protein_coding|-|3293E>3293D|179629363T>A,missense|TTN|ENST00000460472|protein_coding|-|3247E>3247D|179629363T>A,missense|TTN|ENST00000589042|protein_coding|-|3293E>3293D|179629363T>A,missense|TTN|ENST00000591111|protein_coding|-|3293E>3293D|179629363T>A,missense|TTN|ENST00000342175|protein_coding|-|3247E>3247D|179629363T>A,missense|TTN|ENST00000359218|protein_coding|-|3247E>3247D|179629363T>A,missense|TTN|ENST00000360870|protein_coding|-|3293E>3293D|179629363T>A"
179629363,T,T,C,REF_outside_scope,,0,,"synonymous|TTN|ENST00000342992|protein_coding|-|3293E|179629363T>C,synonymous|TTN|ENST00000460472|protein_coding|-|3247E|179629363T>C,synonymous|TTN|ENST00000589042|protein_coding|-|3293E|179629363T>C,synonymous|TTN|ENST00000591111|protein_coding|-|3293E|179629363T>C,synonymous|TTN|ENST00000342175|protein_coding|-|3247E|179629363T>C,synonymous|TTN|ENST00000359218|protein_coding|-|3247E|179629363T>C,synonymous|TTN|ENST00000360870|protein_coding|-|3293E|179629363T>C"
179629363,T,T,G,REF_outside_scope,,0,,"missense|TTN|ENST00000342992|protein_coding|-|3293E>3293D|179629363T>G,missense|TTN|ENST00000460472|protein_coding|-|3247E>3247D|179629363T>G,missense|TTN|ENST00000589042|protein_coding|-|3293E>3293D|179629363T>G,missense|TTN|ENST00000591111|protein_coding|-|3293E>3293D|179629363T>G,missense|TTN|ENST00000342175|protein_coding|-|3247E>3247D|179629363T>G,missense|TTN|ENST00000359218|protein_coding|-|3247E>3247D|179629363T>G,missense|TTN|ENST00000360870|protein_coding|-|3293E>3293D|179629363T>G"
179629461,C,A,C,REF_outside_scope,,0,"missense|TTN|ENST00000342992|protein_coding|-|3261V>3261L|179629461C>A,missense|TTN|ENST00000460472|protein_coding|-|3215V>3215L|179629461C>A,missense|TTN|ENST00000589042|protein_coding|-|3261V>3261L|179629461C>A,missense|TTN|ENST00000591111|protein_coding|-|3261V>3261L|179629461C>A,missense|TTN|ENST00000342175|protein_coding|-|3215V>3215L|179629461C>A,missense|TTN|ENST00000359218|protein_coding|-|3215V>3215L|179629461C>A,missense|TTN|ENST00000360870|protein_coding|-|3261V>3261L|179629461C>A",
179629461,C,A,G,scored,0.0,0,"missense|TTN|ENST00000342992|protein_coding|-|3261V>3261L|179629461C>A,missense|TTN|ENST00000460472|protein_coding|-|3215V>3215L|179629461C>A,missense|TTN|ENST00000589042|protein_coding|-|3261V>3261L|179629461C>A,missense|TTN|ENST00000591111|protein_coding|-|3261V>3261L|179629461C>A,missense|TTN|ENST00000342175|protein_coding|-|3215V>3215L|179629461C>A,missense|TTN|ENST00000359218|protein_coding|-|3215V>3215L|179629461C>A,missense|TTN|ENST00000360870|protein_coding|-|3261V>3261L|179629461C>A","missense|TTN|ENST00000342992|protein_coding|-|3261V>3261L|179629461C>G,missense|TTN|ENST00000460472|protein_coding|-|3215V>3215L|179629461C>G,missense|TTN|ENST00000589042|protein_coding|-|3261V>3261L|179629461C>G,missense|TTN|ENST00000591111|protein_coding|-|3261V>3261L|179629461C>G,missense|TTN|ENST00000342175|protein_coding|-|3215V>3215L|179629461C>G,missense|TTN|ENST00000359218|protein_coding|-|3215V>3215L|179629461C>G,missense|TTN|ENST00000360870|protein_coding|-|3261V>3261L|179629461C>G"
179629461,C,A,T,scored,0.0,0,"missense|TTN|ENST00000342992|protein_coding|-|3261V>3261L|179629461C>A,missense|TTN|ENST00000460472|protein_coding|-|3215V>3215L|179629461C>A,missense|TTN|ENST00000589042|protein_coding|-|3261V>3261L|179629461C>A,missense|TTN|ENST00000591111|protein_coding|-|3261V>3261L|179629461C>A,missense|TTN|ENST00000342175|protein_coding|-|3215V>3215L|179629461C>A,missense|TTN|ENST00000359218|protein_coding|-|3215V>3215L|179629461C>A,missense|TTN|ENST00000360870|protein_coding|-|3261V>3261L|179629461C>A","missense|TTN|ENST00000342992|protein_coding|-|3261V>3261M|179629461C>T,missense|TTN|ENST00000460472|protein_coding|-|3215V>3215M|179629461C>T,missense|TTN|ENST00000589042|protein_coding|-|3261V>3261M|179629461C>T,missense|TTN|ENST00000591111|protein_coding|-|3261V>3261M|179629461C>T,missense|TTN|ENST00000342175|protein_coding|-|3215V>3215M|179629461C>T,missense|TTN|ENST00000359218|protein_coding|-|3215V>3215M|179629461C>T,missense|TTN|ENST00000360870|protein_coding|-|3261V>3261M|179629461C>T"
179629461,C,C,A,REF_outside_scope,,0,,"missense|TTN|ENST00000342992|protein_coding|-|3261V>3261L|179629461C>A,missense|TTN|ENST00000460472|protein_coding|-|3215V>3215L|179629461C>A,missense|TTN|ENST00000589042|protein_coding|-|3261V>3261L|179629461C>A,missense|TTN|ENST00000591111|protein_coding|-|3261V>3261L|179629461C>A,missense|TTN|ENST00000342175|protein_coding|-|3215V>3215L|179629461C>A,missense|TTN|ENST00000359218|protein_coding|-|3215V>3215L|179629461C>A,missense|TTN|ENST00000360870|protein_coding|-|3261V>3261L|179629461C>A"
179629461,C,C,G,REF_outside_scope,,0,,"missense|TTN|ENST00000342992|protein_coding|-|3261V>3261L|179629461C>G,missense|TTN|ENST00000460472|protein_coding|-|3215V>3215L|179629461C>G,missense|TTN|ENST00000589042|protein_coding|-|3261V>3261L|179629461C>G,missense|TTN|ENST00000591111|protein_coding|-|3261V>3261L|179629461C>G,missense|TTN|ENST00000342175|protein_coding|-|3215V>3215L|179629461C>G,missense|TTN|ENST00000359218|protein_coding|-|3215V>3215L|179629461C>G,missense|TTN|ENST00000360870|protein_coding|-|3261V>3261L|179629461C>G"
179629461,C,C,T,REF_outside_scope,,0,,"missense|TTN|ENST00000342992|protein_coding|-|3261V>3261M|179629461C>T,missense|TTN|ENST00000460472|protein_coding|-|3215V>3215M|179629461C>T,missense|TTN|ENST00000589042|protein_coding|-|3261V>3261M|179629461C>T,missense|TTN|ENST00000591111|protein_coding|-|3261V>3261M|179629461C>T,missense|TTN|ENST00000342175|protein_coding|-|3215V>3215M|179629461C>T,missense|TTN|ENST00000359218|protein_coding|-|3215V>3215M|179629461C>T,missense|TTN|ENST00000360870|protein_coding|-|3261V>3261M|179629461C>T"
179629461,C,G,A,scored,0.0,0,"missense|TTN|ENST00000342992|protein_coding|-|3261V>3261L|179629461C>G,missense|TTN|ENST00000460472|protein_coding|-|3215V>3215L|179629461C>G,missense|TTN|ENST00000589042|protein_coding|-|3261V>3261L|179629461C>G,missense|TTN|ENST00000591111|protein_coding|-|3261V>3261L|179629461C>G,missense|TTN|ENST00000342175|protein_coding|-|3215V>3215L|179629461C>G,missense|TTN|ENST00000359218|protein_coding|-|3215V>3215L|179629461C>G,missense|TTN|ENST00000360870|protein_coding|-|3261V>3261L|179629461C>G","missense|TTN|ENST00000342992|protein_coding|-|3261V>3261L|179629461C>A,missense|TTN|ENST00000460472|protein_coding|-|3215V>3215L|179629461C>A,missense|TTN|ENST00000589042|protein_coding|-|3261V>3261L|179629461C>A,missense|TTN|ENST00000591111|protein_coding|-|3261V>3261L|179629461C>A,missense|TTN|ENST00000342175|protein_coding|-|3215V>3215L|179629461C>A,missense|TTN|ENST00000359218|protein_coding|-|3215V>3215L|179629461C>A,missense|TTN|ENST00000360870|protein_coding|-|3261V>3261L|179629461C>A"
179629461,C,G,C,REF_outside_scope,,0,"missense|TTN|ENST00000342992|protein_coding|-|3261V>3261L|179629461C>G,missense|TTN|ENST00000460472|protein_coding|-|3215V>3215L|179629461C>G,missense|TTN|ENST00000589042|protein_coding|-|3261V>3261L|179629461C>G,missense|TTN|ENST00000591111|protein_coding|-|3261V>3261L|179629461C>G,missense|TTN|ENST00000342175|protein_coding|-|3215V>3215L|179629461C>G,missense|TTN|ENST00000359218|protein_coding|-|3215V>3215L|179629461C>G,missense|TTN|ENST00000360870|protein_coding|-|3261V>3261L|179629461C>G",
179629461,C,G,T,scored,0.0,0,"missense|TTN|ENST00000342992|protein_coding|-|3261V>3261L|179629461C>G,missense|TTN|ENST00000460472|protein_coding|-|3215V>3215L|179629461C>G,missense|TTN|ENST00000589042|protein_coding|-|3261V>3261L|179629461C>G,missense|TTN|ENST00000591111|protein_coding|-|3261V>3261L|179629461C>G,missense|TTN|ENST00000342175|protein_coding|-|3215V>3215L|179629461C>G,missense|TTN|ENST00000359218|protein_coding|-|3215V>3215L|179629461C>G,missense|TTN|ENST00000360870|protein_coding|-|3261V>3261L|179629461C>G","missense|TTN|ENST00000342992|protein_coding|-|3261V>3261M|179629461C>T,missense|TTN|ENST00000460472|protein_coding|-|3215V>3215M|179629461C>T,missense|TTN|ENST00000589042|protein_coding|-|3261V>3261M|179629461C>T,missense|TTN|ENST00000591111|protein_coding|-|3261V>3261M|179629461C>T,missense|TTN|ENST00000342175|protein_coding|-|3215V>3215M|179629461C>T,missense|TTN|ENST00000359218|protein_coding|-|3215V>3215M|179629461C>T,missense|TTN|ENST00000360870|protein_coding|-|3261V>3261M|179629461C>T"
179629461,C,T,A,scored,0.0,0,"missense|TTN|ENST00000342992|protein_coding|-|3261V>3261M|179629461C>T,missense|TTN|ENST00000460472|protein_coding|-|3215V>3215M|179629461C>T,missense|TTN|ENST00000589042|protein_coding|-|3261V>3261M|179629461C>T,missense|TTN|ENST00000591111|protein_coding|-|3261V>3261M|179629461C>T,missense|TTN|ENST00000342175|protein_coding|-|3215V>3215M|179629461C>T,missense|TTN|ENST00000359218|protein_coding|-|3215V>3215M|179629461C>T,missense|TTN|ENST00000360870|protein_coding|-|3261V>3261M|179629461C>T","missense|TTN|ENST00000342992|protein_coding|-|3261V>3261L|179629461C>A,missense|TTN|ENST00000460472|protein_coding|-|3215V>3215L|179629461C>A,missense|TTN|ENST00000589042|protein_coding|-|3261V>3261L|179629461C>A,missense|TTN|ENST00000591111|protein_coding|-|3261V>3261L|179629461C>A,missense|TTN|ENST00000342175|protein_coding|-|3215V>3215L|179629461C>A,missense|TTN|ENST00000359218|protein_coding|-|3215V>3215L|179629461C>A,missense|TTN|ENST00000360870|protein_coding|-|3261V>3261L|179629461C>A"
179629461,C,T,C,REF_outside_scope,,0,"missense|TTN|ENST00000342992|protein_coding|-|3261V>3261M|179629461C>T,missense|TTN|ENST00000460472|protein_coding|-|3215V>3215M|179629461C>T,missense|TTN|ENST00000589042|protein_coding|-|3261V>3261M|179629461C>T,missense|TTN|ENST00000591111|protein_coding|-|3261V>3261M|179629461C>T,missense|TTN|ENST00000342175|protein_coding|-|3215V>3215M|179629461C>T,missense|TTN|ENST00000359218|protein_coding|-|3215V>3215M|179629461C>T,missense|TTN|ENST00000360870|protein_coding|-|3261V>3261M|179629461C>T",
179629461,C,T,G,scored,0.0,0,"missense|TTN|ENST00000342992|protein_coding|-|3261V>3261M|179629461C>T,missense|TTN|ENST00000460472|protein_coding|-|3215V>3215M|179629461C>T,missense|TTN|ENST00000589042|protein_coding|-|3261V>3261M|179629461C>T,missense|TTN|ENST00000591111|protein_coding|-|3261V>3261M|179629461C>T,missense|TTN|ENST00000342175|protein_coding|-|3215V>3215M|179629461C>T,missense|TTN|ENST00000359218|protein_coding|-|3215V>3215M|179629461C>T,missense|TTN|ENST00000360870|protein_coding|-|3261V>3261M|179629461C>T","missense|TTN|ENST00000342992|protein_coding|-|3261V>3261L|179629461C>G,missense|TTN|ENST00000460472|protein_coding|-|3215V>3215L|179629461C>G,missense|TTN|ENST00000589042|protein_coding|-|3261V>3261L|179629461C>G,missense|TTN|ENST00000591111|protein_coding|-|3261V>3261L|179629461C>G,missense|TTN|ENST00000342175|protein_coding|-|3215V>3215L|179629461C>G,missense|TTN|ENST00000359218|protein_coding|-|3215V>3215L|179629461C>G,missense|TTN|ENST00000360870|protein_coding|-|3261V>3261L|179629461C>G"
179644035,G,A,C,scored,0.33,0,"missense|TTN|ENST00000342992|protein_coding|-|1295S>1295L|179644035G>A,missense|TTN|ENST00000460472|protein_coding|-|1249S>1249L|179644035G>A,missense|TTN|ENST00000589042|protein_coding|-|1295S>1295L|179644035G>A,missense|TTN|ENST00000591111|protein_coding|-|1295S>1295L|179644035G>A,missense|TTN|ENST00000342175|protein_coding|-|1249S>1249L|179644035G>A,missense|TTN|ENST00000359218|protein_coding|-|1249S>1249L|179644035G>A,missense|TTN|ENST00000360870|protein_coding|-|1295S>1295L|179644035G>A","stop_gained|TTN|ENST00000342992|protein_coding|-|1295S>1295*|179644035G>C,stop_gained|TTN|ENST00000460472|protein_coding|-|1249S>1249*|179644035G>C,stop_gained|TTN|ENST00000589042|protein_coding|-|1295S>1295*|179644035G>C,stop_gained|TTN|ENST00000591111|protein_coding|-|1295S>1295*|179644035G>C,stop_gained|TTN|ENST00000342175|protein_coding|-|1249S>1249*|179644035G>C,stop_gained|TTN|ENST00000359218|protein_coding|-|1249S>1249*|179644035G>C,stop_gained|TTN|ENST00000360870|protein_coding|-|1295S>1295*|179644035G>C"
179644035,G,A,G,REF_outside_scope,,0,"missense|TTN|ENST00000342992|protein_coding|-|1295S>1295L|179644035G>A,missense|TTN|ENST00000460472|protein_coding|-|1249S>1249L|179644035G>A,missense|TTN|ENST00000589042|protein_coding|-|1295S>1295L|179644035G>A,missense|TTN|ENST00000591111|protein_coding|-|1295S>1295L|179644035G>A,missense|TTN|ENST00000342175|protein_coding|-|1249S>1249L|179644035G>A,missense|TTN|ENST00000359218|protein_coding|-|1249S>1249L|179644035G>A,missense|TTN|ENST00000360870|protein_coding|-|1295S>1295L|179644035G>A",
179644035,G,A,T,scored,0.33,0,"missense|TTN|ENST00000342992|protein_coding|-|1295S>1295L|179644035G>A,missense|TTN|ENST00000460472|protein_coding|-|1249S>1249L|179644035G>A,missense|TTN|ENST00000589042|protein_coding|-|1295S>1295L|179644035G>A,missense|TTN|ENST00000591111|protein_coding|-|1295S>1295L|179644035G>A,missense|TTN|ENST00000342175|protein_coding|-|1249S>1249L|179644035G>A,missense|TTN|ENST00000359218|protein_coding|-|1249S>1249L|179644035G>A,missense|TTN|ENST00000360870|protein_coding|-|1295S>1295L|179644035G>A","stop_gained|TTN|ENST00000342992|protein_coding|-|1295S>1295*|179644035G>T,stop_gained|TTN|ENST00000460472|protein_coding|-|1249S>1249*|179644035G>T,stop_gained|TTN|ENST00000589042|protein_coding|-|1295S>1295*|179644035G>T,stop_gained|TTN|ENST00000591111|protein_coding|-|1295S>1295*|179644035G>T,stop_gained|TTN|ENST00000342175|protein_coding|-|1249S>1249*|179644035G>T,stop_gained|TTN|ENST00000359218|protein_coding|-|1249S>1249*|179644035G>T,stop_gained|TTN|ENST00000360870|protein_coding|-|1295S>1295*|179644035G>T"
179644035,G,C,A,scored,-0.33,5,"stop_gained|TTN|ENST00000342992|protein_coding|-|1295S>1295*|179644035G>C,stop_gained|TTN|ENST00000460472|protein_coding|-|1249S>1249*|179644035G>C,stop_gained|TTN|ENST00000589042|protein_coding|-|1295S>1295*|179644035G>C,stop_gained|TTN|ENST00000591111|protein_coding|-|1295S>1295*|179644035G>C,stop_gained|TTN|ENST00000342175|protein_coding|-|1249S>1249*|179644035G>C,stop_gained|TTN|ENST00000359218|protein_coding|-|1249S>1249*|179644035G>C,stop_gained|TTN|ENST00000360870|protein_coding|-|1295S>1295*|179644035G>C","missense|TTN|ENST00000342992|protein_coding|-|1295S>1295L|179644035G>A,missense|TTN|ENST00000460472|protein_coding|-|1249S>1249L|179644035G>A,missense|TTN|ENST00000589042|protein_coding|-|1295S>1295L|179644035G>A,missense|TTN|ENST00000591111|protein_coding|-|1295S>1295L|179644035G>A,missense|TTN|ENST00000342175|protein_coding|-|1249S>1249L|179644035G>A,missense|TTN|ENST00000359218|protein_coding|-|1249S>1249L|179644035G>A,missense|TTN|ENST00000360870|protein_coding|-|1295S>1295L|179644035G>A"
179644035,G,C,G,REF_outside_scope,,0,"stop_gained|TTN|ENST00000342992|protein_coding|-|1295S>1295*|179644035G>C,stop_gained|TTN|ENST00000460472|protein_coding|-|1249S>1249*|179644035G>C,stop_gained|TTN|ENST00000589042|protein_coding|-|1295S>1295*|179644035G>C,stop_gained|TTN|ENST00000591111|protein_coding|-|1295S>1295*|179644035G>C,stop_gained|TTN|ENST00000342175|protein_coding|-|1249S>1249*|179644035G>C,stop_gained|TTN|ENST00000359218|protein_coding|-|1249S>1249*|179644035G>C,stop_gained|TTN|ENST00000360870|protein_coding|-|1295S>1295*|179644035G>C",
179644035,G,C,T,scored,0.0,0,"stop_gained|TTN|ENST00000342992|protein_coding|-|1295S>1295*|179644035G>C,stop_gained|TTN|ENST00000460472|protein_coding|-|1249S>1249*|179644035G>C,stop_gained|TTN|ENST00000589042|protein_coding|-|1295S>1295*|179644035G>C,stop_gained|TTN|ENST00000591111|protein_coding|-|1295S>1295*|179644035G>C,stop_gained|TTN|ENST00000342175|protein_coding|-|1249S>1249*|179644035G>C,stop_gained|TTN|ENST00000359218|protein_coding|-|1249S>1249*|179644035G>C,stop_gained|TTN|ENST00000360870|protein_coding|-|1295S>1295*|179644035G>C","stop_gained|TTN|ENST00000342992|protein_coding|-|1295S>1295*|179644035G>T,stop_gained|TTN|ENST00000460472|protein_coding|-|1249S>1249*|179644035G>T,stop_gained|TTN|ENST00000589042|protein_coding|-|1295S>1295*|179644035G>T,stop_gained|TTN|ENST00000591111|protein_coding|-|1295S>1295*|179644035G>T,stop_gained|TTN|ENST00000342175|protein_coding|-|1249S>1249*|179644035G>T,stop_gained|TTN|ENST00000359218|protein_coding|-|1249S>1249*|179644035G>T,stop_gained|TTN|ENST00000360870|protein_coding|-|1295S>1295*|179644035G>T"
179644035,G,G,A,REF_outside_scope,,0,,"missense|TTN|ENST00000342992|protein_coding|-|1295S>1295L|179644035G>A,missense|TTN|ENST00000460472|protein_coding|-|1249S>1249L|179644035G>A,missense|TTN|ENST00000589042|protein_coding|-|1295S>1295L|179644035G>A,missense|TTN|ENST00000591111|protein_coding|-|1295S>1295L|179644035G>A,missense|TTN|ENST00000342175|protein_coding|-|1249S>1249L|179644035G>A,missense|TTN|ENST00000359218|protein_coding|-|1249S>1249L|179644035G>A,missense|TTN|ENST00000360870|protein_coding|-|1295S>1295L|179644035G>A"
179644035,G,G,C,REF_outside_scope,,0,,"stop_gained|TTN|ENST00000342992|protein_coding|-|1295S>1295*|179644035G>C,stop_gained|TTN|ENST00000460472|protein_coding|-|1249S>1249*|179644035G>C,stop_gained|TTN|ENST00000589042|protein_coding|-|1295S>1295*|179644035G>C,stop_gained|TTN|ENST00000591111|protein_coding|-|1295S>1295*|179644035G>C,stop_gained|TTN|ENST00000342175|protein_coding|-|1249S>1249*|179644035G>C,stop_gained|TTN|ENST00000359218|protein_coding|-|1249S>1249*|179644035G>C,stop_gained|TTN|ENST00000360870|protein_coding|-|1295S>1295*|179644035G>C"
179644035,G,G,T,REF_outside_scope,,0,,"stop_gained|TTN|ENST00000342992|protein_coding|-|1295S>1295*|179644035G>T,stop_gained|TTN|ENST00000460472|protein_coding|-|1249S>1249*|179644035G>T,stop_gained|TTN|ENST00000589042|protein_coding|-|1295S>1295*|179644035G>T,stop_gained|TTN|ENST00000591111|protein_coding|-|1295S>1295*|179644035G>T,stop_gained|TTN|ENST00000342175|protein_coding|-|1249S>1249*|179644035G>T,stop_gained|TTN|ENST00000359218|protein_coding|-|1249S>1249*|179644035G>T,stop_gained|TTN|ENST00000360870|protein_coding|-|1295S>1295*|179644035G>T"
179644035,G,T,A,scored,-0.33,5,"stop_gained|TTN|ENST00000342992|protein_coding|-|1295S>1295*|179644035G>T,stop_gained|TTN|ENST00000460472|protein_coding|-|1249S>1249*|179644035G>T,stop_gained|TTN|ENST00000589042|protein_coding|-|1295S>1295*|179644035G>T,stop_gained|TTN|ENST00000591111|protein_coding|-|1295S>1295*|179644035G>T,stop_gained|TTN|ENST00000342175|protein_coding|-|1249S>1249*|179644035G>T,stop_gained|TTN|ENST00000359218|protein_coding|-|1249S>1249*|179644035G>T,stop_gained|TTN|ENST00000360870|protein_coding|-|1295S>1295*|179644035G>T","missense|TTN|ENST00000342992|protein_coding|-|1295S>1295L|179644035G>A,missense|TTN|ENST00000460472|protein_coding|-|1249S>1249L|179644035G>A,missense|TTN|ENST00000589042|protein_coding|-|1295S>1295L|179644035G>A,missense|TTN|ENST00000591111|protein_coding|-|1295S>1295L|179644035G>A,missense|TTN|ENST00000342175|protein_coding|-|1249S>1249L|179644035G>A,missense|TTN|ENST00000359218|protein_coding|-|1249S>1249L|179644035G>A,missense|TTN|ENST00000360870|protein_coding|-|1295S>1295L|179644035G>A"
179644035,G,T,C,scored,0.0,0,"stop_gained|TTN|ENST00000342992|protein_coding|-|1295S>1295*|179644035G>T,stop_gained|TTN|ENST00000460472|protein_coding|-|1249S>1249*|179644035G>T,stop_gained|TTN|ENST00000589042|protein_coding|-|1295S>1295*|179644035G>T,stop_gained|TTN|ENST00000591111|protein_coding|-|1295S>1295*|179644035G>T,stop_gained|TTN|ENST00000342175|protein_coding|-|1249S>1249*|179644035G>T,stop_gained|TTN|ENST00000359218|protein_coding|-|1249S>1249*|179644035G>T,stop_gained|TTN|ENST00000360870|protein_coding|-|1295S>1295*|179644035G>T","stop_gained|TTN|ENST00000342992|protein_coding|-|1295S>1295*|179644035G>C,stop_gained|TTN|ENST00000460472|protein_coding|-|1249S>1249*|179644035G>C,stop_gained|TTN|ENST00000589042|protein_coding|-|1295S>1295*|179644035G>C,stop_gained|TTN|ENST00000591111|protein_coding|-|1295S>1295*|179644035G>C,stop_gained|TTN|ENST00000342175|protein_coding|-|1249S>1249*|179644035G>C,stop_gained|TTN|ENST00000359218|protein_coding|-|1249S>1249*|179644035G>C,stop_gained|TTN|ENST00000360870|protein_coding|-|1295S>1295*|179644035G>C"
179644035,G,T,G,REF_outside_scope,,0,"stop_gained|TTN|ENST00000342992|protein_coding|-|1295S>1295*|179644035G>T,stop_gained|TTN|ENST00000460472|protein_coding|-|1249S>1249*|179644035G>T,stop_gained|TTN|ENST00000589042|protein_coding|-|1295S>1295*|179644035G>T,stop_gained|TTN|ENST00000591111|protein_coding|-|1295S>1295*|179644035G>T,stop_gained|TTN|ENST00000342175|protein_coding|-|1249S>1249*|179644035G>T,stop_gained|TTN|ENST00000359218|protein_coding|-|1249S>1249*|179644035G>T,stop_gained|TTN|ENST00000360870|protein_coding|-|1295S>1295*|179644035G>T",
179644855,T,A,C,scored,-0.33,5,"stop_gained|TTN|ENST00000342992|protein_coding|-|1201K>1201*|179644855T>A,stop_gained|TTN|ENST00000460472|protein_coding|-|1155K>1155*|179644855T>A,stop_gained|TTN|ENST00000589042|protein_coding|-|1201K>1201*|179644855T>A,stop_gained|TTN|ENST00000591111|protein_coding|-|1201K>1201*|179644855T>A,stop_gained|TTN|ENST00000342175|protein_coding|-|1155K>1155*|179644855T>A,stop_gained|TTN|ENST00000359218|protein_coding|-|1155K>1155*|179644855T>A,stop_gained|TTN|ENST00000360870|protein_coding|-|1201K>1201*|179644855T>A","missense|TTN|ENST00000342992|protein_coding|-|1201K>1201E|179644855T>C,missense|TTN|ENST00000460472|protein_coding|-|1155K>1155E|179644855T>C,missense|TTN|ENST00000589042|protein_coding|-|1201K>1201E|179644855T>C,missense|TTN|ENST00000591111|protein_coding|-|1201K>1201E|179644855T>C,missense|TTN|ENST00000342175|protein_coding|-|1155K>1155E|179644855T>C,missense|TTN|ENST00000359218|protein_coding|-|1155K>1155E|179644855T>C,missense|TTN|ENST00000360870|protein_coding|-|1201K>1201E|179644855T>C"
179644855,T,A,G,scored,-0.33,0,"stop_gained|TTN|ENST00000342992|protein_coding|-|1201K>1201*|179644855T>A,stop_gained|TTN|ENST00000460472|protein_coding|-|1155K>1155*|179644855T>A,stop_gained|TTN|ENST00000589042|protein_coding|-|1201K>1201*|179644855T>A,stop_gained|TTN|ENST00000591111|protein_coding|-|1201K>1201*|179644855T>A,stop_gained|TTN|ENST00000342175|protein_coding|-|1155K>1155*|179644855T>A,stop_gained|TTN|ENST00000359218|protein_coding|-|1155K>1155*|179644855T>A,stop_gained|TTN|ENST00000360870|protein_coding|-|1201K>1201*|179644855T>A","missense|TTN|ENST00000342992|protein_coding|-|1201K>1201Q|179644855T>G,missense|TTN|ENST00000460472|protein_coding|-|1155K>1155Q|179644855T>G,missense|TTN|ENST00000589042|protein_coding|-|1201K>1201Q|179644855T>G,missense|TTN|ENST00000591111|protein_coding|-|1201K>1201Q|179644855T>G,missense|TTN|ENST00000342175|protein_coding|-|1155K>1155Q|179644855T>G,missense|TTN|ENST00000359218|protein_coding|-|1155K>1155Q|179644855T>G,missense|TTN|ENST00000360870|protein_coding|-|1201K>1201Q|179644855T>G"
179644855,T,A,T,REF_outside_scope,,0,"stop_gained|TTN|ENST00000342992|protein_coding|-|1201K>1201*|179644855T>A,stop_gained|TTN|ENST00000460472|protein_coding|-|1155K>1155*|179644855T>A,stop_gained|TTN|ENST00000589042|protein_coding|-|1201K>1201*|179644855T>A,stop_gained|TTN|ENST00000591111|protein_coding|-|1201K>1201*|179644855T>A,stop_gained|TTN|ENST00000342175|protein_coding|-|1155K>1155*|179644855T>A,stop_gained|TTN|ENST00000359218|protein_coding|-|1155K>1155*|179644855T>A,stop_gained|TTN|ENST00000360870|protein_coding|-|1201K>1201*|179644855T>A",
179644855,T,C,A,scored,0.33,0,"missense|TTN|ENST00000342992|protein_coding|-|1201K>1201E|179644855T>C,missense|TTN|ENST00000460472|protein_coding|-|1155K>1155E|179644855T>C,missense|TTN|ENST00000589042|protein_coding|-|1201K>1201E|179644855T>C,missense|TTN|ENST00000591111|protein_coding|-|1201K>1201E|179644855T>C,missense|TTN|ENST00000342175|protein_coding|-|1155K>1155E|179644855T>C,missense|TTN|ENST00000359218|protein_coding|-|1155K>1155E|179644855T>C,missense|TTN|ENST00000360870|protein_coding|-|1201K>1201E|179644855T>C","stop_gained|TTN|ENST00000342992|protein_coding|-|1201K>1201*|179644855T>A,stop_gained|TTN|ENST00000460472|protein_coding|-|1155K>1155*|179644855T>A,stop_gained|TTN|ENST00000589042|protein_coding|-|1201K>1201*|179644855T>A,stop_gained|TTN|ENST00000591111|protein_coding|-|1201K>1201*|179644855T>A,stop_gained|TTN|ENST00000342175|protein_coding|-|1155K>1155*|179644855T>A,stop_gained|TTN|ENST00000359218|protein_coding|-|1155K>1155*|179644855T>A,stop_gained|TTN|ENST00000360870|protein_coding|-|1201K>1201*|179644855T>A"
179644855,T,C,G,scored,0.0,0,"missense|TTN|ENST00000342992|protein_coding|-|1201K>1201E|179644855T>C,missense|TTN|ENST00000460472|protein_coding|-|1155K>1155E|179644855T>C,missense|TTN|ENST00000589042|protein_coding|-|1201K>1201E|179644855T>C,missense|TTN|ENST00000591111|protein_coding|-|1201K>1201E|179644855T>C,missense|TTN|ENST00000342175|protein_coding|-|1155K>1155E|179644855T>C,missense|TTN|ENST00000359218|protein_coding|-|1155K>1155E|179644855T>C,missense|TTN|ENST00000360870|protein_coding|-|1201K>1201E|179644855T>C","missense|TTN|ENST00000342992|protein_coding|-|1201K>1201Q|179644855T>G,missense|TTN|ENST00000460472|protein_coding|-|1155K>1155Q|179644855T>G,missense|TTN|ENST00000589042|protein_coding|-|1201K>1201Q|179644855T>G,missense|TTN|ENST00000591111|protein_coding|-|1201K>1201Q|179644855T>G,missense|TTN|ENST00000342175|protein_coding|-|1155K>1155Q|179644855T>G,missense|TTN|ENST00000359218|protein_coding|-|1155K>1155Q|179644855T>G,missense|TTN|ENST00000360870|protein_coding|-|1201K>1201Q|179644855T>G"
179644855,T,C,T,REF_outside_scope,,0,"missense|TTN|ENST00000342992|protein_coding|-|1201K>1201E|179644855T>C,missense|TTN|ENST00000460472|protein_coding|-|1155K>1155E|179644855T>C,missense|TTN|ENST00000589042|protein_coding|-|1201K>1201E|179644855T>C,missense|TTN|ENST00000591111|protein_coding|-|1201K>1201E|179644855T>C,missense|TTN|ENST00000342175|protein_coding|-|1155K>1155E|179644855T>C,missense|TTN|ENST00000359218|protein_coding|-|1155K>1155E|179644855T>C,missense|TTN|ENST00000360870|protein_coding|-|1201K>1201E|179644855T>C",
179644855,T,G,A,scored,0.33,0,"missense|TTN|ENST00000342992|protein_coding|-|1201K>1201Q|179644855T>G,missense|TTN|ENST00000460472|protein_coding|-|1155K>1155Q|179644855T>G,missense|TTN|ENST00000589042|protein_coding|-|1201K>1201Q|179644855T>G,missense|TTN|ENST00000591111|protein_coding|-|1201K>1201Q|179644855T>G,missense|TTN|ENST00000342175|protein_coding|-|1155K>1155Q|179644855T>G,missense|TTN|ENST00000359218|protein_coding|-|1155K>1155Q|179644855T>G,missense|TTN|ENST00000360870|protein_coding|-|1201K>1201Q|179644855T>G","stop_gained|TTN|ENST00000342992|protein_coding|-|1201K>1201*|179644855T>A,stop_gained|TTN|ENST00000460472|protein_coding|-|1155K>1155*|179644855T>A,stop_gained|TTN|ENST00000589042|protein_coding|-|1201K>1201*|179644855T>A,stop_gained|TTN|ENST00000591111|protein_coding|-|1201K>1201*|179644855T>A,stop_gained|TTN|ENST00000342175|protein_coding|-|1155K>1155*|179644855T>A,stop_gained|TTN|ENST00000359218|protein_coding|-|1155K>1155*|179644855T>A,stop_gained|TTN|ENST00000360870|protein_coding|-|1201K>1201*|179644855T>A"
179644855,T,G,C,scored,0.0,0,"missense|TTN|ENST00000342992|protein_coding|-|1201K>1201Q|179644855T>G,missense|TTN|ENST00000460472|protein_coding|-|1155K>1155Q|179644855T>G,missense|TTN|ENST00000589042|protein_coding|-|1201K>1201Q|179644855T>G,missense|TTN|ENST00000591111|protein_coding|-|1201K>1201Q|179644855T>G,missense|TTN|ENST00000342175|protein_coding|-|1155K>1155Q|179644855T>G,missense|TTN|ENST00000359218|protein_coding|-|1155K>1155Q|179644855T>G,missense|TTN|ENST00000360870|protein_coding|-|1201K>1201Q|179644855T>G","missense|TTN|ENST00000342992|protein_coding|-|1201K>1201E|179644855T>C,missense|TTN|ENST00000460472|protein_coding|-|1155K>1155E|179644855T>C,missense|TTN|ENST00000589042|protein_coding|-|1201K>1201E|179644855T>C,missense|TTN|ENST00000591111|protein_coding|-|1201K>1201E|179644855T>C,missense|TTN|ENST00000342175|protein_coding|-|1155K>1155E|179644855T>C,missense|TTN|ENST00000359218|protein_coding|-|1155K>1155E|179644855T>C,missense|TTN|ENST00000360870|protein_coding|-|1201K>1201E|179644855T>C"
179644855,T,G,T,REF_outside_scope,,0,"missense|TTN|ENST00000342992|protein_coding|-|1201K>1201Q|179644855T>G,missense|TTN|ENST00000460472|protein_coding|-|1155K>1155Q|179644855T>G,missense|TTN|ENST00000589042|protein_coding|-|1201K>1201Q|179644855T>G,missense|TTN|ENST00000591111|protein_coding|-|1201K>1201Q|179644855T>G,missense|TTN|ENST00000342175|protein_coding|-|1155K>1155Q|179644855T>G,missense|TTN|ENST00000359218|protein_coding|-|1155K>1155Q|179644855T>G,missense|TTN|ENST00000360870|protein_coding|-|1201K>1201Q|179644855T>G",
179644855,T,T,A,REF_outside_scope,,0,,"stop_gained|TTN|ENST00000342992|protein_coding|-|1201K>1201*|179644855T>A,stop_gained|TTN|ENST00000460472|protein_coding|-|1155K>1155*|179644855T>A,stop_gained|TTN|ENST00000589042|protein_coding|-|1201K>1201*|179644855T>A,stop_gained|TTN|ENST00000591111|protein_coding|-|1201K>1201*|179644855T>A,stop_gained|TTN|ENST00000342175|protein_coding|-|1155K>1155*|179644855T>A,stop_gained|TTN|ENST00000359218|protein_coding|-|1155K>1155*|179644855T>A,stop_gained|TTN|ENST00000360870|protein_coding|-|1201K>1201*|179644855T>A"
179644855,T,T,C,REF_outside_scope,,0,,"missense|TTN|ENST00000342992|protein_coding|-|1201K>1201E|179644855T>C,missense|TTN|ENST00000460472|protein_coding|-|1155K>1155E|179644855T>C,missense|TTN|ENST00000589042|protein_coding|-|1201K>1201E|179644855T>C,missense|TTN|ENST00000591111|protein_coding|-|1201K>1201E|179644855T>C,missense|TTN|ENST00000342175|protein_coding|-|1155K>1155E|179644855T>C,missense|TTN|ENST00000359218|protein_coding|-|1155K>1155E|179644855T>C,missense|TTN|ENST00000360870|protein_coding|-|1201K>1201E|179644855T>C"
179644855,T,T,G,REF_outside_scope,,0,,"missense|TTN|ENST00000342992|protein_coding|-|1201K>1201Q|179644855T>G,missense|TTN|ENST00000460472|protein_coding|-|1155K>1155Q|179644855T>G,missense|TTN|ENST00000589042|protein_coding|-|1201K>1201Q|179644855T>G,missense|TTN|ENST00000591111|protein_coding|-|1201K>1201Q|179644855T>G,missense|TTN|ENST00000342175|protein_coding|-|1155K>1155Q|179644855T>G,missense|TTN|ENST00000359218|protein_coding|-|1155K>1155Q|179644855T>G,missense|TTN|ENST00000360870|protein_coding|-|1201K>1201Q|179644855T>G"
179650701,C,A,C,REF_outside_scope,,0,"missense|TTN|ENST00000342992|protein_coding|-|748E>748D|179650701C>A,missense|TTN|ENST00000460472|protein_coding|-|702E>702D|179650701C>A,missense|TTN|ENST00000589042|protein_coding|-|748E>748D|179650701C>A,missense|TTN|ENST00000591111|protein_coding|-|748E>748D|179650701C>A,missense|TTN|ENST00000342175|protein_coding|-|702E>702D|179650701C>A,missense|TTN|ENST00000359218|protein_coding|-|702E>702D|179650701C>A,missense|TTN|ENST00000360870|protein_coding|-|748E>748D|179650701C>A",
179650701,C,A,G,scored,0.0,0,"missense|TTN|ENST00000342992|protein_coding|-|748E>748D|179650701C>A,missense|TTN|ENST00000460472|protein_coding|-|702E>702D|179650701C>A,missense|TTN|ENST00000589042|protein_coding|-|748E>748D|179650701C>A,missense|TTN|ENST00000591111|protein_coding|-|748E>748D|179650701C>A,missense|TTN|ENST00000342175|protein_coding|-|702E>702D|179650701C>A,missense|TTN|ENST00000359218|protein_coding|-|702E>702D|179650701C>A,missense|TTN|ENST00000360870|protein_coding|-|748E>748D|179650701C>A","missense|TTN|ENST00000342992|protein_coding|-|748E>748D|179650701C>G,missense|TTN|ENST00000460472|protein_coding|-|702E>702D|179650701C>G,missense|TTN|ENST00000589042|protein_coding|-|748E>748D|179650701C>G,missense|TTN|ENST00000591111|protein_coding|-|748E>748D|179650701C>G,missense|TTN|ENST00000342175|protein_coding|-|702E>702D|179650701C>G,missense|TTN|ENST00000359218|protein_coding|-|702E>702D|179650701C>G,missense|TTN|ENST00000360870|protein_coding|-|748E>748D|179650701C>G"
179650701,C,A,T,scored,-0.34,7,"missense|TTN|ENST00000342992|protein_coding|-|748E>748D|179650701C>A,missense|TTN|ENST00000460472|protein_coding|-|702E>702D|179650701C>A,missense|TTN|ENST00000589042|protein_coding|-|748E>748D|179650701C>A,missense|TTN|ENST00000591111|protein_coding|-|748E>748D|179650701C>A,missense|TTN|ENST00000342175|protein_coding|-|702E>702D|179650701C>A,missense|TTN|ENST00000359218|protein_coding|-|702E>702D|179650701C>A,missense|TTN|ENST00000360870|protein_coding|-|748E>748D|179650701C>A","synonymous|TTN|ENST00000342992|protein_coding|-|748E|179650701C>T,synonymous|TTN|ENST00000460472|protein_coding|-|702E|179650701C>T,synonymous|TTN|ENST00000589042|protein_coding|-|748E|179650701C>T,synonymous|TTN|ENST00000591111|protein_coding|-|748E|179650701C>T,synonymous|TTN|ENST00000342175|protein_coding|-|702E|179650701C>T,synonymous|TTN|ENST00000359218|protein_coding|-|702E|179650701C>T,synonymous|TTN|ENST00000360870|protein_coding|-|748E|179650701C>T"
179650701,C,C,A,REF_outside_scope,,0,,"missense|TTN|ENST00000342992|protein_coding|-|748E>748D|179650701C>A,missense|TTN|ENST00000460472|protein_coding|-|702E>702D|179650701C>A,missense|TTN|ENST00000589042|protein_coding|-|748E>748D|179650701C>A,missense|TTN|ENST00000591111|protein_coding|-|748E>748D|179650701C>A,missense|TTN|ENST00000342175|protein_coding|-|702E>702D|179650701C>A,missense|TTN|ENST00000359218|protein_coding|-|702E>702D|179650701C>A,missense|TTN|ENST00000360870|protein_coding|-|748E>748D|179650701C>A"
179650701,C,C,G,REF_outside_scope,,0,,"missense|TTN|ENST00000342992|protein_coding|-|748E>748D|179650701C>G,missense|TTN|ENST00000460472|protein_coding|-|702E>702D|179650701C>G,missense|TTN|ENST00000589042|protein_coding|-|748E>748D|179650701C>G,missense|TTN|ENST00000591111|protein_coding|-|748E>748D|179650701C>G,missense|TTN|ENST00000342175|protein_coding|-|702E>702D|179650701C>G,missense|TTN|ENST00000359218|protein_coding|-|702E>702D|179650701C>G,missense|TTN|ENST00000360870|protein_coding|-|748E>748D|179650701C>G"
179650701,C,C,T,REF_outside_scope,,0,,"synonymous|TTN|ENST00000342992|protein_coding|-|748E|179650701C>T,synonymous|TTN|ENST00000460472|protein_coding|-|702E|179650701C>T,synonymous|TTN|ENST00000589042|protein_coding|-|748E|179650701C>T,synonymous|TTN|ENST00000591111|protein_coding|-|748E|179650701C>T,synonymous|TTN|ENST00000342175|protein_coding|-|702E|179650701C>T,synonymous|TTN|ENST00000359218|protein_coding|-|702E|179650701C>T,synonymous|TTN|ENST00000360870|protein_coding|-|748E|179650701C>T"
179650701,C,G,A,scored,0.0,0,"missense|TTN|ENST00000342992|protein_coding|-|748E>748D|179650701C>G,missense|TTN|ENST00000460472|protein_coding|-|702E>702D|179650701C>G,missense|TTN|ENST00000589042|protein_coding|-|748E>748D|179650701C>G,missense|TTN|ENST00000591111|protein_coding|-|748E>748D|179650701C>G,missense|TTN|ENST00000342175|protein_coding|-|702E>702D|179650701C>G,missense|TTN|ENST00000359218|protein_coding|-|702E>702D|179650701C>G,missense|TTN|ENST00000360870|protein_coding|-|748E>748D|179650701C>G","missense|TTN|ENST00000342992|protein_coding|-|748E>748D|179650701C>A,missense|TTN|ENST00000460472|protein_coding|-|702E>702D|179650701C>A,missense|TTN|ENST00000589042|protein_coding|-|748E>748D|179650701C>A,missense|TTN|ENST00000591111|protein_coding|-|748E>748D|179650701C>A,missense|TTN|ENST00000342175|protein_coding|-|702E>702D|179650701C>A,missense|TTN|ENST00000359218|protein_coding|-|702E>702D|179650701C>A,missense|TTN|ENST00000360870|protein_coding|-|748E>748D|179650701C>A"
179650701,C,G,C,REF_outside_scope,,0,"missense|TTN|ENST00000342992|protein_coding|-|748E>748D|179650701C>G,missense|TTN|ENST00000460472|protein_coding|-|702E>702D|179650701C>G,missense|TTN|ENST00000589042|protein_coding|-|748E>748D|179650701C>G,missense|TTN|ENST00000591111|protein_coding|-|748E>748D|179650701C>G,missense|TTN|ENST00000342175|protein_coding|-|702E>702D|179650701C>G,missense|TTN|ENST00000359218|protein_coding|-|702E>702D|179650701C>G,missense|TTN|ENST00000360870|protein_coding|-|748E>748D|179650701C>G",
179650701,C,G,T,scored,-0.34,3,"missense|TTN|ENST00000342992|protein_coding|-|748E>748D|179650701C>G,missense|TTN|ENST00000460472|protein_coding|-|702E>702D|179650701C>G,missense|TTN|ENST00000589042|protein_coding|-|748E>748D|179650701C>G,missense|TTN|ENST00000591111|protein_coding|-|748E>748D|179650701C>G,missense|TTN|ENST00000342175|protein_coding|-|702E>702D|179650701C>G,missense|TTN|ENST00000359218|protein_coding|-|702E>702D|179650701C>G,missense|TTN|ENST00000360870|protein_coding|-|748E>748D|179650701C>G","synonymous|TTN|ENST00000342992|protein_coding|-|748E|179650701C>T,synonymous|TTN|ENST00000460472|protein_coding|-|702E|179650701C>T,synonymous|TTN|ENST00000589042|protein_coding|-|748E|179650701C>T,synonymous|TTN|ENST00000591111|protein_coding|-|748E|179650701C>T,synonymous|TTN|ENST00000342175|protein_coding|-|702E|179650701C>T,synonymous|TTN|ENST00000359218|protein_coding|-|702E|179650701C>T,synonymous|TTN|ENST00000360870|protein_coding|-|748E|179650701C>T"
179650701,C,T,A,scored,0.34,0,"synonymous|TTN|ENST00000342992|protein_coding|-|748E|179650701C>T,synonymous|TTN|ENST00000460472|protein_coding|-|702E|179650701C>T,synonymous|TTN|ENST00000589042|protein_coding|-|748E|179650701C>T,synonymous|TTN|ENST00000591111|protein_coding|-|748E|179650701C>T,synonymous|TTN|ENST00000342175|protein_coding|-|702E|179650701C>T,synonymous|TTN|ENST00000359218|protein_coding|-|702E|179650701C>T,synonymous|TTN|ENST00000360870|protein_coding|-|748E|179650701C>T","missense|TTN|ENST00000342992|protein_coding|-|748E>748D|179650701C>A,missense|TTN|ENST00000460472|protein_coding|-|702E>702D|179650701C>A,missense|TTN|ENST00000589042|protein_coding|-|748E>748D|179650701C>A,missense|TTN|ENST00000591111|protein_coding|-|748E>748D|179650701C>A,missense|TTN|ENST00000342175|protein_coding|-|702E>702D|179650701C>A,missense|TTN|ENST00000359218|protein_coding|-|702E>702D|179650701C>A,missense|TTN|ENST00000360870|protein_coding|-|748E>748D|179650701C>A"
179650701,C,T,C,REF_outside_scope,,0,"synonymous|TTN|ENST00000342992|protein_coding|-|748E|179650701C>T,synonymous|TTN|ENST00000460472|protein_coding|-|702E|179650701C>T,synonymous|TTN|ENST00000589042|protein_coding|-|748E|179650701C>T,synonymous|TTN|ENST00000591111|protein_coding|-|748E|179650701C>T,synonymous|TTN|ENST00000342175|protein_coding|-|702E|179650701C>T,synonymous|TTN|ENST00000359218|protein_coding|-|702E|179650701C>T,synonymous|TTN|ENST00000360870|protein_coding|-|748E|179650701C>T",
179650701,C,T,G,scored,0.34,0,"synonymous|TTN|ENST00000342992|protein_coding|-|748E|179650701C>T,synonymous|TTN|ENST00000460472|protein_coding|-|702E|179650701C>T,synonymous|TTN|ENST00000589042|protein_coding|-|748E|179650701C>T,synonymous|TTN|ENST00000591111|protein_coding|-|748E|179650701C>T,synonymous|TTN|ENST00000342175|protein_coding|-|702E|179650701C>T,synonymous|TTN|ENST00000359218|protein_coding|-|702E|179650701C>T,synonymous|TTN|ENST00000360870|protein_coding|-|748E|179650701C>T","missense|TTN|ENST00000342992|protein_coding|-|748E>748D|179650701C>G,missense|TTN|ENST00000460472|protein_coding|-|702E>702D|179650701C>G,missense|TTN|ENST00000589042|protein_coding|-|748E>748D|179650701C>G,missense|TTN|ENST00000591111|protein_coding|-|748E>748D|179650701C>G,missense|TTN|ENST00000342175|protein_coding|-|702E>702D|179650701C>G,missense|TTN|ENST00000359218|protein_coding|-|702E>702D|179650701C>G,missense|TTN|ENST00000360870|protein_coding|-|748E>748D|179650701C>G"
